company,linkedin_ids,linkedin_url,levels_slug,levels_status,base,total,years_experience,level,city,reported,source,source_url,date,notes,website,careers_url,hq_city,hq_country,employees,sector,year_founded,about
2am.tech,,https://www.linkedin.com/company/2amtech,2amtech,resolved,89454,89454,15,Architect,Valencia,2026-09,levels.fyi,https://www.levels.fyi/companies/2amtech/salaries/software-engineer/locations/spain,2026-10-06,,,,,,,,,
Abbott,,https://www.linkedin.com/company/abbott-,abbott,resolved,50000,50000,16,Software Engineer II,Madrid,2025-05,levels.fyi,https://www.levels.fyi/companies/abbott/salaries/software-engineer/locations/spain,2026-10-06,,,,,,,,,
Acai Travel,,https://www.linkedin.com/company/acai-travel,acai-travel,resolved,55000,55000,5,,Barcelona,2026-07,levels.fyi,https://www.levels.fyi/companies/acai-travel/salaries/software-engineer/locations/spain,2026-10-06,,,,,,,,,
Activision Blizzard,15415277,https://www.linkedin.com/company/activision-blizzard,activision-blizzard,resolved,83000,83000,20,L3,Barcelona,2023-09,levels.fyi,https://www.levels.fyi/companies/activision-blizzard/salaries/software-engineer/locations/spain,2026-10-06,,,,,,,,,
Activision Blizzard,15415277,https://www.linkedin.com/company/activision-blizzard,activision-blizzard,resolved,76000,88000,12,Senior,Barcelona,2023-09,levels.fyi,https://www.levels.fyi/companies/activision-blizzard/salaries/software-engineer/locations/spain,2026-10-06,,,,,,,,,
Activision Blizzard,15415277,https://www.linkedin.com/company/activision-blizzard,activision-blizzard,resolved,75000,103000,13,Principal Engineer,Barcelona,2022-08,levels.fyi,https://www.levels.fyi/companies/activision-blizzard/salaries/software-engineer/locations/spain,2026-10-06,,,,,,,,,
Activision Blizzard,15415277,https://www.linkedin.com/company/activision-blizzard,activision-blizzard,resolved,66999,76999,6,L5,Barcelona,2022-03,levels.fyi,https://www.levels.fyi/companies/activision-blizzard/salaries/software-engineer/locations/spain,2026-10-06,,,,,,,,,
Activision Blizzard,15415277,https://www.linkedin.com/company/activision-blizzard,activision-blizzard,resolved,65000,75000,5,Senior,Barcelona,2023-03,levels.fyi,https://www.levels.fyi/companies/activision-blizzard/salaries/software-engineer/locations/spain,2026-10-06,,,,,,,,,
Activision Blizzard,15415277,https://www.linkedin.com/company/activision-blizzard,activision-blizzard,resolved,60000,68000,9,,Barcelona,2023-09,levels.fyi,https://www.levels.fyi/companies/activision-blizzard/salaries/software-engineer/locations/spain,2026-10-06,,,,,,,,,
Activision Blizzard,15415277,https://www.linkedin.com/company/activision-blizzard,activision-blizzard,resolved,59000,75000,10,Principal,Barcelona,2021-04,levels.fyi,https://www.levels.fyi/companies/activision-blizzard/salaries/software-engineer/locations/spain,2026-10-06,,,,,,,,,
Adevinta,13981593|13981594,https://www.linkedin.com/company/adevinta,adevinta,resolved,95000,95000,15,13,Barcelona,2024-10,levels.fyi,https://www.levels.fyi/companies/adevinta/salaries/software-engineer/locations/spain,2026-10-06,,https://www.adevinta.com,,Barcelona,ES,"1,001-10,000",internet,2019,
Adevinta,13981593|13981594,https://www.linkedin.com/company/adevinta,adevinta,resolved,78000,89000,15,12,Barcelona,2025-07,levels.fyi,https://www.levels.fyi/companies/adevinta/salaries/software-engineer/locations/spain,2026-10-06,,https://www.adevinta.com,,Barcelona,ES,"1,001-10,000",internet,2019,
Adevinta,13981593|13981594,https://www.linkedin.com/company/adevinta,adevinta,resolved,77000,99000,10,13,Barcelona,2024-07,levels.fyi,https://www.levels.fyi/companies/adevinta/salaries/software-engineer/locations/spain,2026-10-06,,https://www.adevinta.com,,Barcelona,ES,"1,001-10,000",internet,2019,
Adevinta,13981593|13981594,https://www.linkedin.com/company/adevinta,adevinta,resolved,77000,89000,16,12,Barcelona,2024-05,levels.fyi,https://www.levels.fyi/companies/adevinta/salaries/software-engineer/locations/spain,2026-10-06,,https://www.adevinta.com,,Barcelona,ES,"1,001-10,000",internet,2019,
Adevinta,13981593|13981594,https://www.linkedin.com/company/adevinta,adevinta,resolved,77000,89000,15,11,Barcelona,2026-02,levels.fyi,https://www.levels.fyi/companies/adevinta/salaries/software-engineer/locations/spain,2026-10-06,,https://www.adevinta.com,,Barcelona,ES,"1,001-10,000",internet,2019,
Adevinta,13981593|13981594,https://www.linkedin.com/company/adevinta,adevinta,resolved,77000,89000,11,12,Barcelona,2025-01,levels.fyi,https://www.levels.fyi/companies/adevinta/salaries/software-engineer/locations/spain,2026-10-06,,https://www.adevinta.com,,Barcelona,ES,"1,001-10,000",internet,2019,
Adevinta,13981593|13981594,https://www.linkedin.com/company/adevinta,adevinta,resolved,77000,77000,11,12,Barcelona,2024-07,levels.fyi,https://www.levels.fyi/companies/adevinta/salaries/software-engineer/locations/spain,2026-10-06,,https://www.adevinta.com,,Barcelona,ES,"1,001-10,000",internet,2019,
Adevinta,13981593|13981594,https://www.linkedin.com/company/adevinta,adevinta,resolved,76000,87000,20,12,Barcelona,2024-07,levels.fyi,https://www.levels.fyi/companies/adevinta/salaries/software-engineer/locations/spain,2026-10-06,,https://www.adevinta.com,,Barcelona,ES,"1,001-10,000",internet,2019,
Adevinta,13981593|13981594,https://www.linkedin.com/company/adevinta,adevinta,resolved,75000,105000,7,L3,Barcelona,2023-04,levels.fyi,https://www.levels.fyi/companies/adevinta/salaries/software-engineer/locations/spain,2026-10-06,,https://www.adevinta.com,,Barcelona,ES,"1,001-10,000",internet,2019,
Adevinta,13981593|13981594,https://www.linkedin.com/company/adevinta,adevinta,resolved,75000,90000,15,13,Barcelona,2025-09,levels.fyi,https://www.levels.fyi/companies/adevinta/salaries/software-engineer/locations/spain,2026-10-06,,https://www.adevinta.com,,Barcelona,ES,"1,001-10,000",internet,2019,
Adevinta,13981593|13981594,https://www.linkedin.com/company/adevinta,adevinta,resolved,75000,87000,12,Senior,Barcelona,2022-09,levels.fyi,https://www.levels.fyi/companies/adevinta/salaries/software-engineer/locations/spain,2026-10-06,,https://www.adevinta.com,,Barcelona,ES,"1,001-10,000",internet,2019,
Adevinta,13981593|13981594,https://www.linkedin.com/company/adevinta,adevinta,resolved,75000,85000,15,12,Barcelona,2023-09,levels.fyi,https://www.levels.fyi/companies/adevinta/salaries/software-engineer/locations/spain,2026-10-06,,https://www.adevinta.com,,Barcelona,ES,"1,001-10,000",internet,2019,
Adevinta,13981593|13981594,https://www.linkedin.com/company/adevinta,adevinta,resolved,75000,75000,10,13,Barcelona,2024-08,levels.fyi,https://www.levels.fyi/companies/adevinta/salaries/software-engineer/locations/spain,2026-10-06,,https://www.adevinta.com,,Barcelona,ES,"1,001-10,000",internet,2019,
Adevinta,13981593|13981594,https://www.linkedin.com/company/adevinta,adevinta,resolved,73000,84000,6,12,Barcelona,2024-07,levels.fyi,https://www.levels.fyi/companies/adevinta/salaries/software-engineer/locations/spain,2026-10-06,,https://www.adevinta.com,,Barcelona,ES,"1,001-10,000",internet,2019,
Adevinta,13981593|13981594,https://www.linkedin.com/company/adevinta,adevinta,resolved,72000,83000,10,13,Barcelona,2022-01,levels.fyi,https://www.levels.fyi/companies/adevinta/salaries/software-engineer/locations/spain,2026-10-06,,https://www.adevinta.com,,Barcelona,ES,"1,001-10,000",internet,2019,
Adevinta,13981593|13981594,https://www.linkedin.com/company/adevinta,adevinta,resolved,71000,82000,12,Staff,Barcelona,2022-10,levels.fyi,https://www.levels.fyi/companies/adevinta/salaries/software-engineer/locations/spain,2026-10-06,,https://www.adevinta.com,,Barcelona,ES,"1,001-10,000",internet,2019,
Adevinta,13981593|13981594,https://www.linkedin.com/company/adevinta,adevinta,resolved,70000,76000,22,Senior,Barcelona,2023-01,levels.fyi,https://www.levels.fyi/companies/adevinta/salaries/software-engineer/locations/spain,2026-10-06,,https://www.adevinta.com,,Barcelona,ES,"1,001-10,000",internet,2019,
Adevinta,13981593|13981594,https://www.linkedin.com/company/adevinta,adevinta,resolved,70000,70000,20,13,Barcelona,2022-09,levels.fyi,https://www.levels.fyi/companies/adevinta/salaries/software-engineer/locations/spain,2026-10-06,,https://www.adevinta.com,,Barcelona,ES,"1,001-10,000",internet,2019,
Adevinta,13981593|13981594,https://www.linkedin.com/company/adevinta,adevinta,resolved,68000,76000,25,13,Barcelona,2023-10,levels.fyi,https://www.levels.fyi/companies/adevinta/salaries/software-engineer/locations/spain,2026-10-06,,https://www.adevinta.com,,Barcelona,ES,"1,001-10,000",internet,2019,
Adevinta,13981593|13981594,https://www.linkedin.com/company/adevinta,adevinta,resolved,66000,76000,15,Senior SWE,Barcelona,2021-02,levels.fyi,https://www.levels.fyi/companies/adevinta/salaries/software-engineer/locations/spain,2026-10-06,,https://www.adevinta.com,,Barcelona,ES,"1,001-10,000",internet,2019,
Adevinta,13981593|13981594,https://www.linkedin.com/company/adevinta,adevinta,resolved,66000,76000,11,13,Barcelona,2023-10,levels.fyi,https://www.levels.fyi/companies/adevinta/salaries/software-engineer/locations/spain,2026-10-06,,https://www.adevinta.com,,Barcelona,ES,"1,001-10,000",internet,2019,
Adevinta,13981593|13981594,https://www.linkedin.com/company/adevinta,adevinta,resolved,66000,76000,11,13,Barcelona,2023-08,levels.fyi,https://www.levels.fyi/companies/adevinta/salaries/software-engineer/locations/spain,2026-10-06,,https://www.adevinta.com,,Barcelona,ES,"1,001-10,000",internet,2019,
Adevinta,13981593|13981594,https://www.linkedin.com/company/adevinta,adevinta,resolved,66000,66000,15,L6,Barcelona,2026-03,levels.fyi,https://www.levels.fyi/companies/adevinta/salaries/software-engineer/locations/spain,2026-10-06,,https://www.adevinta.com,,Barcelona,ES,"1,001-10,000",internet,2019,
Adevinta,13981593|13981594,https://www.linkedin.com/company/adevinta,adevinta,resolved,65000,75000,12,12,Barcelona,2023-05,levels.fyi,https://www.levels.fyi/companies/adevinta/salaries/software-engineer/locations/spain,2026-10-06,,https://www.adevinta.com,,Barcelona,ES,"1,001-10,000",internet,2019,
Adevinta,13981593|13981594,https://www.linkedin.com/company/adevinta,adevinta,resolved,65000,72000,5,11,Barcelona,2022-09,levels.fyi,https://www.levels.fyi/companies/adevinta/salaries/software-engineer/locations/spain,2026-10-06,,https://www.adevinta.com,,Barcelona,ES,"1,001-10,000",internet,2019,
Adevinta,13981593|13981594,https://www.linkedin.com/company/adevinta,adevinta,resolved,64000,84000,9,13,Barcelona,2023-10,levels.fyi,https://www.levels.fyi/companies/adevinta/salaries/software-engineer/locations/spain,2026-10-06,,https://www.adevinta.com,,Barcelona,ES,"1,001-10,000",internet,2019,
Adevinta,13981593|13981594,https://www.linkedin.com/company/adevinta,adevinta,resolved,64000,74000,15,13,Barcelona,2025-10,levels.fyi,https://www.levels.fyi/companies/adevinta/salaries/software-engineer/locations/spain,2026-10-06,,https://www.adevinta.com,,Barcelona,ES,"1,001-10,000",internet,2019,
Adevinta,13981593|13981594,https://www.linkedin.com/company/adevinta,adevinta,resolved,64000,70000,12,12,Barcelona,2025-12,levels.fyi,https://www.levels.fyi/companies/adevinta/salaries/software-engineer/locations/spain,2026-10-06,,https://www.adevinta.com,,Barcelona,ES,"1,001-10,000",internet,2019,
Adevinta,13981593|13981594,https://www.linkedin.com/company/adevinta,adevinta,resolved,63000,72000,10,Senior,Barcelona,2023-03,levels.fyi,https://www.levels.fyi/companies/adevinta/salaries/software-engineer/locations/spain,2026-10-06,,https://www.adevinta.com,,Barcelona,ES,"1,001-10,000",internet,2019,
Adevinta,13981593|13981594,https://www.linkedin.com/company/adevinta,adevinta,resolved,63000,63000,12,11,Barcelona,2025-02,levels.fyi,https://www.levels.fyi/companies/adevinta/salaries/software-engineer/locations/spain,2026-10-06,,https://www.adevinta.com,,Barcelona,ES,"1,001-10,000",internet,2019,
Adevinta,13981593|13981594,https://www.linkedin.com/company/adevinta,adevinta,resolved,62000,71000,6,12,Barcelona,2024-03,levels.fyi,https://www.levels.fyi/companies/adevinta/salaries/software-engineer/locations/spain,2026-10-06,,https://www.adevinta.com,,Barcelona,ES,"1,001-10,000",internet,2019,
Adevinta,13981593|13981594,https://www.linkedin.com/company/adevinta,adevinta,resolved,62000,62000,12,11,Barcelona,2022-07,levels.fyi,https://www.levels.fyi/companies/adevinta/salaries/software-engineer/locations/spain,2026-10-06,,https://www.adevinta.com,,Barcelona,ES,"1,001-10,000",internet,2019,
Adevinta,13981593|13981594,https://www.linkedin.com/company/adevinta,adevinta,resolved,61000,70000,10,12,Barcelona,2025-03,levels.fyi,https://www.levels.fyi/companies/adevinta/salaries/software-engineer/locations/spain,2026-10-06,,https://www.adevinta.com,,Barcelona,ES,"1,001-10,000",internet,2019,
Adevinta,13981593|13981594,https://www.linkedin.com/company/adevinta,adevinta,resolved,60400,60400,9,13,Barcelona,2021-07,levels.fyi,https://www.levels.fyi/companies/adevinta/salaries/software-engineer/locations/spain,2026-10-06,,https://www.adevinta.com,,Barcelona,ES,"1,001-10,000",internet,2019,
Adevinta,13981593|13981594,https://www.linkedin.com/company/adevinta,adevinta,resolved,60000,69000,20,12,Barcelona,2025-12,levels.fyi,https://www.levels.fyi/companies/adevinta/salaries/software-engineer/locations/spain,2026-10-06,,https://www.adevinta.com,,Barcelona,ES,"1,001-10,000",internet,2019,
Adevinta,13981593|13981594,https://www.linkedin.com/company/adevinta,adevinta,resolved,60000,66000,9,13,Barcelona,2022-11,levels.fyi,https://www.levels.fyi/companies/adevinta/salaries/software-engineer/locations/spain,2026-10-06,,https://www.adevinta.com,,Barcelona,ES,"1,001-10,000",internet,2019,
Adevinta,13981593|13981594,https://www.linkedin.com/company/adevinta,adevinta,resolved,60000,60000,8,13,Barcelona,2022-12,levels.fyi,https://www.levels.fyi/companies/adevinta/salaries/software-engineer/locations/spain,2026-10-06,,https://www.adevinta.com,,Barcelona,ES,"1,001-10,000",internet,2019,
Adevinta,13981593|13981594,https://www.linkedin.com/company/adevinta,adevinta,resolved,60000,60000,5,Senior,Barcelona,2022-08,levels.fyi,https://www.levels.fyi/companies/adevinta/salaries/software-engineer/locations/spain,2026-10-06,,https://www.adevinta.com,,Barcelona,ES,"1,001-10,000",internet,2019,
Adevinta,13981593|13981594,https://www.linkedin.com/company/adevinta,adevinta,resolved,59636,64898,5,11,Barcelona,2023-02,levels.fyi,https://www.levels.fyi/companies/adevinta/salaries/software-engineer/locations/spain,2026-10-06,,https://www.adevinta.com,,Barcelona,ES,"1,001-10,000",internet,2019,
Adevinta,13981593|13981594,https://www.linkedin.com/company/adevinta,adevinta,resolved,57000,66000,8,L3,Madrid,2024-10,levels.fyi,https://www.levels.fyi/companies/adevinta/salaries/software-engineer/locations/spain,2026-10-06,,https://www.adevinta.com,,Barcelona,ES,"1,001-10,000",internet,2019,
Adevinta,13981593|13981594,https://www.linkedin.com/company/adevinta,adevinta,resolved,57000,65000,7,12,Barcelona,2023-03,levels.fyi,https://www.levels.fyi/companies/adevinta/salaries/software-engineer/locations/spain,2026-10-06,,https://www.adevinta.com,,Barcelona,ES,"1,001-10,000",internet,2019,
Adevinta,13981593|13981594,https://www.linkedin.com/company/adevinta,adevinta,resolved,55000,63000,7,12,Barcelona,2024-10,levels.fyi,https://www.levels.fyi/companies/adevinta/salaries/software-engineer/locations/spain,2026-10-06,,https://www.adevinta.com,,Barcelona,ES,"1,001-10,000",internet,2019,
Adevinta,13981593|13981594,https://www.linkedin.com/company/adevinta,adevinta,resolved,55000,55000,10,13,Madrid,2024-06,levels.fyi,https://www.levels.fyi/companies/adevinta/salaries/software-engineer/locations/spain,2026-10-06,,https://www.adevinta.com,,Barcelona,ES,"1,001-10,000",internet,2019,
Adevinta,13981593|13981594,https://www.linkedin.com/company/adevinta,adevinta,resolved,54800,54800,25,12,Barcelona,2021-12,levels.fyi,https://www.levels.fyi/companies/adevinta/salaries/software-engineer/locations/spain,2026-10-06,,https://www.adevinta.com,,Barcelona,ES,"1,001-10,000",internet,2019,
Adevinta,13981593|13981594,https://www.linkedin.com/company/adevinta,adevinta,resolved,54400,56600,12,12,Barcelona,2023-12,levels.fyi,https://www.levels.fyi/companies/adevinta/salaries/software-engineer/locations/spain,2026-10-06,,https://www.adevinta.com,,Barcelona,ES,"1,001-10,000",internet,2019,
Adevinta,13981593|13981594,https://www.linkedin.com/company/adevinta,adevinta,resolved,54000,63000,23,12,Barcelona,2026-04,levels.fyi,https://www.levels.fyi/companies/adevinta/salaries/software-engineer/locations/spain,2026-10-06,,https://www.adevinta.com,,Barcelona,ES,"1,001-10,000",internet,2019,
Adevinta,13981593|13981594,https://www.linkedin.com/company/adevinta,adevinta,resolved,54000,62200,7,12,Barcelona,2024-03,levels.fyi,https://www.levels.fyi/companies/adevinta/salaries/software-engineer/locations/spain,2026-10-06,,https://www.adevinta.com,,Barcelona,ES,"1,001-10,000",internet,2019,
Adevinta,13981593|13981594,https://www.linkedin.com/company/adevinta,adevinta,resolved,54000,60000,8,Senior Software Engineer,Madrid,2022-12,levels.fyi,https://www.levels.fyi/companies/adevinta/salaries/software-engineer/locations/spain,2026-10-06,,https://www.adevinta.com,,Barcelona,ES,"1,001-10,000",internet,2019,
Adevinta,13981593|13981594,https://www.linkedin.com/company/adevinta,adevinta,resolved,53600,61800,5,Senior IC,Barcelona,2021-01,levels.fyi,https://www.levels.fyi/companies/adevinta/salaries/software-engineer/locations/spain,2026-10-06,,https://www.adevinta.com,,Barcelona,ES,"1,001-10,000",internet,2019,
Adevinta,13981593|13981594,https://www.linkedin.com/company/adevinta,adevinta,resolved,53400,61400,22,12,Barcelona,2025-03,levels.fyi,https://www.levels.fyi/companies/adevinta/salaries/software-engineer/locations/spain,2026-10-06,,https://www.adevinta.com,,Barcelona,ES,"1,001-10,000",internet,2019,
Adevinta,13981593|13981594,https://www.linkedin.com/company/adevinta,adevinta,resolved,53000,61000,22,12,Barcelona,2025-03,levels.fyi,https://www.levels.fyi/companies/adevinta/salaries/software-engineer/locations/spain,2026-10-06,,https://www.adevinta.com,,Barcelona,ES,"1,001-10,000",internet,2019,
Adevinta,13981593|13981594,https://www.linkedin.com/company/adevinta,adevinta,resolved,51800,59600,12,12,Barcelona,2024-08,levels.fyi,https://www.levels.fyi/companies/adevinta/salaries/software-engineer/locations/spain,2026-10-06,,https://www.adevinta.com,,Barcelona,ES,"1,001-10,000",internet,2019,
Adevinta,13981593|13981594,https://www.linkedin.com/company/adevinta,adevinta,resolved,51600,56800,10,11,Barcelona,2022-01,levels.fyi,https://www.levels.fyi/companies/adevinta/salaries/software-engineer/locations/spain,2026-10-06,,https://www.adevinta.com,,Barcelona,ES,"1,001-10,000",internet,2019,
Adevinta,13981593|13981594,https://www.linkedin.com/company/adevinta,adevinta,resolved,51400,51400,10,12,Barcelona,2022-05,levels.fyi,https://www.levels.fyi/companies/adevinta/salaries/software-engineer/locations/spain,2026-10-06,,https://www.adevinta.com,,Barcelona,ES,"1,001-10,000",internet,2019,
Adevinta,13981593|13981594,https://www.linkedin.com/company/adevinta,adevinta,resolved,51000,61000,10,12,Barcelona,2024-05,levels.fyi,https://www.levels.fyi/companies/adevinta/salaries/software-engineer/locations/spain,2026-10-06,,https://www.adevinta.com,,Barcelona,ES,"1,001-10,000",internet,2019,
Adevinta,13981593|13981594,https://www.linkedin.com/company/adevinta,adevinta,resolved,48000,53000,5,11,Barcelona,2023-10,levels.fyi,https://www.levels.fyi/companies/adevinta/salaries/software-engineer/locations/spain,2026-10-06,,https://www.adevinta.com,,Barcelona,ES,"1,001-10,000",internet,2019,
Adevinta,13981593|13981594,https://www.linkedin.com/company/adevinta,adevinta,resolved,48000,48000,11,11,Barcelona,2023-04,levels.fyi,https://www.levels.fyi/companies/adevinta/salaries/software-engineer/locations/spain,2026-10-06,,https://www.adevinta.com,,Barcelona,ES,"1,001-10,000",internet,2019,
Adevinta,13981593|13981594,https://www.linkedin.com/company/adevinta,adevinta,resolved,47000,51800,7,11,Barcelona,2026-05,levels.fyi,https://www.levels.fyi/companies/adevinta/salaries/software-engineer/locations/spain,2026-10-06,,https://www.adevinta.com,,Barcelona,ES,"1,001-10,000",internet,2019,
Adevinta,13981593|13981594,https://www.linkedin.com/company/adevinta,adevinta,resolved,45400,61800,5,Senior IC,Barcelona,2021-02,levels.fyi,https://www.levels.fyi/companies/adevinta/salaries/software-engineer/locations/spain,2026-10-06,,https://www.adevinta.com,,Barcelona,ES,"1,001-10,000",internet,2019,
Adevinta,13981593|13981594,https://www.linkedin.com/company/adevinta,adevinta,resolved,45000,49000,6,11,Barcelona,2025-07,levels.fyi,https://www.levels.fyi/companies/adevinta/salaries/software-engineer/locations/spain,2026-10-06,,https://www.adevinta.com,,Barcelona,ES,"1,001-10,000",internet,2019,
Adevinta,13981593|13981594,https://www.linkedin.com/company/adevinta,adevinta,resolved,44000,44000,7,12,Barcelona,2026-06,levels.fyi,https://www.levels.fyi/companies/adevinta/salaries/software-engineer/locations/spain,2026-10-06,,https://www.adevinta.com,,Barcelona,ES,"1,001-10,000",internet,2019,
Adevinta,13981593|13981594,https://www.linkedin.com/company/adevinta,adevinta,resolved,39000,43000,5,11,Barcelona,2025-01,levels.fyi,https://www.levels.fyi/companies/adevinta/salaries/software-engineer/locations/spain,2026-10-06,,https://www.adevinta.com,,Barcelona,ES,"1,001-10,000",internet,2019,
Adobe,1480,https://www.linkedin.com/company/adobe,adobe,resolved,128000,189000,20,Software Engineer 5,Madrid,2026-08,levels.fyi,https://www.levels.fyi/companies/adobe/salaries/software-engineer/locations/spain,2026-10-06,,,,,,,,,
Adobe,1480,https://www.linkedin.com/company/adobe,adobe,resolved,115000,195750,20,Software Engineer 5,Madrid,2024-05,levels.fyi,https://www.levels.fyi/companies/adobe/salaries/software-engineer/locations/spain,2026-10-06,,,,,,,,,
Adobe,1480,https://www.linkedin.com/company/adobe,adobe,resolved,110000,172000,18,Software Engineer 5,Madrid,2022-08,levels.fyi,https://www.levels.fyi/companies/adobe/salaries/software-engineer/locations/spain,2026-10-06,,,,,,,,,
Adobe,1480,https://www.linkedin.com/company/adobe,adobe,resolved,110000,166000,18,Software Engineer 5,Madrid,2023-10,levels.fyi,https://www.levels.fyi/companies/adobe/salaries/software-engineer/locations/spain,2026-10-06,,,,,,,,,
Adobe,1480,https://www.linkedin.com/company/adobe,adobe,resolved,93000,144000,15,Software Engineer 4,Madrid,2022-04,levels.fyi,https://www.levels.fyi/companies/adobe/salaries/software-engineer/locations/spain,2026-10-06,,,,,,,,,
Adobe,1480,https://www.linkedin.com/company/adobe,adobe,resolved,91000,139650,18,Software Engineer 2,Madrid,2021-02,levels.fyi,https://www.levels.fyi/companies/adobe/salaries/software-engineer/locations/spain,2026-10-06,,,,,,,,,
Adobe,1480,https://www.linkedin.com/company/adobe,adobe,resolved,82000,145000,13,Software Engineer 5,Barcelona,2022-10,levels.fyi,https://www.levels.fyi/companies/adobe/salaries/software-engineer/locations/spain,2026-10-06,,,,,,,,,
Adyen,279565,https://www.linkedin.com/company/adyen,adyen,resolved,75000,90000,10,Software Engineer 2,Madrid,2025-12,levels.fyi,https://www.levels.fyi/companies/adyen/salaries/software-engineer/locations/spain,2026-10-06,,https://www.adyen.com,,Amsterdam,NL,"1,001-10,000",technology|e-commerce-marketplaces|information-technology-services|financial-services,2006,"Payment processing platform. Equity: Phantom Stock Plan vesting 25,25,25,25|25/1,25/12,25/12,25/12."
Adyen,279565,https://www.linkedin.com/company/adyen,adyen,resolved,72000,72000,15,Senior Software Engineer,Madrid,2024-08,levels.fyi,https://www.levels.fyi/companies/adyen/salaries/software-engineer/locations/spain,2026-10-06,,https://www.adyen.com,,Amsterdam,NL,"1,001-10,000",technology|e-commerce-marketplaces|information-technology-services|financial-services,2006,"Payment processing platform. Equity: Phantom Stock Plan vesting 25,25,25,25|25/1,25/12,25/12,25/12."
Adyen,279565,https://www.linkedin.com/company/adyen,adyen,resolved,68000,89000,7,L2,Madrid,2026-06,levels.fyi,https://www.levels.fyi/companies/adyen/salaries/software-engineer/locations/spain,2026-10-06,,https://www.adyen.com,,Amsterdam,NL,"1,001-10,000",technology|e-commerce-marketplaces|information-technology-services|financial-services,2006,"Payment processing platform. Equity: Phantom Stock Plan vesting 25,25,25,25|25/1,25/12,25/12,25/12."
"Aetion, a Datavant Company",6576393,https://www.linkedin.com/company/aetion-inc-,aetion,resolved,145000,160000,11+,,Barcelona,2023-10,levels.fyi,https://www.levels.fyi/companies/aetion/salaries/software-engineer/locations/spain,2026-10-06,,,,,,,,,
"Aetion, a Datavant Company",6576393,https://www.linkedin.com/company/aetion-inc-,aetion,resolved,85000,93500,11+,,Barcelona,2025-07,levels.fyi,https://www.levels.fyi/companies/aetion/salaries/software-engineer/locations/spain,2026-10-06,,,,,,,,,
"Aetion, a Datavant Company",6576393,https://www.linkedin.com/company/aetion-inc-,aetion,resolved,85000,85000,15,Senior,Barcelona,2024-03,levels.fyi,https://www.levels.fyi/companies/aetion/salaries/software-engineer/locations/spain,2026-10-06,,,,,,,,,
Affirm,2963249,https://www.linkedin.com/company/affirm,affirm,resolved,103000,163300,14,L7,Barcelona,2024-08,levels.fyi,https://www.levels.fyi/companies/affirm/salaries/software-engineer/locations/spain,2026-10-06,,,,,,,,,
Affirm,2963249,https://www.linkedin.com/company/affirm,affirm,resolved,95000,117000,5,L6,Barcelona,2025-12,levels.fyi,https://www.levels.fyi/companies/affirm/salaries/software-engineer/locations/spain,2026-10-06,,,,,,,,,
Affirm,2963249,https://www.linkedin.com/company/affirm,affirm,resolved,94000,138000,10,L6,Barcelona,2025-07,levels.fyi,https://www.levels.fyi/companies/affirm/salaries/software-engineer/locations/spain,2026-10-06,,,,,,,,,
Affirm,2963249,https://www.linkedin.com/company/affirm,affirm,resolved,94000,125000,10,L6,Madrid,2026-09,levels.fyi,https://www.levels.fyi/companies/affirm/salaries/software-engineer/locations/spain,2026-10-06,,,,,,,,,
Affirm,2963249,https://www.linkedin.com/company/affirm,affirm,resolved,94000,104000,15,Senior,Madrid,2026-09,levels.fyi,https://www.levels.fyi/companies/affirm/salaries/software-engineer/locations/spain,2026-10-06,,,,,,,,,
Affirm,2963249,https://www.linkedin.com/company/affirm,affirm,resolved,90000,120000,6,L6,Madrid,2026-01,levels.fyi,https://www.levels.fyi/companies/affirm/salaries/software-engineer/locations/spain,2026-10-06,,,,,,,,,
Affirm,2963249,https://www.linkedin.com/company/affirm,affirm,resolved,90000,107000,7,L6,Barcelona,2025-10,levels.fyi,https://www.levels.fyi/companies/affirm/salaries/software-engineer/locations/spain,2026-10-06,,,,,,,,,
Affirm,2963249,https://www.linkedin.com/company/affirm,affirm,resolved,84000,124000,5,L5,Madrid,2026-08,levels.fyi,https://www.levels.fyi/companies/affirm/salaries/software-engineer/locations/spain,2026-10-06,,,,,,,,,
Affirm,2963249,https://www.linkedin.com/company/affirm,affirm,resolved,76000,106000,5,L5,Madrid,2026-04,levels.fyi,https://www.levels.fyi/companies/affirm/salaries/software-engineer/locations/spain,2026-10-06,,,,,,,,,
Affirm,2963249,https://www.linkedin.com/company/affirm,affirm,resolved,75000,75000,20,L6,Madrid,2022-08,levels.fyi,https://www.levels.fyi/companies/affirm/salaries/software-engineer/locations/spain,2026-10-06,,,,,,,,,
Affirm,2963249,https://www.linkedin.com/company/affirm,affirm,resolved,74000,104000,5,L5,Madrid,2026-06,levels.fyi,https://www.levels.fyi/companies/affirm/salaries/software-engineer/locations/spain,2026-10-06,,,,,,,,,
Affirm,2963249,https://www.linkedin.com/company/affirm,affirm,resolved,74000,89000,5,L5,Madrid,2026-08,levels.fyi,https://www.levels.fyi/companies/affirm/salaries/software-engineer/locations/spain,2026-10-06,,,,,,,,,
Aily Labs,,https://www.linkedin.com/company/ailylabs,aily-labs,resolved,93000,108000,8,Principal,Barcelona,2026-08,levels.fyi,https://www.levels.fyi/companies/aily-labs/salaries/software-engineer/locations/spain,2026-10-06,,https://ailylabs.com,https://www.ailylabs.com/careers,Amsterdam,,"201-1,000",artificial-intelligence|data-analytics|saas,2019,
Aily Labs,,https://www.linkedin.com/company/ailylabs,aily-labs,resolved,62000,62000,7,L2,Barcelona,2024-09,levels.fyi,https://www.levels.fyi/companies/aily-labs/salaries/software-engineer/locations/spain,2026-10-06,,https://ailylabs.com,https://www.ailylabs.com/careers,Amsterdam,,"201-1,000",artificial-intelligence|data-analytics|saas,2019,
Aircall,,https://www.linkedin.com/company/aircall,aircall,resolved,70000,70000,10,L3,Madrid,2024-03,levels.fyi,https://www.levels.fyi/companies/aircall/salaries/software-engineer/locations/spain,2026-10-06,,,,,,,,,
Aircall,,https://www.linkedin.com/company/aircall,aircall,resolved,65000,65000,8,Senior,Madrid,2023-02,levels.fyi,https://www.levels.fyi/companies/aircall/salaries/software-engineer/locations/spain,2026-10-06,,,,,,,,,
Aircall,,https://www.linkedin.com/company/aircall,aircall,resolved,65000,65000,7,Senior,Madrid,2025-01,levels.fyi,https://www.levels.fyi/companies/aircall/salaries/software-engineer/locations/spain,2026-10-06,,,,,,,,,
Aircall,,https://www.linkedin.com/company/aircall,aircall,resolved,61500,64500,7,L3,Madrid,2025-12,levels.fyi,https://www.levels.fyi/companies/aircall/salaries/software-engineer/locations/spain,2026-10-06,,,,,,,,,
Aircall,,https://www.linkedin.com/company/aircall,aircall,resolved,55000,55600,10,L3,Madrid,2023-08,levels.fyi,https://www.levels.fyi/companies/aircall/salaries/software-engineer/locations/spain,2026-10-06,,,,,,,,,
Aircall,,https://www.linkedin.com/company/aircall,aircall,resolved,55000,55000,10,L2,Madrid,2022-10,levels.fyi,https://www.levels.fyi/companies/aircall/salaries/software-engineer/locations/spain,2026-10-06,,,,,,,,,
Akamai Technologies,3925,https://www.linkedin.com/company/akamai-technologies,akamai,resolved,111000,151000,15,Principal Software Engineer,Madrid,2024-07,levels.fyi,https://www.levels.fyi/companies/akamai/salaries/software-engineer/locations/spain,2026-10-06,,,,,,,,,
Akamai Technologies,3925,https://www.linkedin.com/company/akamai-technologies,akamai,resolved,100000,106667,6,Software Engineer 2,Madrid,2024-12,levels.fyi,https://www.levels.fyi/companies/akamai/salaries/software-engineer/locations/spain,2026-10-06,,,,,,,,,
Akamai Technologies,3925,https://www.linkedin.com/company/akamai-technologies,akamai,resolved,78000,98700,5,Senior Software Engineer 1,Madrid,2025-01,levels.fyi,https://www.levels.fyi/companies/akamai/salaries/software-engineer/locations/spain,2026-10-06,,,,,,,,,
Akamai Technologies,3925,https://www.linkedin.com/company/akamai-technologies,akamai,resolved,70000,80000,6,Software Engineer 1,Madrid,2026-01,levels.fyi,https://www.levels.fyi/companies/akamai/salaries/software-engineer/locations/spain,2026-10-06,,,,,,,,,
Akamai Technologies,3925,https://www.linkedin.com/company/akamai-technologies,akamai,resolved,70000,80000,5,Senior Software Engineer 1,Madrid,2025-11,levels.fyi,https://www.levels.fyi/companies/akamai/salaries/software-engineer/locations/spain,2026-10-06,,,,,,,,,
Akamai Technologies,3925,https://www.linkedin.com/company/akamai-technologies,akamai,resolved,70000,80000,5,Software Engineer 1,Madrid,2025-11,levels.fyi,https://www.levels.fyi/companies/akamai/salaries/software-engineer/locations/spain,2026-10-06,,,,,,,,,
Akamai Technologies,3925,https://www.linkedin.com/company/akamai-technologies,akamai,resolved,60000,67000,15,Senior Software Engineer 1,Barcelona,2025-12,levels.fyi,https://www.levels.fyi/companies/akamai/salaries/software-engineer/locations/spain,2026-10-06,,,,,,,,,
Align Technology,6867,https://www.linkedin.com/company/align-technology,align-technology,resolved,99000,137000,10,Expert Software Engineer,Madrid,2026-04,levels.fyi,https://www.levels.fyi/companies/align-technology/salaries/software-engineer/locations/spain,2026-10-06,,,,,,,,,
Align Technology,6867,https://www.linkedin.com/company/align-technology,align-technology,resolved,87000,137000,20,Senior,Madrid,2023-12,levels.fyi,https://www.levels.fyi/companies/align-technology/salaries/software-engineer/locations/spain,2026-10-06,,,,,,,,,
Align Technology,6867,https://www.linkedin.com/company/align-technology,align-technology,resolved,87000,87000,20,Senior DevOps Engineer,Madrid,2023-02,levels.fyi,https://www.levels.fyi/companies/align-technology/salaries/software-engineer/locations/spain,2026-10-06,,,,,,,,,
Align Technology,6867,https://www.linkedin.com/company/align-technology,align-technology,resolved,82000,119000,10,L7,Madrid,2025-01,levels.fyi,https://www.levels.fyi/companies/align-technology/salaries/software-engineer/locations/spain,2026-10-06,,,,,,,,,
Align Technology,6867,https://www.linkedin.com/company/align-technology,align-technology,resolved,80000,112000,10,L7,Madrid,2024-08,levels.fyi,https://www.levels.fyi/companies/align-technology/salaries/software-engineer/locations/spain,2026-10-06,,,,,,,,,
Align Technology,6867,https://www.linkedin.com/company/align-technology,align-technology,resolved,78000,86000,7,L3,Madrid,2023-08,levels.fyi,https://www.levels.fyi/companies/align-technology/salaries/software-engineer/locations/spain,2026-10-06,,,,,,,,,
Align Technology,6867,https://www.linkedin.com/company/align-technology,align-technology,resolved,74000,84000,6,L7,Madrid,2024-02,levels.fyi,https://www.levels.fyi/companies/align-technology/salaries/software-engineer/locations/spain,2026-10-06,,,,,,,,,
Align Technology,6867,https://www.linkedin.com/company/align-technology,align-technology,resolved,74000,74000,13,L7,Madrid,2024-10,levels.fyi,https://www.levels.fyi/companies/align-technology/salaries/software-engineer/locations/spain,2026-10-06,,,,,,,,,
Align Technology,6867,https://www.linkedin.com/company/align-technology,align-technology,resolved,72000,82000,9,L7,Madrid,2023-11,levels.fyi,https://www.levels.fyi/companies/align-technology/salaries/software-engineer/locations/spain,2026-10-06,,,,,,,,,
Align Technology,6867,https://www.linkedin.com/company/align-technology,align-technology,resolved,72000,72000,10,L7,Madrid,2025-12,levels.fyi,https://www.levels.fyi/companies/align-technology/salaries/software-engineer/locations/spain,2026-10-06,,,,,,,,,
Align Technology,6867,https://www.linkedin.com/company/align-technology,align-technology,resolved,65000,74000,6,L5,Madrid,2024-09,levels.fyi,https://www.levels.fyi/companies/align-technology/salaries/software-engineer/locations/spain,2026-10-06,,,,,,,,,
Align Technology,6867,https://www.linkedin.com/company/align-technology,align-technology,resolved,65000,71000,7,L5,Madrid,2023-12,levels.fyi,https://www.levels.fyi/companies/align-technology/salaries/software-engineer/locations/spain,2026-10-06,,,,,,,,,
Align Technology,6867,https://www.linkedin.com/company/align-technology,align-technology,resolved,65000,65000,7,L7,Madrid,2024-01,levels.fyi,https://www.levels.fyi/companies/align-technology/salaries/software-engineer/locations/spain,2026-10-06,,,,,,,,,
Allianz,2979|3964931,https://www.linkedin.com/company/allianz,allianz,resolved,75000,85000,8,Senior,Madrid,2026-05,levels.fyi,https://www.levels.fyi/companies/allianz/salaries/software-engineer/locations/spain,2026-10-06,,,,,,,,,
Allianz,2979|3964931,https://www.linkedin.com/company/allianz,allianz,resolved,75000,83000,7,Senior,Madrid,2026-08,levels.fyi,https://www.levels.fyi/companies/allianz/salaries/software-engineer/locations/spain,2026-10-06,,,,,,,,,
Allianz,2979|3964931,https://www.linkedin.com/company/allianz,allianz,resolved,63000,68000,7,GIn 3,Barcelona,2026-03,levels.fyi,https://www.levels.fyi/companies/allianz/salaries/software-engineer/locations/spain,2026-10-06,,,,,,,,,
Allianz,2979|3964931,https://www.linkedin.com/company/allianz,allianz,resolved,60000,60000,11+,,Barcelona,2025-07,levels.fyi,https://www.levels.fyi/companies/allianz/salaries/software-engineer/locations/spain,2026-10-06,,,,,,,,,
Allianz,2979|3964931,https://www.linkedin.com/company/allianz,allianz,resolved,56000,56000,7,L3,Barcelona,2026-06,levels.fyi,https://www.levels.fyi/companies/allianz/salaries/software-engineer/locations/spain,2026-10-06,,,,,,,,,
Allianz,2979|3964931,https://www.linkedin.com/company/allianz,allianz,resolved,54000,54000,10,L3,Barcelona,2025-11,levels.fyi,https://www.levels.fyi/companies/allianz/salaries/software-engineer/locations/spain,2026-10-06,,,,,,,,,
Allianz,2979|3964931,https://www.linkedin.com/company/allianz,allianz,resolved,54000,54000,8,Senior,Barcelona,2025-07,levels.fyi,https://www.levels.fyi/companies/allianz/salaries/software-engineer/locations/spain,2026-10-06,,,,,,,,,
Allianz,2979|3964931,https://www.linkedin.com/company/allianz,allianz,resolved,50000,55000,5,Senior,Barcelona,2026-04,levels.fyi,https://www.levels.fyi/companies/allianz/salaries/software-engineer/locations/spain,2026-10-06,,,,,,,,,
Allianz,2979|3964931,https://www.linkedin.com/company/allianz,allianz,resolved,46000,50600,6,L3,Barcelona,2025-04,levels.fyi,https://www.levels.fyi/companies/allianz/salaries/software-engineer/locations/spain,2026-10-06,,,,,,,,,
Allianz,2979|3964931,https://www.linkedin.com/company/allianz,allianz,resolved,42000,42000,8,Senior,Barcelona,2025-07,levels.fyi,https://www.levels.fyi/companies/allianz/salaries/software-engineer/locations/spain,2026-10-06,,,,,,,,,
Amazon,1586|2382910,https://www.linkedin.com/company/amazon,amazon,resolved,130000,203750,10,SDE III,Barcelona,2024-09,levels.fyi,https://www.levels.fyi/companies/amazon/salaries/software-engineer/locations/spain,2026-10-06,,,,,,,,,
Amazon,1586|2382910,https://www.linkedin.com/company/amazon,amazon,resolved,120000,160000,7,SDE III,Madrid,2023-08,levels.fyi,https://www.levels.fyi/companies/amazon/salaries/software-engineer/locations/spain,2026-10-06,,,,,,,,,
Amazon,1586|2382910,https://www.linkedin.com/company/amazon,amazon,resolved,115000,170000,14,Principal SDE,Madrid,2026-06,levels.fyi,https://www.levels.fyi/companies/amazon/salaries/software-engineer/locations/spain,2026-10-06,,,,,,,,,
Amazon,1586|2382910,https://www.linkedin.com/company/amazon,amazon,resolved,110000,170000,17,SDE III,Madrid,2025-01,levels.fyi,https://www.levels.fyi/companies/amazon/salaries/software-engineer/locations/spain,2026-10-06,,,,,,,,,
Amazon,1586|2382910,https://www.linkedin.com/company/amazon,amazon,resolved,108000,200000,19,SDE III,Madrid,2025-01,levels.fyi,https://www.levels.fyi/companies/amazon/salaries/software-engineer/locations/spain,2026-10-06,,,,,,,,,
Amazon,1586|2382910,https://www.linkedin.com/company/amazon,amazon,resolved,105000,225000,18,SDE III,Madrid,2024-03,levels.fyi,https://www.levels.fyi/companies/amazon/salaries/software-engineer/locations/spain,2026-10-06,,,,,,,,,
Amazon,1586|2382910,https://www.linkedin.com/company/amazon,amazon,resolved,105000,189000,19,SDE III,Madrid,2025-12,levels.fyi,https://www.levels.fyi/companies/amazon/salaries/software-engineer/locations/spain,2026-10-06,,,,,,,,,
Amazon,1586|2382910,https://www.linkedin.com/company/amazon,amazon,resolved,102000,142000,18,SDE III,Madrid,2023-11,levels.fyi,https://www.levels.fyi/companies/amazon/salaries/software-engineer/locations/spain,2026-10-06,,,,,,,,,
Amazon,1586|2382910,https://www.linkedin.com/company/amazon,amazon,resolved,100000,130000,15,SDE III,Barcelona,2024-02,levels.fyi,https://www.levels.fyi/companies/amazon/salaries/software-engineer/locations/spain,2026-10-06,,,,,,,,,
Amazon,1586|2382910,https://www.linkedin.com/company/amazon,amazon,resolved,100000,130000,15,SDE III,Barcelona,2023-12,levels.fyi,https://www.levels.fyi/companies/amazon/salaries/software-engineer/locations/spain,2026-10-06,,,,,,,,,
Amazon,1586|2382910,https://www.linkedin.com/company/amazon,amazon,resolved,100000,100000,6,SDE II,Madrid,2023-08,levels.fyi,https://www.levels.fyi/companies/amazon/salaries/software-engineer/locations/spain,2026-10-06,,,,,,,,,
Amazon,1586|2382910,https://www.linkedin.com/company/amazon,amazon,resolved,98000,149000,7,SDE III,Barcelona,2023-10,levels.fyi,https://www.levels.fyi/companies/amazon/salaries/software-engineer/locations/spain,2026-10-06,,,,,,,,,
Amazon,1586|2382910,https://www.linkedin.com/company/amazon,amazon,resolved,96000,186000,12,SDE III,Barcelona,2025-11,levels.fyi,https://www.levels.fyi/companies/amazon/salaries/software-engineer/locations/spain,2026-10-06,,,,,,,,,
Amazon,1586|2382910,https://www.linkedin.com/company/amazon,amazon,resolved,96000,148000,18,SDE III,Madrid,2026-05,levels.fyi,https://www.levels.fyi/companies/amazon/salaries/software-engineer/locations/spain,2026-10-06,,,,,,,,,
Amazon,1586|2382910,https://www.linkedin.com/company/amazon,amazon,resolved,95000,185000,9,SDE III,Barcelona,2025-10,levels.fyi,https://www.levels.fyi/companies/amazon/salaries/software-engineer/locations/spain,2026-10-06,,,,,,,,,
Amazon,1586|2382910,https://www.linkedin.com/company/amazon,amazon,resolved,95000,115000,14,SDE III,Madrid,2024-11,levels.fyi,https://www.levels.fyi/companies/amazon/salaries/software-engineer/locations/spain,2026-10-06,,,,,,,,,
Amazon,1586|2382910,https://www.linkedin.com/company/amazon,amazon,resolved,94000,154000,6,SDE III,Madrid,2025-03,levels.fyi,https://www.levels.fyi/companies/amazon/salaries/software-engineer/locations/spain,2026-10-06,,,,,,,,,
Amazon,1586|2382910,https://www.linkedin.com/company/amazon,amazon,resolved,94000,134000,14,SDE III,Madrid,2025-05,levels.fyi,https://www.levels.fyi/companies/amazon/salaries/software-engineer/locations/spain,2026-10-06,,,,,,,,,
Amazon,1586|2382910,https://www.linkedin.com/company/amazon,amazon,resolved,93000,135000,15,SDE III,Madrid,2026-06,levels.fyi,https://www.levels.fyi/companies/amazon/salaries/software-engineer/locations/spain,2026-10-06,,,,,,,,,
Amazon,1586|2382910,https://www.linkedin.com/company/amazon,amazon,resolved,92000,142000,15,SDE III,Madrid,2023-10,levels.fyi,https://www.levels.fyi/companies/amazon/salaries/software-engineer/locations/spain,2026-10-06,,,,,,,,,
Amazon,1586|2382910,https://www.linkedin.com/company/amazon,amazon,resolved,90000,180000,8,SDE III,Madrid,2024-11,levels.fyi,https://www.levels.fyi/companies/amazon/salaries/software-engineer/locations/spain,2026-10-06,,,,,,,,,
Amazon,1586|2382910,https://www.linkedin.com/company/amazon,amazon,resolved,90000,140000,8,SDE III,Madrid,2024-05,levels.fyi,https://www.levels.fyi/companies/amazon/salaries/software-engineer/locations/spain,2026-10-06,,,,,,,,,
Amazon,1586|2382910,https://www.linkedin.com/company/amazon,amazon,resolved,90000,140000,8,SDE III,Madrid,2023-10,levels.fyi,https://www.levels.fyi/companies/amazon/salaries/software-engineer/locations/spain,2026-10-06,,,,,,,,,
Amazon,1586|2382910,https://www.linkedin.com/company/amazon,amazon,resolved,90000,130000,20,SDE III,Madrid,2026-09,levels.fyi,https://www.levels.fyi/companies/amazon/salaries/software-engineer/locations/spain,2026-10-06,,,,,,,,,
Amazon,1586|2382910,https://www.linkedin.com/company/amazon,amazon,resolved,90000,116000,8,SDE III,Madrid,2023-08,levels.fyi,https://www.levels.fyi/companies/amazon/salaries/software-engineer/locations/spain,2026-10-06,,,,,,,,,
Amazon,1586|2382910,https://www.linkedin.com/company/amazon,amazon,resolved,86000,166000,10,SDE III,Barcelona,2025-02,levels.fyi,https://www.levels.fyi/companies/amazon/salaries/software-engineer/locations/spain,2026-10-06,,,,,,,,,
Amazon,1586|2382910,https://www.linkedin.com/company/amazon,amazon,resolved,86000,166000,10,SDE III,Barcelona,2025-02,levels.fyi,https://www.levels.fyi/companies/amazon/salaries/software-engineer/locations/spain,2026-10-06,,,,,,,,,
Amazon,1586|2382910,https://www.linkedin.com/company/amazon,amazon,resolved,85000,134000,7,SDE III,Madrid,2025-08,levels.fyi,https://www.levels.fyi/companies/amazon/salaries/software-engineer/locations/spain,2026-10-06,,,,,,,,,
Amazon,1586|2382910,https://www.linkedin.com/company/amazon,amazon,resolved,85000,125000,10,SDE III,Madrid,2026-01,levels.fyi,https://www.levels.fyi/companies/amazon/salaries/software-engineer/locations/spain,2026-10-06,,,,,,,,,
Amazon,1586|2382910,https://www.linkedin.com/company/amazon,amazon,resolved,85000,125000,7,SDE II,Madrid,2025-12,levels.fyi,https://www.levels.fyi/companies/amazon/salaries/software-engineer/locations/spain,2026-10-06,,,,,,,,,
Amazon,1586|2382910,https://www.linkedin.com/company/amazon,amazon,resolved,85000,125000,7,SDE III,Madrid,2025-08,levels.fyi,https://www.levels.fyi/companies/amazon/salaries/software-engineer/locations/spain,2026-10-06,,,,,,,,,
Amazon,1586|2382910,https://www.linkedin.com/company/amazon,amazon,resolved,85000,125000,7,SDE III,Madrid,2024-10,levels.fyi,https://www.levels.fyi/companies/amazon/salaries/software-engineer/locations/spain,2026-10-06,,,,,,,,,
Amazon,1586|2382910,https://www.linkedin.com/company/amazon,amazon,resolved,85000,115000,9,SDE III,Madrid,2025-11,levels.fyi,https://www.levels.fyi/companies/amazon/salaries/software-engineer/locations/spain,2026-10-06,,,,,,,,,
Amazon,1586|2382910,https://www.linkedin.com/company/amazon,amazon,resolved,85000,95000,7,SDE II,Madrid,2025-08,levels.fyi,https://www.levels.fyi/companies/amazon/salaries/software-engineer/locations/spain,2026-10-06,,,,,,,,,
Amazon,1586|2382910,https://www.linkedin.com/company/amazon,amazon,resolved,85000,85000,9,SDE III,Madrid,2025-11,levels.fyi,https://www.levels.fyi/companies/amazon/salaries/software-engineer/locations/spain,2026-10-06,,,,,,,,,
Amazon,1586|2382910,https://www.linkedin.com/company/amazon,amazon,resolved,84000,134000,14,SDE III,Madrid,2025-05,levels.fyi,https://www.levels.fyi/companies/amazon/salaries/software-engineer/locations/spain,2026-10-06,,,,,,,,,
Amazon,1586|2382910,https://www.linkedin.com/company/amazon,amazon,resolved,84000,130000,17,SDE III,Madrid,2025-06,levels.fyi,https://www.levels.fyi/companies/amazon/salaries/software-engineer/locations/spain,2026-10-06,,,,,,,,,
Amazon,1586|2382910,https://www.linkedin.com/company/amazon,amazon,resolved,84000,130000,11,SDE III,Barcelona,2023-08,levels.fyi,https://www.levels.fyi/companies/amazon/salaries/software-engineer/locations/spain,2026-10-06,,,,,,,,,
Amazon,1586|2382910,https://www.linkedin.com/company/amazon,amazon,resolved,84000,106000,11,SDE III,Barcelona,2023-08,levels.fyi,https://www.levels.fyi/companies/amazon/salaries/software-engineer/locations/spain,2026-10-06,,,,,,,,,
Amazon,1586|2382910,https://www.linkedin.com/company/amazon,amazon,resolved,84000,104000,9,SDE III,Madrid,2025-04,levels.fyi,https://www.levels.fyi/companies/amazon/salaries/software-engineer/locations/spain,2026-10-06,,,,,,,,,
Amazon,1586|2382910,https://www.linkedin.com/company/amazon,amazon,resolved,83000,91000,13,SDE III,Madrid,2025-02,levels.fyi,https://www.levels.fyi/companies/amazon/salaries/software-engineer/locations/spain,2026-10-06,,,,,,,,,
Amazon,1586|2382910,https://www.linkedin.com/company/amazon,amazon,resolved,83000,83000,7,SDE II,Barcelona,2023-08,levels.fyi,https://www.levels.fyi/companies/amazon/salaries/software-engineer/locations/spain,2026-10-06,,,,,,,,,
Amazon,1586|2382910,https://www.linkedin.com/company/amazon,amazon,resolved,80000,100000,8,SDE II,Barcelona,2025-08,levels.fyi,https://www.levels.fyi/companies/amazon/salaries/software-engineer/locations/spain,2026-10-06,,,,,,,,,
Amazon,1586|2382910,https://www.linkedin.com/company/amazon,amazon,resolved,80000,95000,9,SDE II,Madrid,2025-07,levels.fyi,https://www.levels.fyi/companies/amazon/salaries/software-engineer/locations/spain,2026-10-06,,,,,,,,,
Amazon,1586|2382910,https://www.linkedin.com/company/amazon,amazon,resolved,80000,84000,10,SDE II,Madrid,2024-02,levels.fyi,https://www.levels.fyi/companies/amazon/salaries/software-engineer/locations/spain,2026-10-06,,,,,,,,,
Amazon,1586|2382910,https://www.linkedin.com/company/amazon,amazon,resolved,78930,106994,8,SDE III,Madrid,2023-09,levels.fyi,https://www.levels.fyi/companies/amazon/salaries/software-engineer/locations/spain,2026-10-06,,,,,,,,,
Amazon,1586|2382910,https://www.linkedin.com/company/amazon,amazon,resolved,77000,113000,7,SDE II,Barcelona,2025-04,levels.fyi,https://www.levels.fyi/companies/amazon/salaries/software-engineer/locations/spain,2026-10-06,,,,,,,,,
Amazon,1586|2382910,https://www.linkedin.com/company/amazon,amazon,resolved,76000,116000,8,SDE II,Madrid,2025-10,levels.fyi,https://www.levels.fyi/companies/amazon/salaries/software-engineer/locations/spain,2026-10-06,,,,,,,,,
Amazon,1586|2382910,https://www.linkedin.com/company/amazon,amazon,resolved,76000,116000,7,SDE II,Madrid,2026-06,levels.fyi,https://www.levels.fyi/companies/amazon/salaries/software-engineer/locations/spain,2026-10-06,,,,,,,,,
Amazon,1586|2382910,https://www.linkedin.com/company/amazon,amazon,resolved,75000,115000,7,SDE II,Madrid,2026-04,levels.fyi,https://www.levels.fyi/companies/amazon/salaries/software-engineer/locations/spain,2026-10-06,,,,,,,,,
Amazon,1586|2382910,https://www.linkedin.com/company/amazon,amazon,resolved,72000,99000,5,SDE II,Madrid,2025-10,levels.fyi,https://www.levels.fyi/companies/amazon/salaries/software-engineer/locations/spain,2026-10-06,,,,,,,,,
Amazon,1586|2382910,https://www.linkedin.com/company/amazon,amazon,resolved,71000,111000,10,SDE II,Barcelona,2026-09,levels.fyi,https://www.levels.fyi/companies/amazon/salaries/software-engineer/locations/spain,2026-10-06,,,,,,,,,
Amazon,1586|2382910,https://www.linkedin.com/company/amazon,amazon,resolved,71000,101000,8,SDE II,Madrid,2025-06,levels.fyi,https://www.levels.fyi/companies/amazon/salaries/software-engineer/locations/spain,2026-10-06,,,,,,,,,
Amazon,1586|2382910,https://www.linkedin.com/company/amazon,amazon,resolved,71000,90000,5,Software DEV Engineer II,Madrid,2026-09,levels.fyi,https://www.levels.fyi/companies/amazon/salaries/software-engineer/locations/spain,2026-10-06,,,,,,,,,
Amazon,1586|2382910,https://www.linkedin.com/company/amazon,amazon,resolved,70000,120000,14,SDE II,Madrid,2025-08,levels.fyi,https://www.levels.fyi/companies/amazon/salaries/software-engineer/locations/spain,2026-10-06,,,,,,,,,
Amazon,1586|2382910,https://www.linkedin.com/company/amazon,amazon,resolved,70000,100000,7,SDE II,Barcelona,2025-05,levels.fyi,https://www.levels.fyi/companies/amazon/salaries/software-engineer/locations/spain,2026-10-06,,,,,,,,,
Amazon,1586|2382910,https://www.linkedin.com/company/amazon,amazon,resolved,70000,98000,8,SDE II,Madrid,2026-04,levels.fyi,https://www.levels.fyi/companies/amazon/salaries/software-engineer/locations/spain,2026-10-06,,,,,,,,,
Amazon,1586|2382910,https://www.linkedin.com/company/amazon,amazon,resolved,70000,95000,9,SDE II,Madrid,2026-09,levels.fyi,https://www.levels.fyi/companies/amazon/salaries/software-engineer/locations/spain,2026-10-06,,,,,,,,,
Amazon,1586|2382910,https://www.linkedin.com/company/amazon,amazon,resolved,70000,95000,5,SDE II,Madrid,2023-10,levels.fyi,https://www.levels.fyi/companies/amazon/salaries/software-engineer/locations/spain,2026-10-06,,,,,,,,,
Amazon,1586|2382910,https://www.linkedin.com/company/amazon,amazon,resolved,70000,94000,6,SDE II,Madrid,2026-03,levels.fyi,https://www.levels.fyi/companies/amazon/salaries/software-engineer/locations/spain,2026-10-06,,,,,,,,,
Amazon,1586|2382910,https://www.linkedin.com/company/amazon,amazon,resolved,70000,70000,6,L3,Madrid,2026-01,levels.fyi,https://www.levels.fyi/companies/amazon/salaries/software-engineer/locations/spain,2026-10-06,,,,,,,,,
Amazon,1586|2382910,https://www.linkedin.com/company/amazon,amazon,resolved,69368,91745,5,SDE II,Madrid,2023-08,levels.fyi,https://www.levels.fyi/companies/amazon/salaries/software-engineer/locations/spain,2026-10-06,,,,,,,,,
Amazon,1586|2382910,https://www.linkedin.com/company/amazon,amazon,resolved,69000,110000,5,SDE II,Madrid,2025-11,levels.fyi,https://www.levels.fyi/companies/amazon/salaries/software-engineer/locations/spain,2026-10-06,,,,,,,,,
Amazon,1586|2382910,https://www.linkedin.com/company/amazon,amazon,resolved,69000,108000,11,SDE II,Madrid,2023-08,levels.fyi,https://www.levels.fyi/companies/amazon/salaries/software-engineer/locations/spain,2026-10-06,,,,,,,,,
Amazon,1586|2382910,https://www.linkedin.com/company/amazon,amazon,resolved,69000,89000,8,SDE II,Madrid,2026-07,levels.fyi,https://www.levels.fyi/companies/amazon/salaries/software-engineer/locations/spain,2026-10-06,,,,,,,,,
Amazon,1586|2382910,https://www.linkedin.com/company/amazon,amazon,resolved,69000,83000,7,SDE I,Madrid,2024-08,levels.fyi,https://www.levels.fyi/companies/amazon/salaries/software-engineer/locations/spain,2026-10-06,,,,,,,,,
Amazon,1586|2382910,https://www.linkedin.com/company/amazon,amazon,resolved,68000,83000,10,SDE II,Madrid,2025-04,levels.fyi,https://www.levels.fyi/companies/amazon/salaries/software-engineer/locations/spain,2026-10-06,,,,,,,,,
Amazon,1586|2382910,https://www.linkedin.com/company/amazon,amazon,resolved,67823,89701,7,SDE II,Madrid,2023-11,levels.fyi,https://www.levels.fyi/companies/amazon/salaries/software-engineer/locations/spain,2026-10-06,,,,,,,,,
Amazon,1586|2382910,https://www.linkedin.com/company/amazon,amazon,resolved,67000,88000,9,SDE III,Barcelona,2026-09,levels.fyi,https://www.levels.fyi/companies/amazon/salaries/software-engineer/locations/spain,2026-10-06,,,,,,,,,
Amazon,1586|2382910,https://www.linkedin.com/company/amazon,amazon,resolved,67000,87000,8,SDE II,Madrid,2025-12,levels.fyi,https://www.levels.fyi/companies/amazon/salaries/software-engineer/locations/spain,2026-10-06,,,,,,,,,
Amazon,1586|2382910,https://www.linkedin.com/company/amazon,amazon,resolved,67000,87000,8,SDE II,Madrid,2025-08,levels.fyi,https://www.levels.fyi/companies/amazon/salaries/software-engineer/locations/spain,2026-10-06,,,,,,,,,
Amazon,1586|2382910,https://www.linkedin.com/company/amazon,amazon,resolved,67000,83000,6,SDE II,Madrid,2023-10,levels.fyi,https://www.levels.fyi/companies/amazon/salaries/software-engineer/locations/spain,2026-10-06,,,,,,,,,
Amazon,1586|2382910,https://www.linkedin.com/company/amazon,amazon,resolved,67000,74500,10,SDE II,Madrid,2024-03,levels.fyi,https://www.levels.fyi/companies/amazon/salaries/software-engineer/locations/spain,2026-10-06,,,,,,,,,
Amazon,1586|2382910,https://www.linkedin.com/company/amazon,amazon,resolved,66000,108000,13,SDE II,Madrid,2024-04,levels.fyi,https://www.levels.fyi/companies/amazon/salaries/software-engineer/locations/spain,2026-10-06,,,,,,,,,
Amazon,1586|2382910,https://www.linkedin.com/company/amazon,amazon,resolved,66000,86000,5,SDE II,Madrid,2026-08,levels.fyi,https://www.levels.fyi/companies/amazon/salaries/software-engineer/locations/spain,2026-10-06,,,,,,,,,
Amazon,1586|2382910,https://www.linkedin.com/company/amazon,amazon,resolved,65000,105000,13,SDE II,Madrid,2024-09,levels.fyi,https://www.levels.fyi/companies/amazon/salaries/software-engineer/locations/spain,2026-10-06,,,,,,,,,
Amazon,1586|2382910,https://www.linkedin.com/company/amazon,amazon,resolved,65000,95750,5,SDE II,Madrid,2023-11,levels.fyi,https://www.levels.fyi/companies/amazon/salaries/software-engineer/locations/spain,2026-10-06,,,,,,,,,
Amazon,1586|2382910,https://www.linkedin.com/company/amazon,amazon,resolved,65000,90000,7,SDE II,Madrid,2025-05,levels.fyi,https://www.levels.fyi/companies/amazon/salaries/software-engineer/locations/spain,2026-10-06,,,,,,,,,
Amazon,1586|2382910,https://www.linkedin.com/company/amazon,amazon,resolved,65000,85000,7,SDE II,Madrid,2024-10,levels.fyi,https://www.levels.fyi/companies/amazon/salaries/software-engineer/locations/spain,2026-10-06,,,,,,,,,
Amazon,1586|2382910,https://www.linkedin.com/company/amazon,amazon,resolved,65000,85000,7,SDE II,Madrid,2024-08,levels.fyi,https://www.levels.fyi/companies/amazon/salaries/software-engineer/locations/spain,2026-10-06,,,,,,,,,
Amazon,1586|2382910,https://www.linkedin.com/company/amazon,amazon,resolved,65000,85000,5,SDE II,Madrid,2026-08,levels.fyi,https://www.levels.fyi/companies/amazon/salaries/software-engineer/locations/spain,2026-10-06,,,,,,,,,
Amazon,1586|2382910,https://www.linkedin.com/company/amazon,amazon,resolved,65000,85000,5,SDE II,Madrid,2026-05,levels.fyi,https://www.levels.fyi/companies/amazon/salaries/software-engineer/locations/spain,2026-10-06,,,,,,,,,
Amazon,1586|2382910,https://www.linkedin.com/company/amazon,amazon,resolved,64000,109000,10,SDE II,Madrid,2024-09,levels.fyi,https://www.levels.fyi/companies/amazon/salaries/software-engineer/locations/spain,2026-10-06,,,,,,,,,
Amazon,1586|2382910,https://www.linkedin.com/company/amazon,amazon,resolved,64000,84000,7,SDE II,Madrid,2024-04,levels.fyi,https://www.levels.fyi/companies/amazon/salaries/software-engineer/locations/spain,2026-10-06,,,,,,,,,
Amazon,1586|2382910,https://www.linkedin.com/company/amazon,amazon,resolved,63000,98000,5,SDE II,Madrid,2025-01,levels.fyi,https://www.levels.fyi/companies/amazon/salaries/software-engineer/locations/spain,2026-10-06,,,,,,,,,
Amazon,1586|2382910,https://www.linkedin.com/company/amazon,amazon,resolved,63000,93000,5,SDE II,Barcelona,2024-03,levels.fyi,https://www.levels.fyi/companies/amazon/salaries/software-engineer/locations/spain,2026-10-06,,,,,,,,,
Amazon,1586|2382910,https://www.linkedin.com/company/amazon,amazon,resolved,63000,91000,20,SDE II,Madrid,2026-03,levels.fyi,https://www.levels.fyi/companies/amazon/salaries/software-engineer/locations/spain,2026-10-06,,,,,,,,,
Amazon,1586|2382910,https://www.linkedin.com/company/amazon,amazon,resolved,63000,87000,5,SDE II,Barcelona,2025-08,levels.fyi,https://www.levels.fyi/companies/amazon/salaries/software-engineer/locations/spain,2026-10-06,,,,,,,,,
Amazon,1586|2382910,https://www.linkedin.com/company/amazon,amazon,resolved,63000,84000,10,SDE II,Madrid,2026-04,levels.fyi,https://www.levels.fyi/companies/amazon/salaries/software-engineer/locations/spain,2026-10-06,,,,,,,,,
Amazon,1586|2382910,https://www.linkedin.com/company/amazon,amazon,resolved,62000,90000,6,SDE II,Madrid,2025-01,levels.fyi,https://www.levels.fyi/companies/amazon/salaries/software-engineer/locations/spain,2026-10-06,,,,,,,,,
Amazon,1586|2382910,https://www.linkedin.com/company/amazon,amazon,resolved,62000,90000,5,SDE II,Madrid,2026-02,levels.fyi,https://www.levels.fyi/companies/amazon/salaries/software-engineer/locations/spain,2026-10-06,,,,,,,,,
Amazon,1586|2382910,https://www.linkedin.com/company/amazon,amazon,resolved,62000,87000,5,SDE II,Madrid,2026-01,levels.fyi,https://www.levels.fyi/companies/amazon/salaries/software-engineer/locations/spain,2026-10-06,,,,,,,,,
Amazon,1586|2382910,https://www.linkedin.com/company/amazon,amazon,resolved,62000,86000,7,SDE II,Madrid,2025-06,levels.fyi,https://www.levels.fyi/companies/amazon/salaries/software-engineer/locations/spain,2026-10-06,,,,,,,,,
Amazon,1586|2382910,https://www.linkedin.com/company/amazon,amazon,resolved,62000,86000,6,SDE II,Madrid,2023-10,levels.fyi,https://www.levels.fyi/companies/amazon/salaries/software-engineer/locations/spain,2026-10-06,,,,,,,,,
Amazon,1586|2382910,https://www.linkedin.com/company/amazon,amazon,resolved,62000,85000,7,SDE II,Madrid,2023-11,levels.fyi,https://www.levels.fyi/companies/amazon/salaries/software-engineer/locations/spain,2026-10-06,,,,,,,,,
Amazon,1586|2382910,https://www.linkedin.com/company/amazon,amazon,resolved,62000,82000,7,SDE II,Madrid,2023-11,levels.fyi,https://www.levels.fyi/companies/amazon/salaries/software-engineer/locations/spain,2026-10-06,,,,,,,,,
Amazon,1586|2382910,https://www.linkedin.com/company/amazon,amazon,resolved,62000,79000,5,SDE II,Madrid,2024-11,levels.fyi,https://www.levels.fyi/companies/amazon/salaries/software-engineer/locations/spain,2026-10-06,,,,,,,,,
Amazon,1586|2382910,https://www.linkedin.com/company/amazon,amazon,resolved,61390,110502,8,SDE II,Madrid,2024-01,levels.fyi,https://www.levels.fyi/companies/amazon/salaries/software-engineer/locations/spain,2026-10-06,,,,,,,,,
Amazon,1586|2382910,https://www.linkedin.com/company/amazon,amazon,resolved,61000,90000,5,SDE II,Madrid,2025-08,levels.fyi,https://www.levels.fyi/companies/amazon/salaries/software-engineer/locations/spain,2026-10-06,,,,,,,,,
Amazon,1586|2382910,https://www.linkedin.com/company/amazon,amazon,resolved,61000,81000,6,SDE II,Madrid,2025-11,levels.fyi,https://www.levels.fyi/companies/amazon/salaries/software-engineer/locations/spain,2026-10-06,,,,,,,,,
Amazon,1586|2382910,https://www.linkedin.com/company/amazon,amazon,resolved,60000,101000,8,SDE II,Madrid,2023-11,levels.fyi,https://www.levels.fyi/companies/amazon/salaries/software-engineer/locations/spain,2026-10-06,,,,,,,,,
Amazon,1586|2382910,https://www.linkedin.com/company/amazon,amazon,resolved,60000,101000,5,SDE II,Barcelona,2025-10,levels.fyi,https://www.levels.fyi/companies/amazon/salaries/software-engineer/locations/spain,2026-10-06,,,,,,,,,
Amazon,1586|2382910,https://www.linkedin.com/company/amazon,amazon,resolved,60000,100000,9,SDE II,Madrid,2024-05,levels.fyi,https://www.levels.fyi/companies/amazon/salaries/software-engineer/locations/spain,2026-10-06,,,,,,,,,
Amazon,1586|2382910,https://www.linkedin.com/company/amazon,amazon,resolved,60000,100000,5,SDE II,Madrid,2026-07,levels.fyi,https://www.levels.fyi/companies/amazon/salaries/software-engineer/locations/spain,2026-10-06,,,,,,,,,
Amazon,1586|2382910,https://www.linkedin.com/company/amazon,amazon,resolved,60000,96000,5,SDE II,Madrid,2023-08,levels.fyi,https://www.levels.fyi/companies/amazon/salaries/software-engineer/locations/spain,2026-10-06,,,,,,,,,
Amazon,1586|2382910,https://www.linkedin.com/company/amazon,amazon,resolved,60000,90000,7,SDE II,Madrid,2026-06,levels.fyi,https://www.levels.fyi/companies/amazon/salaries/software-engineer/locations/spain,2026-10-06,,,,,,,,,
Amazon,1586|2382910,https://www.linkedin.com/company/amazon,amazon,resolved,60000,90000,5,SDE II,Barcelona,2026-01,levels.fyi,https://www.levels.fyi/companies/amazon/salaries/software-engineer/locations/spain,2026-10-06,,,,,,,,,
Amazon,1586|2382910,https://www.linkedin.com/company/amazon,amazon,resolved,60000,85000,6,SDE III,Madrid,2025-10,levels.fyi,https://www.levels.fyi/companies/amazon/salaries/software-engineer/locations/spain,2026-10-06,,,,,,,,,
Amazon,1586|2382910,https://www.linkedin.com/company/amazon,amazon,resolved,60000,83000,5,SDE II,Madrid,2024-02,levels.fyi,https://www.levels.fyi/companies/amazon/salaries/software-engineer/locations/spain,2026-10-06,,,,,,,,,
Amazon,1586|2382910,https://www.linkedin.com/company/amazon,amazon,resolved,60000,82000,6,SDE II,Madrid,2025-10,levels.fyi,https://www.levels.fyi/companies/amazon/salaries/software-engineer/locations/spain,2026-10-06,,,,,,,,,
Amazon,1586|2382910,https://www.linkedin.com/company/amazon,amazon,resolved,60000,80000,7,SDE II,Madrid,2025-12,levels.fyi,https://www.levels.fyi/companies/amazon/salaries/software-engineer/locations/spain,2026-10-06,,,,,,,,,
Amazon,1586|2382910,https://www.linkedin.com/company/amazon,amazon,resolved,60000,80000,6,SDE II,Madrid,2025-05,levels.fyi,https://www.levels.fyi/companies/amazon/salaries/software-engineer/locations/spain,2026-10-06,,,,,,,,,
Amazon,1586|2382910,https://www.linkedin.com/company/amazon,amazon,resolved,60000,80000,6,SDE II,Madrid,2024-05,levels.fyi,https://www.levels.fyi/companies/amazon/salaries/software-engineer/locations/spain,2026-10-06,,,,,,,,,
Amazon,1586|2382910,https://www.linkedin.com/company/amazon,amazon,resolved,60000,80000,5,SDE II,Madrid,2025-12,levels.fyi,https://www.levels.fyi/companies/amazon/salaries/software-engineer/locations/spain,2026-10-06,,,,,,,,,
Amazon,1586|2382910,https://www.linkedin.com/company/amazon,amazon,resolved,60000,80000,5,SDE II,Madrid,2025-04,levels.fyi,https://www.levels.fyi/companies/amazon/salaries/software-engineer/locations/spain,2026-10-06,,,,,,,,,
Amazon,1586|2382910,https://www.linkedin.com/company/amazon,amazon,resolved,57005,84192,5,SDE II,Madrid,2024-01,levels.fyi,https://www.levels.fyi/companies/amazon/salaries/software-engineer/locations/spain,2026-10-06,,,,,,,,,
Amazon,1586|2382910,https://www.linkedin.com/company/amazon,amazon,resolved,57005,70160,10,SDE II,Madrid,2023-10,levels.fyi,https://www.levels.fyi/companies/amazon/salaries/software-engineer/locations/spain,2026-10-06,,,,,,,,,
Amazon,1586|2382910,https://www.linkedin.com/company/amazon,amazon,resolved,57000,77000,6,SDE II,Barcelona,2024-04,levels.fyi,https://www.levels.fyi/companies/amazon/salaries/software-engineer/locations/spain,2026-10-06,,,,,,,,,
Amazon,1586|2382910,https://www.linkedin.com/company/amazon,amazon,resolved,57000,77000,6,SDE II,Barcelona,2023-10,levels.fyi,https://www.levels.fyi/companies/amazon/salaries/software-engineer/locations/spain,2026-10-06,,,,,,,,,
Amazon,1586|2382910,https://www.linkedin.com/company/amazon,amazon,resolved,53000,73000,16,SDE I,Barcelona,2024-12,levels.fyi,https://www.levels.fyi/companies/amazon/salaries/software-engineer/locations/spain,2026-10-06,,,,,,,,,
Amazon,1586|2382910,https://www.linkedin.com/company/amazon,amazon,resolved,50000,65000,7,SDE I,Madrid,2026-02,levels.fyi,https://www.levels.fyi/companies/amazon/salaries/software-engineer/locations/spain,2026-10-06,,,,,,,,,
Amazon,1586|2382910,https://www.linkedin.com/company/amazon,amazon,resolved,50000,60000,5,SDE I,Madrid,2024-05,levels.fyi,https://www.levels.fyi/companies/amazon/salaries/software-engineer/locations/spain,2026-10-06,,,,,,,,,
Amazon,1586|2382910,https://www.linkedin.com/company/amazon,amazon,resolved,50000,50000,6,SDE II,Madrid,2024-03,levels.fyi,https://www.levels.fyi/companies/amazon/salaries/software-engineer/locations/spain,2026-10-06,,,,,,,,,
Amazon,1586|2382910,https://www.linkedin.com/company/amazon,amazon,resolved,50000,50000,5,SDE II,Madrid,2023-09,levels.fyi,https://www.levels.fyi/companies/amazon/salaries/software-engineer/locations/spain,2026-10-06,,,,,,,,,
Amazon,1586|2382910,https://www.linkedin.com/company/amazon,amazon,resolved,47624,49839,5,SDE I,Madrid,2023-12,levels.fyi,https://www.levels.fyi/companies/amazon/salaries/software-engineer/locations/spain,2026-10-06,,,,,,,,,
Amazon,1586|2382910,https://www.linkedin.com/company/amazon,amazon,resolved,47000,54400,6,SDE I,Madrid,2025-06,levels.fyi,https://www.levels.fyi/companies/amazon/salaries/software-engineer/locations/spain,2026-10-06,,,,,,,,,
Amazon,1586|2382910,https://www.linkedin.com/company/amazon,amazon,resolved,46000,58600,5,SDE I,Madrid,2023-08,levels.fyi,https://www.levels.fyi/companies/amazon/salaries/software-engineer/locations/spain,2026-10-06,,,,,,,,,
Amazon,1586|2382910,https://www.linkedin.com/company/amazon,amazon,resolved,45000,67000,5,SDE I,Barcelona,2025-02,levels.fyi,https://www.levels.fyi/companies/amazon/salaries/software-engineer/locations/spain,2026-10-06,,,,,,,,,
Amazon,1586|2382910,https://www.linkedin.com/company/amazon,amazon,resolved,45000,66000,5,SDE I,Barcelona,2025-03,levels.fyi,https://www.levels.fyi/companies/amazon/salaries/software-engineer/locations/spain,2026-10-06,,,,,,,,,
Amazon,1586|2382910,https://www.linkedin.com/company/amazon,amazon,resolved,43000,53000,6,SDE I,Barcelona,2025-02,levels.fyi,https://www.levels.fyi/companies/amazon/salaries/software-engineer/locations/spain,2026-10-06,,,,,,,,,
Amazon,1586|2382910,https://www.linkedin.com/company/amazon,amazon,resolved,43000,52000,5,SDE I,Madrid,2023-10,levels.fyi,https://www.levels.fyi/companies/amazon/salaries/software-engineer/locations/spain,2026-10-06,,,,,,,,,
Amazon,1586|2382910,https://www.linkedin.com/company/amazon,amazon,resolved,43000,52000,5,SDE I,Madrid,2023-09,levels.fyi,https://www.levels.fyi/companies/amazon/salaries/software-engineer/locations/spain,2026-10-06,,,,,,,,,
Amazon,1586|2382910,https://www.linkedin.com/company/amazon,amazon,resolved,43000,48000,5,SDE I,Madrid,2025-03,levels.fyi,https://www.levels.fyi/companies/amazon/salaries/software-engineer/locations/spain,2026-10-06,,,,,,,,,
Amazon,1586|2382910,https://www.linkedin.com/company/amazon,amazon,resolved,42400,54400,6,SDE I,Madrid,2025-11,levels.fyi,https://www.levels.fyi/companies/amazon/salaries/software-engineer/locations/spain,2026-10-06,,,,,,,,,
Amazon,1586|2382910,https://www.linkedin.com/company/amazon,amazon,resolved,42400,54400,6,SDE I,Madrid,2025-11,levels.fyi,https://www.levels.fyi/companies/amazon/salaries/software-engineer/locations/spain,2026-10-06,,,,,,,,,
Amazon,1586|2382910,https://www.linkedin.com/company/amazon,amazon,resolved,42400,54400,6,SDE I,Madrid,2025-11,levels.fyi,https://www.levels.fyi/companies/amazon/salaries/software-engineer/locations/spain,2026-10-06,,,,,,,,,
Amazon Conservation Team,,https://www.linkedin.com/company/amazon-conservation-team,amazon-conservation-team,resolved,90000,130000,20,L6,Madrid,2026-09,levels.fyi,https://www.levels.fyi/companies/amazon-conservation-team/salaries/software-engineer/locations/spain,2026-10-06,,,,,,,,,
Ansys,,https://www.linkedin.com/company/ansys-inc,ansys,resolved,70000,102000,8,P4,Madrid,2026-09,levels.fyi,https://www.levels.fyi/companies/ansys/salaries/software-engineer/locations/spain,2026-10-06,,,,,,,,,
Ansys,,https://www.linkedin.com/company/ansys-inc,ansys,resolved,62000,88000,7,P3,Madrid,2025-08,levels.fyi,https://www.levels.fyi/companies/ansys/salaries/software-engineer/locations/spain,2026-10-06,,,,,,,,,
Ansys,,https://www.linkedin.com/company/ansys-inc,ansys,resolved,56000,64000,5,P3,Madrid,2023-12,levels.fyi,https://www.levels.fyi/companies/ansys/salaries/software-engineer/locations/spain,2026-10-06,,,,,,,,,
Ansys,,https://www.linkedin.com/company/ansys-inc,ansys,resolved,51000,61000,5,P3,Madrid,2025-01,levels.fyi,https://www.levels.fyi/companies/ansys/salaries/software-engineer/locations/spain,2026-10-06,,,,,,,,,
Apple,,https://www.linkedin.com/company/apple,apple,resolved,120000,298000,6,ICT4,Barcelona,2022-10,levels.fyi,https://www.levels.fyi/companies/apple/salaries/software-engineer/locations/spain,2026-10-06,,,,,,,,,
Apple,,https://www.linkedin.com/company/apple,apple,resolved,120000,200000,15,ICT4,Madrid,2025-08,levels.fyi,https://www.levels.fyi/companies/apple/salaries/software-engineer/locations/spain,2026-10-06,,,,,,,,,
Apple,,https://www.linkedin.com/company/apple,apple,resolved,106000,205000,11,ICT4,Madrid,2025-10,levels.fyi,https://www.levels.fyi/companies/apple/salaries/software-engineer/locations/spain,2026-10-06,,,,,,,,,
Apple,,https://www.linkedin.com/company/apple,apple,resolved,100000,180000,10,ICT4,Barcelona,2023-08,levels.fyi,https://www.levels.fyi/companies/apple/salaries/software-engineer/locations/spain,2026-10-06,,,,,,,,,
Apple,,https://www.linkedin.com/company/apple,apple,resolved,100000,161500,11,ICT4,Madrid,2024-04,levels.fyi,https://www.levels.fyi/companies/apple/salaries/software-engineer/locations/spain,2026-10-06,,,,,,,,,
Apple,,https://www.linkedin.com/company/apple,apple,resolved,100000,161000,10,ICT4,Madrid,2024-01,levels.fyi,https://www.levels.fyi/companies/apple/salaries/software-engineer/locations/spain,2026-10-06,,,,,,,,,
Apple,,https://www.linkedin.com/company/apple,apple,resolved,90000,140000,8,ICT4,Barcelona,2025-05,levels.fyi,https://www.levels.fyi/companies/apple/salaries/software-engineer/locations/spain,2026-10-06,,,,,,,,,
Apple,,https://www.linkedin.com/company/apple,apple,resolved,80000,120000,6,ICT3,Madrid,2026-09,levels.fyi,https://www.levels.fyi/companies/apple/salaries/software-engineer/locations/spain,2026-10-06,,,,,,,,,
Apple,,https://www.linkedin.com/company/apple,apple,resolved,80000,110000,9,ICT3,Barcelona,2026-06,levels.fyi,https://www.levels.fyi/companies/apple/salaries/software-engineer/locations/spain,2026-10-06,,,,,,,,,
Apple,,https://www.linkedin.com/company/apple,apple,resolved,78000,145000,7,ICT3,Barcelona,2026-08,levels.fyi,https://www.levels.fyi/companies/apple/salaries/software-engineer/locations/spain,2026-10-06,,,,,,,,,
Apple,,https://www.linkedin.com/company/apple,apple,resolved,78000,106000,6,ICT3,Barcelona,2025-06,levels.fyi,https://www.levels.fyi/companies/apple/salaries/software-engineer/locations/spain,2026-10-06,,,,,,,,,
Apple,,https://www.linkedin.com/company/apple,apple,resolved,71000,99000,5,ICT3,Barcelona,2024-04,levels.fyi,https://www.levels.fyi/companies/apple/salaries/software-engineer/locations/spain,2026-10-06,,,,,,,,,
Apple,,https://www.linkedin.com/company/apple,apple,resolved,67000,112000,6,ICT3,Barcelona,2023-07,levels.fyi,https://www.levels.fyi/companies/apple/salaries/software-engineer/locations/spain,2026-10-06,,,,,,,,,
Apple,,https://www.linkedin.com/company/apple,apple,resolved,65000,87000,6,ICT2,Barcelona,2021-10,levels.fyi,https://www.levels.fyi/companies/apple/salaries/software-engineer/locations/spain,2026-10-06,,,,,,,,,
Apple,,https://www.linkedin.com/company/apple,apple,resolved,45000,45000,5,ICT3,Madrid,2022-08,levels.fyi,https://www.levels.fyi/companies/apple/salaries/software-engineer/locations/spain,2026-10-06,,,,,,,,,
AstraZeneca,1603,https://www.linkedin.com/company/astrazeneca,astrazeneca,resolved,99000,134000,10,Associate Director,Barcelona,2026-04,levels.fyi,https://www.levels.fyi/companies/astrazeneca/salaries/software-engineer/locations/spain,2026-10-06,,,,,,,,,
AstraZeneca,1603,https://www.linkedin.com/company/astrazeneca,astrazeneca,resolved,70000,84000,5,Associate Principal Software Engineer,Barcelona,2025-10,levels.fyi,https://www.levels.fyi/companies/astrazeneca/salaries/software-engineer/locations/spain,2026-10-06,,,,,,,,,
AstraZeneca,1603,https://www.linkedin.com/company/astrazeneca,astrazeneca,resolved,50000,57500,5,Senior Software Engineer,Barcelona,2024-08,levels.fyi,https://www.levels.fyi/companies/astrazeneca/salaries/software-engineer/locations/spain,2026-10-06,,,,,,,,,
Auth0,3089380,https://www.linkedin.com/company/auth0,auth0,resolved,105939,123596,12,L3,Barcelona,2022-02,levels.fyi,https://www.levels.fyi/companies/auth0/salaries/software-engineer/locations/spain,2026-10-06,,,,,,,,,
Auth0,3089380,https://www.linkedin.com/company/auth0,auth0,resolved,90000,139000,9,L3,Madrid,2026-05,levels.fyi,https://www.levels.fyi/companies/auth0/salaries/software-engineer/locations/spain,2026-10-06,,,,,,,,,
Auth0,3089380,https://www.linkedin.com/company/auth0,auth0,resolved,88000,132000,10,SEII,Barcelona,2022-01,levels.fyi,https://www.levels.fyi/companies/auth0/salaries/software-engineer/locations/spain,2026-10-06,,,,,,,,,
Autodesk,1879,https://www.linkedin.com/company/autodesk,autodesk,resolved,69000,69000,16,Principal Engineer,Barcelona,2023-03,levels.fyi,https://www.levels.fyi/companies/autodesk/salaries/software-engineer/locations/spain,2026-10-06,,,,,,,,,
Autodesk,1879,https://www.linkedin.com/company/autodesk,autodesk,resolved,53000,73000,6,Senior Software Engineer 1,Barcelona,2023-10,levels.fyi,https://www.levels.fyi/companies/autodesk/salaries/software-engineer/locations/spain,2026-10-06,,,,,,,,,
Auvik Networks,,https://www.linkedin.com/company/auvik,auvik-networks,resolved,72000,75750,18,Senior,Barcelona,2026-10,levels.fyi,https://www.levels.fyi/companies/auvik-networks/salaries/software-engineer/locations/spain,2026-10-06,,,,,,,,,
Auvik Networks,,https://www.linkedin.com/company/auvik,auvik-networks,resolved,65000,65000,8,Senior,Madrid,2025-06,levels.fyi,https://www.levels.fyi/companies/auvik-networks/salaries/software-engineer/locations/spain,2026-10-06,,,,,,,,,
Auvik Networks,,https://www.linkedin.com/company/auvik,auvik-networks,resolved,65000,65000,7,Senior,Madrid,2025-02,levels.fyi,https://www.levels.fyi/companies/auvik-networks/salaries/software-engineer/locations/spain,2026-10-06,,,,,,,,,
Back Market,4793443,https://www.linkedin.com/company/back-market,back-market,resolved,70000,72000,10,IC3,Barcelona,2025-02,levels.fyi,https://www.levels.fyi/companies/back-market/salaries/software-engineer/locations/spain,2026-10-06,,https://www.backmarket.com,,Paris,FR,"201-1,000",web-services-apps|internet|b2c,2014,
Back Market,4793443,https://www.linkedin.com/company/back-market,back-market,resolved,51000,51000,5,Backend Engineer,Barcelona,2026-02,levels.fyi,https://www.levels.fyi/companies/back-market/salaries/software-engineer/locations/spain,2026-10-06,,https://www.backmarket.com,,Paris,FR,"201-1,000",web-services-apps|internet|b2c,2014,
BASF,,https://www.linkedin.com/company/basf,basf,resolved,75000,85000,9,L5,Madrid,2025-09,levels.fyi,https://www.levels.fyi/companies/basf/salaries/software-engineer/locations/spain,2026-10-06,,https://www.basf.com,,Ludwigshafen am Rhein,DE,"10,001+",chemicals|b2b|saas,1865,
BASF,,https://www.linkedin.com/company/basf,basf,resolved,68000,74000,8,L4,Madrid,2026-09,levels.fyi,https://www.levels.fyi/companies/basf/salaries/software-engineer/locations/spain,2026-10-06,,https://www.basf.com,,Ludwigshafen am Rhein,DE,"10,001+",chemicals|b2b|saas,1865,
BASF,,https://www.linkedin.com/company/basf,basf,resolved,60000,66000,9,4,Madrid,2022-11,levels.fyi,https://www.levels.fyi/companies/basf/salaries/software-engineer/locations/spain,2026-10-06,,https://www.basf.com,,Ludwigshafen am Rhein,DE,"10,001+",chemicals|b2b|saas,1865,
BASF,,https://www.linkedin.com/company/basf,basf,resolved,58000,58000,6,L3,Madrid,2025-11,levels.fyi,https://www.levels.fyi/companies/basf/salaries/software-engineer/locations/spain,2026-10-06,,https://www.basf.com,,Ludwigshafen am Rhein,DE,"10,001+",chemicals|b2b|saas,1865,
BASF,,https://www.linkedin.com/company/basf,basf,resolved,55000,64000,10,Senior,Madrid,2024-08,levels.fyi,https://www.levels.fyi/companies/basf/salaries/software-engineer/locations/spain,2026-10-06,,https://www.basf.com,,Ludwigshafen am Rhein,DE,"10,001+",chemicals|b2b|saas,1865,
BASF,,https://www.linkedin.com/company/basf,basf,resolved,55000,60500,7,Senior,Madrid,2024-10,levels.fyi,https://www.levels.fyi/companies/basf/salaries/software-engineer/locations/spain,2026-10-06,,https://www.basf.com,,Ludwigshafen am Rhein,DE,"10,001+",chemicals|b2b|saas,1865,
BASF,,https://www.linkedin.com/company/basf,basf,resolved,55000,55000,8,Senior,Madrid,2025-07,levels.fyi,https://www.levels.fyi/companies/basf/salaries/software-engineer/locations/spain,2026-10-06,,https://www.basf.com,,Ludwigshafen am Rhein,DE,"10,001+",chemicals|b2b|saas,1865,
BASF,,https://www.linkedin.com/company/basf,basf,resolved,52000,52000,10,L6,Madrid,2026-02,levels.fyi,https://www.levels.fyi/companies/basf/salaries/software-engineer/locations/spain,2026-10-06,,https://www.basf.com,,Ludwigshafen am Rhein,DE,"10,001+",chemicals|b2b|saas,1865,
Bayer,1893,https://www.linkedin.com/company/bayer,bayer,resolved,85000,100000,12,VS 2,Barcelona,2025-05,levels.fyi,https://www.levels.fyi/companies/bayer/salaries/software-engineer/locations/spain,2026-10-06,,,,,,,,,
Bayer,1893,https://www.linkedin.com/company/bayer,bayer,resolved,85000,85000,11,VS 2,Barcelona,2024-08,levels.fyi,https://www.levels.fyi/companies/bayer/salaries/software-engineer/locations/spain,2026-10-06,,,,,,,,,
Bayer,1893,https://www.linkedin.com/company/bayer,bayer,resolved,70000,82000,12,Senior,Barcelona,2025-03,levels.fyi,https://www.levels.fyi/companies/bayer/salaries/software-engineer/locations/spain,2026-10-06,,,,,,,,,
Bayer,1893,https://www.linkedin.com/company/bayer,bayer,resolved,70000,80000,11,VS 1.3,Barcelona,2026-07,levels.fyi,https://www.levels.fyi/companies/bayer/salaries/software-engineer/locations/spain,2026-10-06,,,,,,,,,
Bayer,1893,https://www.linkedin.com/company/bayer,bayer,resolved,63000,70000,6,VS 1.3,Barcelona,2024-09,levels.fyi,https://www.levels.fyi/companies/bayer/salaries/software-engineer/locations/spain,2026-10-06,,,,,,,,,
BBVA,,https://www.linkedin.com/company/bbva,bbva,resolved,120000,170000,10,,Madrid,2022-10,levels.fyi,https://www.levels.fyi/companies/bbva/salaries/software-engineer/locations/spain,2026-10-06,,https://www.bbva.com,,Birmingham,US,"10,001+",financial-services|consulting-professional-services|banking-mortgages|b2c,1857,
BBVA,,https://www.linkedin.com/company/bbva,bbva,resolved,65000,85000,7,L3,Madrid,2021-09,levels.fyi,https://www.levels.fyi/companies/bbva/salaries/software-engineer/locations/spain,2026-10-06,,https://www.bbva.com,,Birmingham,US,"10,001+",financial-services|consulting-professional-services|banking-mortgages|b2c,1857,
BBVA,,https://www.linkedin.com/company/bbva,bbva,resolved,60000,75000,15,Principal Engineer,Madrid,2024-04,levels.fyi,https://www.levels.fyi/companies/bbva/salaries/software-engineer/locations/spain,2026-10-06,,https://www.bbva.com,,Birmingham,US,"10,001+",financial-services|consulting-professional-services|banking-mortgages|b2c,1857,
BBVA,,https://www.linkedin.com/company/bbva,bbva,resolved,60000,60000,13,L3,Madrid,2024-07,levels.fyi,https://www.levels.fyi/companies/bbva/salaries/software-engineer/locations/spain,2026-10-06,,https://www.bbva.com,,Birmingham,US,"10,001+",financial-services|consulting-professional-services|banking-mortgages|b2c,1857,
BBVA,,https://www.linkedin.com/company/bbva,bbva,resolved,60000,60000,13,L3,Madrid,2024-07,levels.fyi,https://www.levels.fyi/companies/bbva/salaries/software-engineer/locations/spain,2026-10-06,,https://www.bbva.com,,Birmingham,US,"10,001+",financial-services|consulting-professional-services|banking-mortgages|b2c,1857,
BBVA,,https://www.linkedin.com/company/bbva,bbva,resolved,60000,60000,10,L3,Madrid,2026-05,levels.fyi,https://www.levels.fyi/companies/bbva/salaries/software-engineer/locations/spain,2026-10-06,,https://www.bbva.com,,Birmingham,US,"10,001+",financial-services|consulting-professional-services|banking-mortgages|b2c,1857,
BBVA,,https://www.linkedin.com/company/bbva,bbva,resolved,55000,55000,13,L3,Barcelona,2024-07,levels.fyi,https://www.levels.fyi/companies/bbva/salaries/software-engineer/locations/spain,2026-10-06,,https://www.bbva.com,,Birmingham,US,"10,001+",financial-services|consulting-professional-services|banking-mortgages|b2c,1857,
BBVA,,https://www.linkedin.com/company/bbva,bbva,resolved,50000,70000,11+,,Madrid,2021-02,levels.fyi,https://www.levels.fyi/companies/bbva/salaries/software-engineer/locations/spain,2026-10-06,,https://www.bbva.com,,Birmingham,US,"10,001+",financial-services|consulting-professional-services|banking-mortgages|b2c,1857,
BBVA,,https://www.linkedin.com/company/bbva,bbva,resolved,47400,50000,7,L2,Madrid,2022-12,levels.fyi,https://www.levels.fyi/companies/bbva/salaries/software-engineer/locations/spain,2026-10-06,,https://www.bbva.com,,Birmingham,US,"10,001+",financial-services|consulting-professional-services|banking-mortgages|b2c,1857,
BBVA,,https://www.linkedin.com/company/bbva,bbva,resolved,46400,49000,8,L3,Bilbao,2025-12,levels.fyi,https://www.levels.fyi/companies/bbva/salaries/software-engineer/locations/spain,2026-10-06,,https://www.bbva.com,,Birmingham,US,"10,001+",financial-services|consulting-professional-services|banking-mortgages|b2c,1857,
BBVA,,https://www.linkedin.com/company/bbva,bbva,resolved,46400,49000,7,Senior Engineer,Bilbao,2025-07,levels.fyi,https://www.levels.fyi/companies/bbva/salaries/software-engineer/locations/spain,2026-10-06,,https://www.bbva.com,,Birmingham,US,"10,001+",financial-services|consulting-professional-services|banking-mortgages|b2c,1857,
BBVA,,https://www.linkedin.com/company/bbva,bbva,resolved,40000,40000,5-10,Senior,Madrid,2025-01,levels.fyi,https://www.levels.fyi/companies/bbva/salaries/software-engineer/locations/spain,2026-10-06,,https://www.bbva.com,,Birmingham,US,"10,001+",financial-services|consulting-professional-services|banking-mortgages|b2c,1857,
BBVA,,https://www.linkedin.com/company/bbva,bbva,resolved,27889,27889,5,,Madrid,2022-10,levels.fyi,https://www.levels.fyi/companies/bbva/salaries/software-engineer/locations/spain,2026-10-06,,https://www.bbva.com,,Birmingham,US,"10,001+",financial-services|consulting-professional-services|banking-mortgages|b2c,1857,
BestSecret,,https://www.linkedin.com/company/bestsecret,bestsecret,resolved,75000,75000,11+,,Granada,2026-05,levels.fyi,https://www.levels.fyi/companies/bestsecret/salaries/software-engineer/locations/spain,2026-10-06,,,,,,,,,
BestSecret,,https://www.linkedin.com/company/bestsecret,bestsecret,resolved,67000,67000,10,L3,Bilbao,2026-08,levels.fyi,https://www.levels.fyi/companies/bestsecret/salaries/software-engineer/locations/spain,2026-10-06,,,,,,,,,
BestSecret,,https://www.linkedin.com/company/bestsecret,bestsecret,resolved,45000,45000,6,Software Engineer,Granada,2025-12,levels.fyi,https://www.levels.fyi/companies/bestsecret/salaries/software-engineer/locations/spain,2026-10-06,,,,,,,,,
Biorce,,https://www.linkedin.com/company/biorce,biorce,resolved,80000,80000,16,Senior,Barcelona,2026-07,levels.fyi,https://www.levels.fyi/companies/biorce/salaries/software-engineer/locations/spain,2026-10-06,,,,,,,,,
Biorce,,https://www.linkedin.com/company/biorce,biorce,resolved,70000,70000,5-10,,Barcelona,2026-01,levels.fyi,https://www.levels.fyi/companies/biorce/salaries/software-engineer/locations/spain,2026-10-06,,,,,,,,,
Bitpanda,18164565,https://www.linkedin.com/company/bitpanda,bitpanda,resolved,100000,120000,10,Senior,Barcelona,2024-09,levels.fyi,https://www.levels.fyi/companies/bitpanda/salaries/software-engineer/locations/spain,2026-10-06,,,,,,,,,
Bitpanda,18164565,https://www.linkedin.com/company/bitpanda,bitpanda,resolved,85000,85000,8,L4,Barcelona,2025-11,levels.fyi,https://www.levels.fyi/companies/bitpanda/salaries/software-engineer/locations/spain,2026-10-06,,,,,,,,,
Bitpanda,18164565,https://www.linkedin.com/company/bitpanda,bitpanda,resolved,78000,86000,7,L3,Barcelona,2024-10,levels.fyi,https://www.levels.fyi/companies/bitpanda/salaries/software-engineer/locations/spain,2026-10-06,,,,,,,,,
Bitpanda,18164565,https://www.linkedin.com/company/bitpanda,bitpanda,resolved,78000,78000,9,L3,Barcelona,2025-03,levels.fyi,https://www.levels.fyi/companies/bitpanda/salaries/software-engineer/locations/spain,2026-10-06,,,,,,,,,
Bitpanda,18164565,https://www.linkedin.com/company/bitpanda,bitpanda,resolved,75000,75000,6,L4,Barcelona,2026-05,levels.fyi,https://www.levels.fyi/companies/bitpanda/salaries/software-engineer/locations/spain,2026-10-06,,,,,,,,,
Bitpanda,18164565,https://www.linkedin.com/company/bitpanda,bitpanda,resolved,66000,66000,7,L2,Barcelona,2024-01,levels.fyi,https://www.levels.fyi/companies/bitpanda/salaries/software-engineer/locations/spain,2026-10-06,,,,,,,,,
Bitpanda,18164565,https://www.linkedin.com/company/bitpanda,bitpanda,resolved,64000,64000,5,L4,Barcelona,2025-11,levels.fyi,https://www.levels.fyi/companies/bitpanda/salaries/software-engineer/locations/spain,2026-10-06,,,,,,,,,
Bitpanda,18164565,https://www.linkedin.com/company/bitpanda,bitpanda,resolved,62400,62400,5,L4,Barcelona,2025-11,levels.fyi,https://www.levels.fyi/companies/bitpanda/salaries/software-engineer/locations/spain,2026-10-06,,,,,,,,,
BMAT,,,bmat,resolved,65000,65000,5-10,,Barcelona,2023-12,levels.fyi,https://www.levels.fyi/companies/bmat/salaries/software-engineer/locations/spain,2026-10-06,,,,,,,,,
BMAT,,,bmat,resolved,39800,39800,5-10,,Barcelona,2026-08,levels.fyi,https://www.levels.fyi/companies/bmat/salaries/software-engineer/locations/spain,2026-10-06,,,,,,,,,
BME,,https://www.linkedin.com/company/buildingmaterialseurope,bme,resolved,57000,63000,5-10,,Madrid,2026-08,levels.fyi,https://www.levels.fyi/companies/bme/salaries/software-engineer/locations/spain,2026-10-06,,,,,,,,,
BME,,https://www.linkedin.com/company/buildingmaterialseurope,bme,resolved,55000,55000,20,,Madrid,2025-03,levels.fyi,https://www.levels.fyi/companies/bme/salaries/software-engineer/locations/spain,2026-10-06,,,,,,,,,
BME,,https://www.linkedin.com/company/buildingmaterialseurope,bme,resolved,49200,54200,9,Senior,Madrid,2025-03,levels.fyi,https://www.levels.fyi/companies/bme/salaries/software-engineer/locations/spain,2026-10-06,,,,,,,,,
BME,,https://www.linkedin.com/company/buildingmaterialseurope,bme,resolved,43000,48000,5-10,L3,Madrid,2025-03,levels.fyi,https://www.levels.fyi/companies/bme/salaries/software-engineer/locations/spain,2026-10-06,,,,,,,,,
Brainly,2745890,https://www.linkedin.com/company/brainly-com,brainly,resolved,76000,76000,8,Senior Data Engineer,Madrid,2026-02,levels.fyi,https://www.levels.fyi/companies/brainly/salaries/software-engineer/locations/spain,2026-10-06,,,,,,,,,
Brainly,2745890,https://www.linkedin.com/company/brainly-com,brainly,resolved,76000,76000,5-10,Senior Data Engineer,Madrid,2025-08,levels.fyi,https://www.levels.fyi/companies/brainly/salaries/software-engineer/locations/spain,2026-10-06,,,,,,,,,
Brainly,2745890,https://www.linkedin.com/company/brainly-com,brainly,resolved,71250,71391,7,Senior Data Engineer,Madrid,2024-10,levels.fyi,https://www.levels.fyi/companies/brainly/salaries/software-engineer/locations/spain,2026-10-06,,,,,,,,,
Brainly,2745890,https://www.linkedin.com/company/brainly-com,brainly,resolved,55000,55000,5,Senior,Madrid,2023-08,levels.fyi,https://www.levels.fyi/companies/brainly/salaries/software-engineer/locations/spain,2026-10-06,,,,,,,,,
Brainly,2745890,https://www.linkedin.com/company/brainly-com,brainly,resolved,55000,55000,5,Senior,Madrid,2023-04,levels.fyi,https://www.levels.fyi/companies/brainly/salaries/software-engineer/locations/spain,2026-10-06,,,,,,,,,
Broadcom,3072,https://www.linkedin.com/company/broadcom,broadcom,resolved,100000,370000,15,ICB 5,Sevilla,2025-01,levels.fyi,https://www.levels.fyi/companies/broadcom/salaries/software-engineer/locations/spain,2026-10-06,,,,,,,,,
Broadcom,3072,https://www.linkedin.com/company/broadcom,broadcom,resolved,98000,336000,15,ICB 5,Sevilla,2025-02,levels.fyi,https://www.levels.fyi/companies/broadcom/salaries/software-engineer/locations/spain,2026-10-06,,,,,,,,,
Broadcom,3072,https://www.linkedin.com/company/broadcom,broadcom,resolved,75000,102000,14,ICB 4,Madrid,2024-10,levels.fyi,https://www.levels.fyi/companies/broadcom/salaries/software-engineer/locations/spain,2026-10-06,,,,,,,,,
Broadcom,3072,https://www.linkedin.com/company/broadcom,broadcom,resolved,71000,102000,10,ICB 3,Madrid,2025-12,levels.fyi,https://www.levels.fyi/companies/broadcom/salaries/software-engineer/locations/spain,2026-10-06,,,,,,,,,
Broadcom,3072,https://www.linkedin.com/company/broadcom,broadcom,resolved,62000,144000,10,ICB 3,Madrid,2025-03,levels.fyi,https://www.levels.fyi/companies/broadcom/salaries/software-engineer/locations/spain,2026-10-06,,,,,,,,,
Bsport,,https://www.linkedin.com/company/bsportio,bsport,resolved,78000,78000,15,L5,Barcelona,2026-04,levels.fyi,https://www.levels.fyi/companies/bsport/salaries/software-engineer/locations/spain,2026-10-06,,,,,,,,,
Bsport,,https://www.linkedin.com/company/bsportio,bsport,resolved,75000,75000,7,L5,Barcelona,2025-05,levels.fyi,https://www.levels.fyi/companies/bsport/salaries/software-engineer/locations/spain,2026-10-06,,,,,,,,,
Bsport,,https://www.linkedin.com/company/bsportio,bsport,resolved,75000,75000,5,L4,Barcelona,2026-09,levels.fyi,https://www.levels.fyi/companies/bsport/salaries/software-engineer/locations/spain,2026-10-06,,,,,,,,,
Bsport,,https://www.linkedin.com/company/bsportio,bsport,resolved,65000,65000,7,L4,Barcelona,2025-07,levels.fyi,https://www.levels.fyi/companies/bsport/salaries/software-engineer/locations/spain,2026-10-06,,,,,,,,,
Bumble Inc.,9408755,https://www.linkedin.com/company/bumbleinc,bumble,resolved,93000,118000,11,L4,Barcelona,2025-01,levels.fyi,https://www.levels.fyi/companies/bumble/salaries/software-engineer/locations/spain,2026-10-06,,,,,,,,,
Bumble Inc.,9408755,https://www.linkedin.com/company/bumbleinc,bumble,resolved,82000,99000,7,L4,Barcelona,2024-07,levels.fyi,https://www.levels.fyi/companies/bumble/salaries/software-engineer/locations/spain,2026-10-06,,,,,,,,,
Bumble Inc.,9408755,https://www.linkedin.com/company/bumbleinc,bumble,resolved,80000,80000,15,L4,Barcelona,2026-05,levels.fyi,https://www.levels.fyi/companies/bumble/salaries/software-engineer/locations/spain,2026-10-06,,,,,,,,,
Bumble Inc.,9408755,https://www.linkedin.com/company/bumbleinc,bumble,resolved,75000,93000,8,L4,Barcelona,2024-04,levels.fyi,https://www.levels.fyi/companies/bumble/salaries/software-engineer/locations/spain,2026-10-06,,,,,,,,,
Bumble Inc.,9408755,https://www.linkedin.com/company/bumbleinc,bumble,resolved,75000,91000,15,L4,Barcelona,2024-04,levels.fyi,https://www.levels.fyi/companies/bumble/salaries/software-engineer/locations/spain,2026-10-06,,,,,,,,,
Bumble Inc.,9408755,https://www.linkedin.com/company/bumbleinc,bumble,resolved,72000,140000,7,L4,Barcelona,2024-03,levels.fyi,https://www.levels.fyi/companies/bumble/salaries/software-engineer/locations/spain,2026-10-06,,,,,,,,,
Bumble Inc.,9408755,https://www.linkedin.com/company/bumbleinc,bumble,resolved,70000,70000,13,L3,Barcelona,2024-05,levels.fyi,https://www.levels.fyi/companies/bumble/salaries/software-engineer/locations/spain,2026-10-06,,,,,,,,,
Bumble Inc.,9408755,https://www.linkedin.com/company/bumbleinc,bumble,resolved,67000,67000,14,L4,Barcelona,2023-01,levels.fyi,https://www.levels.fyi/companies/bumble/salaries/software-engineer/locations/spain,2026-10-06,,,,,,,,,
Bumble Inc.,9408755,https://www.linkedin.com/company/bumbleinc,bumble,resolved,60000,60000,5,L3,Barcelona,2024-03,levels.fyi,https://www.levels.fyi/companies/bumble/salaries/software-engineer/locations/spain,2026-10-06,,,,,,,,,
Bumble Inc.,9408755,https://www.linkedin.com/company/bumbleinc,bumble,resolved,50000,60000,5,L3,Barcelona,2021-09,levels.fyi,https://www.levels.fyi/companies/bumble/salaries/software-engineer/locations/spain,2026-10-06,,,,,,,,,
Bumble Inc.,9408755,https://www.linkedin.com/company/bumbleinc,bumble,resolved,50000,50000,8,L3,Barcelona,2024-03,levels.fyi,https://www.levels.fyi/companies/bumble/salaries/software-engineer/locations/spain,2026-10-06,,,,,,,,,
Bumble Inc.,9408755,https://www.linkedin.com/company/bumbleinc,bumble,resolved,48400,59400,5,L3,Barcelona,2022-05,levels.fyi,https://www.levels.fyi/companies/bumble/salaries/software-engineer/locations/spain,2026-10-06,,,,,,,,,
Bystronic Software,,https://www.linkedin.com/company/bystronicgroup,bystronic-software,resolved,52000,52000,14,Senior,Bilbao,2026-09,levels.fyi,https://www.levels.fyi/companies/bystronic-software/salaries/software-engineer/locations/spain,2026-10-06,,,,,,,,,
Bystronic Software,,https://www.linkedin.com/company/bystronicgroup,bystronic-software,resolved,52000,52000,14,Senior,Bilbao,2026-08,levels.fyi,https://www.levels.fyi/companies/bystronic-software/salaries/software-engineer/locations/spain,2026-10-06,,,,,,,,,
Cabify,2394728,https://www.linkedin.com/company/cabify,cabify,resolved,99000,99000,11+,L5,Madrid,2026-03,levels.fyi,https://www.levels.fyi/companies/cabify/salaries/software-engineer/locations/spain,2026-10-06,,https://cabify.com,,Madrid,ES,"1,001-10,000",internet|b2c|mobile,2011,
Cabify,2394728,https://www.linkedin.com/company/cabify,cabify,resolved,75000,75000,11+,L5,Madrid,2025-06,levels.fyi,https://www.levels.fyi/companies/cabify/salaries/software-engineer/locations/spain,2026-10-06,,https://cabify.com,,Madrid,ES,"1,001-10,000",internet|b2c|mobile,2011,
Cabify,2394728,https://www.linkedin.com/company/cabify,cabify,resolved,72000,72000,19,L4,Alicante,2026-09,levels.fyi,https://www.levels.fyi/companies/cabify/salaries/software-engineer/locations/spain,2026-10-06,,https://cabify.com,,Madrid,ES,"1,001-10,000",internet|b2c|mobile,2011,
Cabify,2394728,https://www.linkedin.com/company/cabify,cabify,resolved,68000,68000,16,L4,Alicante,2025-02,levels.fyi,https://www.levels.fyi/companies/cabify/salaries/software-engineer/locations/spain,2026-10-06,,https://cabify.com,,Madrid,ES,"1,001-10,000",internet|b2c|mobile,2011,
Cabify,2394728,https://www.linkedin.com/company/cabify,cabify,resolved,65000,65000,14,L4,Madrid,2024-05,levels.fyi,https://www.levels.fyi/companies/cabify/salaries/software-engineer/locations/spain,2026-10-06,,https://cabify.com,,Madrid,ES,"1,001-10,000",internet|b2c|mobile,2011,
Cabify,2394728,https://www.linkedin.com/company/cabify,cabify,resolved,65000,65000,10,L2,Madrid,2025-03,levels.fyi,https://www.levels.fyi/companies/cabify/salaries/software-engineer/locations/spain,2026-10-06,,https://cabify.com,,Madrid,ES,"1,001-10,000",internet|b2c|mobile,2011,
Cabify,2394728,https://www.linkedin.com/company/cabify,cabify,resolved,65000,65000,8,L4,Madrid,2024-01,levels.fyi,https://www.levels.fyi/companies/cabify/salaries/software-engineer/locations/spain,2026-10-06,,https://cabify.com,,Madrid,ES,"1,001-10,000",internet|b2c|mobile,2011,
Cabify,2394728,https://www.linkedin.com/company/cabify,cabify,resolved,65000,65000,6,L4,Barcelona,2023-11,levels.fyi,https://www.levels.fyi/companies/cabify/salaries/software-engineer/locations/spain,2026-10-06,,https://cabify.com,,Madrid,ES,"1,001-10,000",internet|b2c|mobile,2011,
Cabify,2394728,https://www.linkedin.com/company/cabify,cabify,resolved,64000,64000,7,L4,Madrid,2022-03,levels.fyi,https://www.levels.fyi/companies/cabify/salaries/software-engineer/locations/spain,2026-10-06,,https://cabify.com,,Madrid,ES,"1,001-10,000",internet|b2c|mobile,2011,
Cabify,2394728,https://www.linkedin.com/company/cabify,cabify,resolved,63000,69000,15,L4,Valencia,2023-01,levels.fyi,https://www.levels.fyi/companies/cabify/salaries/software-engineer/locations/spain,2026-10-06,,https://cabify.com,,Madrid,ES,"1,001-10,000",internet|b2c|mobile,2011,
Cabify,2394728,https://www.linkedin.com/company/cabify,cabify,resolved,63000,63000,23,4,Madrid,2024-03,levels.fyi,https://www.levels.fyi/companies/cabify/salaries/software-engineer/locations/spain,2026-10-06,,https://cabify.com,,Madrid,ES,"1,001-10,000",internet|b2c|mobile,2011,
Cabify,2394728,https://www.linkedin.com/company/cabify,cabify,resolved,60000,100000,7,L4,Madrid,2025-10,levels.fyi,https://www.levels.fyi/companies/cabify/salaries/software-engineer/locations/spain,2026-10-06,,https://cabify.com,,Madrid,ES,"1,001-10,000",internet|b2c|mobile,2011,
Cabify,2394728,https://www.linkedin.com/company/cabify,cabify,resolved,60000,65000,5,L4,Madrid,2026-03,levels.fyi,https://www.levels.fyi/companies/cabify/salaries/software-engineer/locations/spain,2026-10-06,,https://cabify.com,,Madrid,ES,"1,001-10,000",internet|b2c|mobile,2011,
Cabify,2394728,https://www.linkedin.com/company/cabify,cabify,resolved,60000,60000,7,L4,Madrid,2025-02,levels.fyi,https://www.levels.fyi/companies/cabify/salaries/software-engineer/locations/spain,2026-10-06,,https://cabify.com,,Madrid,ES,"1,001-10,000",internet|b2c|mobile,2011,
Cabify,2394728,https://www.linkedin.com/company/cabify,cabify,resolved,60000,60000,5,L4,Madrid,2023-06,levels.fyi,https://www.levels.fyi/companies/cabify/salaries/software-engineer/locations/spain,2026-10-06,,https://cabify.com,,Madrid,ES,"1,001-10,000",internet|b2c|mobile,2011,
Cabify,2394728,https://www.linkedin.com/company/cabify,cabify,resolved,56000,56000,5,4,Madrid,2024-10,levels.fyi,https://www.levels.fyi/companies/cabify/salaries/software-engineer/locations/spain,2026-10-06,,https://cabify.com,,Madrid,ES,"1,001-10,000",internet|b2c|mobile,2011,
Cabify,2394728,https://www.linkedin.com/company/cabify,cabify,resolved,55000,55000,11,Senior Engineer,Alicante,2020-07,levels.fyi,https://www.levels.fyi/companies/cabify/salaries/software-engineer/locations/spain,2026-10-06,,https://cabify.com,,Madrid,ES,"1,001-10,000",internet|b2c|mobile,2011,
Cabify,2394728,https://www.linkedin.com/company/cabify,cabify,resolved,53000,53000,8,L4,Madrid,2026-08,levels.fyi,https://www.levels.fyi/companies/cabify/salaries/software-engineer/locations/spain,2026-10-06,,https://cabify.com,,Madrid,ES,"1,001-10,000",internet|b2c|mobile,2011,
Cabify,2394728,https://www.linkedin.com/company/cabify,cabify,resolved,53000,53000,8,L4,Madrid,2026-01,levels.fyi,https://www.levels.fyi/companies/cabify/salaries/software-engineer/locations/spain,2026-10-06,,https://cabify.com,,Madrid,ES,"1,001-10,000",internet|b2c|mobile,2011,
Cabify,2394728,https://www.linkedin.com/company/cabify,cabify,resolved,53000,53000,8,L3,Madrid,2024-04,levels.fyi,https://www.levels.fyi/companies/cabify/salaries/software-engineer/locations/spain,2026-10-06,,https://cabify.com,,Madrid,ES,"1,001-10,000",internet|b2c|mobile,2011,
Cabify,2394728,https://www.linkedin.com/company/cabify,cabify,resolved,52000,52000,11,Senior Software Engineer,Alicante,2020-08,levels.fyi,https://www.levels.fyi/companies/cabify/salaries/software-engineer/locations/spain,2026-10-06,,https://cabify.com,,Madrid,ES,"1,001-10,000",internet|b2c|mobile,2011,
Cabify,2394728,https://www.linkedin.com/company/cabify,cabify,resolved,50000,52000,6,L4,Madrid,2025-07,levels.fyi,https://www.levels.fyi/companies/cabify/salaries/software-engineer/locations/spain,2026-10-06,,https://cabify.com,,Madrid,ES,"1,001-10,000",internet|b2c|mobile,2011,
Cabify,2394728,https://www.linkedin.com/company/cabify,cabify,resolved,46000,46000,8,L3,Madrid,2024-09,levels.fyi,https://www.levels.fyi/companies/cabify/salaries/software-engineer/locations/spain,2026-10-06,,https://cabify.com,,Madrid,ES,"1,001-10,000",internet|b2c|mobile,2011,
Cabify,2394728,https://www.linkedin.com/company/cabify,cabify,resolved,40800,40800,7,L4,Madrid,2020-07,levels.fyi,https://www.levels.fyi/companies/cabify/salaries/software-engineer/locations/spain,2026-10-06,,https://cabify.com,,Madrid,ES,"1,001-10,000",internet|b2c|mobile,2011,
Cabify,2394728,https://www.linkedin.com/company/cabify,cabify,resolved,40000,40000,5,L3,Madrid,2025-02,levels.fyi,https://www.levels.fyi/companies/cabify/salaries/software-engineer/locations/spain,2026-10-06,,https://cabify.com,,Madrid,ES,"1,001-10,000",internet|b2c|mobile,2011,
Cabify,2394728,https://www.linkedin.com/company/cabify,cabify,resolved,39000,39000,6,L3,Madrid,2022-05,levels.fyi,https://www.levels.fyi/companies/cabify/salaries/software-engineer/locations/spain,2026-10-06,,https://cabify.com,,Madrid,ES,"1,001-10,000",internet|b2c|mobile,2011,
Cabify,2394728,https://www.linkedin.com/company/cabify,cabify,resolved,38000,38000,6,L3,Madrid,2021-09,levels.fyi,https://www.levels.fyi/companies/cabify/salaries/software-engineer/locations/spain,2026-10-06,,https://cabify.com,,Madrid,ES,"1,001-10,000",internet|b2c|mobile,2011,
Cabify,2394728,https://www.linkedin.com/company/cabify,cabify,resolved,38000,38000,5,L2,Madrid,2022-10,levels.fyi,https://www.levels.fyi/companies/cabify/salaries/software-engineer/locations/spain,2026-10-06,,https://cabify.com,,Madrid,ES,"1,001-10,000",internet|b2c|mobile,2011,
Cabify,2394728,https://www.linkedin.com/company/cabify,cabify,resolved,27600,27600,5,E3,Madrid,2020-05,levels.fyi,https://www.levels.fyi/companies/cabify/salaries/software-engineer/locations/spain,2026-10-06,,https://cabify.com,,Madrid,ES,"1,001-10,000",internet|b2c|mobile,2011,
CaixaBank,,https://www.linkedin.com/company/caixabank,caixabank,resolved,60000,60000,7,,Barcelona,2026-01,levels.fyi,https://www.levels.fyi/companies/caixabank/salaries/software-engineer/locations/spain,2026-10-06,,,,,,,,,
CaixaBank,,https://www.linkedin.com/company/caixabank,caixabank,resolved,57000,57000,9,Pro,Madrid,2026-09,levels.fyi,https://www.levels.fyi/companies/caixabank/salaries/software-engineer/locations/spain,2026-10-06,,,,,,,,,
Canonical,,https://www.linkedin.com/company/canonical,canonical,resolved,93000,93000,15,Senior Engineer,Madrid,2026-08,levels.fyi,https://www.levels.fyi/companies/canonical/salaries/software-engineer/locations/spain,2026-10-06,,,,,,,,,
Canonical,,https://www.linkedin.com/company/canonical,canonical,resolved,80000,80000,13,Software Engineer III,Valladolid,2025-01,levels.fyi,https://www.levels.fyi/companies/canonical/salaries/software-engineer/locations/spain,2026-10-06,,,,,,,,,
Canonical,,https://www.linkedin.com/company/canonical,canonical,resolved,66000,69000,10,L1,Pontevedra,2021-09,levels.fyi,https://www.levels.fyi/companies/canonical/salaries/software-engineer/locations/spain,2026-10-06,,,,,,,,,
Canonical,,https://www.linkedin.com/company/canonical,canonical,resolved,38000,38000,5,Software Engineer I,Madrid,2025-02,levels.fyi,https://www.levels.fyi/companies/canonical/salaries/software-engineer/locations/spain,2026-10-06,,,,,,,,,
Capacity AI,,https://www.linkedin.com/company/teamcapacity,capacity-ai,resolved,62000,62000,20,,Madrid,2026-08,levels.fyi,https://www.levels.fyi/companies/capacity-ai/salaries/software-engineer/locations/spain,2026-10-06,,,,,,,,,
Carwow,1722873,https://www.linkedin.com/company/carwow,carwow,resolved,86000,86000,10,L1,Barcelona,2025-07,levels.fyi,https://www.levels.fyi/companies/carwow/salaries/software-engineer/locations/spain,2026-10-06,,,,,,,,,
Celonis,3118913,https://www.linkedin.com/company/celonis,celonis,resolved,82000,94000,24,IC4,Madrid,2025-06,levels.fyi,https://www.levels.fyi/companies/celonis/salaries/software-engineer/locations/spain,2026-10-06,,https://www.celonis.com,,München,DE,"1,001-10,000",information-technology-services|cloud-services|technology|saas,2011,"Execution management system provider. Equity: RSU vesting 25/1,25/12,25/12,25/12|25,25,25,25."
Celonis,3118913,https://www.linkedin.com/company/celonis,celonis,resolved,72000,80000,17,IC3,Madrid,2026-04,levels.fyi,https://www.levels.fyi/companies/celonis/salaries/software-engineer/locations/spain,2026-10-06,,https://www.celonis.com,,München,DE,"1,001-10,000",information-technology-services|cloud-services|technology|saas,2011,"Execution management system provider. Equity: RSU vesting 25/1,25/12,25/12,25/12|25,25,25,25."
Celonis,3118913,https://www.linkedin.com/company/celonis,celonis,resolved,65000,75000,10,IC4,Madrid,2022-09,levels.fyi,https://www.levels.fyi/companies/celonis/salaries/software-engineer/locations/spain,2026-10-06,,https://www.celonis.com,,München,DE,"1,001-10,000",information-technology-services|cloud-services|technology|saas,2011,"Execution management system provider. Equity: RSU vesting 25/1,25/12,25/12,25/12|25,25,25,25."
Celonis,3118913,https://www.linkedin.com/company/celonis,celonis,resolved,62000,101000,9,IC3,Madrid,2025-10,levels.fyi,https://www.levels.fyi/companies/celonis/salaries/software-engineer/locations/spain,2026-10-06,,https://www.celonis.com,,München,DE,"1,001-10,000",information-technology-services|cloud-services|technology|saas,2011,"Execution management system provider. Equity: RSU vesting 25/1,25/12,25/12,25/12|25,25,25,25."
Celonis,3118913,https://www.linkedin.com/company/celonis,celonis,resolved,60000,68000,10,IC3,Madrid,2022-10,levels.fyi,https://www.levels.fyi/companies/celonis/salaries/software-engineer/locations/spain,2026-10-06,,https://www.celonis.com,,München,DE,"1,001-10,000",information-technology-services|cloud-services|technology|saas,2011,"Execution management system provider. Equity: RSU vesting 25/1,25/12,25/12,25/12|25,25,25,25."
Celonis,3118913,https://www.linkedin.com/company/celonis,celonis,resolved,59000,77000,10,IC2,Madrid,2025-09,levels.fyi,https://www.levels.fyi/companies/celonis/salaries/software-engineer/locations/spain,2026-10-06,,https://www.celonis.com,,München,DE,"1,001-10,000",information-technology-services|cloud-services|technology|saas,2011,"Execution management system provider. Equity: RSU vesting 25/1,25/12,25/12,25/12|25,25,25,25."
Celonis,3118913,https://www.linkedin.com/company/celonis,celonis,resolved,57005,61390,8,IC3,Madrid,2023-08,levels.fyi,https://www.levels.fyi/companies/celonis/salaries/software-engineer/locations/spain,2026-10-06,,https://www.celonis.com,,München,DE,"1,001-10,000",information-technology-services|cloud-services|technology|saas,2011,"Execution management system provider. Equity: RSU vesting 25/1,25/12,25/12,25/12|25,25,25,25."
Celonis,3118913,https://www.linkedin.com/company/celonis,celonis,resolved,55000,58000,7,IC2,Barcelona,2025-02,levels.fyi,https://www.levels.fyi/companies/celonis/salaries/software-engineer/locations/spain,2026-10-06,,https://www.celonis.com,,München,DE,"1,001-10,000",information-technology-services|cloud-services|technology|saas,2011,"Execution management system provider. Equity: RSU vesting 25/1,25/12,25/12,25/12|25,25,25,25."
Celonis,3118913,https://www.linkedin.com/company/celonis,celonis,resolved,52500,65000,5,IC2,Madrid,2025-05,levels.fyi,https://www.levels.fyi/companies/celonis/salaries/software-engineer/locations/spain,2026-10-06,,https://www.celonis.com,,München,DE,"1,001-10,000",information-technology-services|cloud-services|technology|saas,2011,"Execution management system provider. Equity: RSU vesting 25/1,25/12,25/12,25/12|25,25,25,25."
Celonis,3118913,https://www.linkedin.com/company/celonis,celonis,resolved,52200,54600,8,IC2,Madrid,2022-12,levels.fyi,https://www.levels.fyi/companies/celonis/salaries/software-engineer/locations/spain,2026-10-06,,https://www.celonis.com,,München,DE,"1,001-10,000",information-technology-services|cloud-services|technology|saas,2011,"Execution management system provider. Equity: RSU vesting 25/1,25/12,25/12,25/12|25,25,25,25."
Celonis,3118913,https://www.linkedin.com/company/celonis,celonis,resolved,45600,58000,5,IC2,Madrid,2024-09,levels.fyi,https://www.levels.fyi/companies/celonis/salaries/software-engineer/locations/spain,2026-10-06,,https://www.celonis.com,,München,DE,"1,001-10,000",information-technology-services|cloud-services|technology|saas,2011,"Execution management system provider. Equity: RSU vesting 25/1,25/12,25/12,25/12|25,25,25,25."
Celonis,3118913,https://www.linkedin.com/company/celonis,celonis,resolved,45000,55000,5,IC2,Madrid,2024-06,levels.fyi,https://www.levels.fyi/companies/celonis/salaries/software-engineer/locations/spain,2026-10-06,,https://www.celonis.com,,München,DE,"1,001-10,000",information-technology-services|cloud-services|technology|saas,2011,"Execution management system provider. Equity: RSU vesting 25/1,25/12,25/12,25/12|25,25,25,25."
Celonis,3118913,https://www.linkedin.com/company/celonis,celonis,resolved,45000,52400,5,IC2,Madrid,2024-06,levels.fyi,https://www.levels.fyi/companies/celonis/salaries/software-engineer/locations/spain,2026-10-06,,https://www.celonis.com,,München,DE,"1,001-10,000",information-technology-services|cloud-services|technology|saas,2011,"Execution management system provider. Equity: RSU vesting 25/1,25/12,25/12,25/12|25,25,25,25."
Certify,,https://www.linkedin.com/company/certify-it,certify,resolved,60000,60000,7,Senior,Barcelona,2026-08,levels.fyi,https://www.levels.fyi/companies/certify/salaries/software-engineer/locations/spain,2026-10-06,,,,,,,,,
Certify,,https://www.linkedin.com/company/certify-it,certify,resolved,45000,45000,6,L2,Barcelona,2024-06,levels.fyi,https://www.levels.fyi/companies/certify/salaries/software-engineer/locations/spain,2026-10-06,,,,,,,,,
Chess.com,,https://www.linkedin.com/company/chess-com,chesscom,resolved,100000,100000,15,L3,Madrid,2026-08,levels.fyi,https://www.levels.fyi/companies/chesscom/salaries/software-engineer/locations/spain,2026-10-06,,,,,,,,,
Chintai,,https://www.linkedin.com/company/chintai,chintai,resolved,88000,108000,10,,Malaga,2026-06,levels.fyi,https://www.levels.fyi/companies/chintai/salaries/software-engineer/locations/spain,2026-10-06,,,,,,,,,
Ciklum,,https://www.linkedin.com/company/ciklum,ciklum,resolved,65000,65000,22,Senior Software Engineer,Malaga,2026-07,levels.fyi,https://www.levels.fyi/companies/ciklum/salaries/software-engineer/locations/spain,2026-10-06,,,,,,,,,
Ciklum,,https://www.linkedin.com/company/ciklum,ciklum,resolved,65000,65000,20,Senior Software Engineer,Malaga,2026-01,levels.fyi,https://www.levels.fyi/companies/ciklum/salaries/software-engineer/locations/spain,2026-10-06,,,,,,,,,
Ciklum,,https://www.linkedin.com/company/ciklum,ciklum,resolved,65000,65000,7,Senior Software Engineer,Malaga,2026-07,levels.fyi,https://www.levels.fyi/companies/ciklum/salaries/software-engineer/locations/spain,2026-10-06,,,,,,,,,
Ciklum,,https://www.linkedin.com/company/ciklum,ciklum,resolved,65000,65000,7,Senior Software Engineer,Malaga,2026-02,levels.fyi,https://www.levels.fyi/companies/ciklum/salaries/software-engineer/locations/spain,2026-10-06,,,,,,,,,
Ciklum,,https://www.linkedin.com/company/ciklum,ciklum,resolved,55000,55000,7,Senior Software Engineer,Malaga,2023-08,levels.fyi,https://www.levels.fyi/companies/ciklum/salaries/software-engineer/locations/spain,2026-10-06,,,,,,,,,
Ciklum,,https://www.linkedin.com/company/ciklum,ciklum,resolved,55000,55000,5-10,,Malaga,2023-02,levels.fyi,https://www.levels.fyi/companies/ciklum/salaries/software-engineer/locations/spain,2026-10-06,,,,,,,,,
Ciklum,,https://www.linkedin.com/company/ciklum,ciklum,resolved,51000,51000,10,L3,Malaga,2023-03,levels.fyi,https://www.levels.fyi/companies/ciklum/salaries/software-engineer/locations/spain,2026-10-06,,,,,,,,,
Ciklum,,https://www.linkedin.com/company/ciklum,ciklum,resolved,50000,50000,7,Senior Dev,Malaga,2022-12,levels.fyi,https://www.levels.fyi/companies/ciklum/salaries/software-engineer/locations/spain,2026-10-06,,,,,,,,,
Ciklum,,https://www.linkedin.com/company/ciklum,ciklum,resolved,49000,54800,5-10,,Malaga,2022-08,levels.fyi,https://www.levels.fyi/companies/ciklum/salaries/software-engineer/locations/spain,2026-10-06,,,,,,,,,
Cisco,1063,https://www.linkedin.com/company/cisco,cisco,resolved,96470,141197,19,Technical Leader 2,Madrid,2023-11,levels.fyi,https://www.levels.fyi/companies/cisco/salaries/software-engineer/locations/spain,2026-10-06,,,,,,,,,
Cisco,1063,https://www.linkedin.com/company/cisco,cisco,resolved,95000,126500,5,Software Engineer IV,Valencia,2025-12,levels.fyi,https://www.levels.fyi/companies/cisco/salaries/software-engineer/locations/spain,2026-10-06,,,,,,,,,
Cisco,1063,https://www.linkedin.com/company/cisco,cisco,resolved,89000,108000,10,Software Engineer IV,Madrid,2025-04,levels.fyi,https://www.levels.fyi/companies/cisco/salaries/software-engineer/locations/spain,2026-10-06,,,,,,,,,
Cisco,1063,https://www.linkedin.com/company/cisco,cisco,resolved,80000,90000,10,Software Engineer IV,Barcelona,2023-07,levels.fyi,https://www.levels.fyi/companies/cisco/salaries/software-engineer/locations/spain,2026-10-06,,,,,,,,,
Cisco,1063,https://www.linkedin.com/company/cisco,cisco,resolved,68000,91000,15,Technical Leader 1,Barcelona,2021-07,levels.fyi,https://www.levels.fyi/companies/cisco/salaries/software-engineer/locations/spain,2026-10-06,,,,,,,,,
Clarity AI,9480749,https://www.linkedin.com/company/clarity-ai,clarity-ai,resolved,63000,63000,13,,Madrid,2026-02,levels.fyi,https://www.levels.fyi/companies/clarity-ai/salaries/software-engineer/locations/spain,2026-10-06,,,,,,,,,
Clarity AI,9480749,https://www.linkedin.com/company/clarity-ai,clarity-ai,resolved,54000,54000,5-10,,Madrid,2026-09,levels.fyi,https://www.levels.fyi/companies/clarity-ai/salaries/software-engineer/locations/spain,2026-10-06,,,,,,,,,
Clarivate,10950962,https://www.linkedin.com/company/clarivate,clarivate,resolved,69000,71000,15,L6,Barcelona,2025-06,levels.fyi,https://www.levels.fyi/companies/clarivate/salaries/software-engineer/locations/spain,2026-10-06,,,,,,,,,
Clear Global,,https://www.linkedin.com/company/clear-by-alclear-llc,clear-global,resolved,66000,66000,12,Senior,Barcelona,2026-09,levels.fyi,https://www.levels.fyi/companies/clear-global/salaries/software-engineer/locations/spain,2026-10-06,,,,,,,,,
CloudLinux,,https://www.linkedin.com/company/cloudlinux,cloudlinux,resolved,82000,82000,7,Software Engineer,Madrid,2026-08,levels.fyi,https://www.levels.fyi/companies/cloudlinux/salaries/software-engineer/locations/spain,2026-10-06,,,,,,,,,
Collate,78395355,https://www.linkedin.com/company/collateinc,collate,resolved,80000,80000,6,,Madrid,2025-10,levels.fyi,https://www.levels.fyi/companies/collate/salaries/software-engineer/locations/spain,2026-10-06,,,,,,,,,
Collate,78395355,https://www.linkedin.com/company/collateinc,collate,resolved,75000,81750,5,IC3,Madrid,2025-08,levels.fyi,https://www.levels.fyi/companies/collate/salaries/software-engineer/locations/spain,2026-10-06,,,,,,,,,
Creative Fabrica,10854260,https://www.linkedin.com/company/creative-fabrica,creative-fabrica,resolved,160000,180000,10,Staff,Barcelona,2025-07,levels.fyi,https://www.levels.fyi/companies/creative-fabrica/salaries/software-engineer/locations/spain,2026-10-06,,https://www.creativefabrica.com,,Amsterdam,NL,"201-1,000",technology|internet|design|b2b,2016,
Criteo,37209,https://www.linkedin.com/company/criteo,criteo,resolved,78000,90000,15,L4,Barcelona,2026-02,levels.fyi,https://www.levels.fyi/companies/criteo/salaries/software-engineer/locations/spain,2026-10-06,,,,,,,,,
D-EDGE,,https://www.linkedin.com/company/d-edge-hospitality-solutions,d-edge,resolved,70000,70000,15,L1,Barcelona,2025-01,levels.fyi,https://www.levels.fyi/companies/d-edge/salaries/software-engineer/locations/spain,2026-10-06,,https://www.d-edge.com,,Paris,FR,"201-1,000",e-commerce|travel-leisure|information-technology-services|technology,2019,
Datadog,1066442,https://www.linkedin.com/company/datadog,datadog,resolved,125000,178500,10,Senior Software Engineer,Barcelona,2025-10,levels.fyi,https://www.levels.fyi/companies/datadog/salaries/software-engineer/locations/spain,2026-10-06,,,,,,,,,
Datadog,1066442,https://www.linkedin.com/company/datadog,datadog,resolved,115000,160750,18,Senior Software Engineer,Madrid,2025-02,levels.fyi,https://www.levels.fyi/companies/datadog/salaries/software-engineer/locations/spain,2026-10-06,,,,,,,,,
Datadog,1066442,https://www.linkedin.com/company/datadog,datadog,resolved,115000,160000,9,Senior Software Engineer,Madrid,2023-09,levels.fyi,https://www.levels.fyi/companies/datadog/salaries/software-engineer/locations/spain,2026-10-06,,,,,,,,,
Datadog,1066442,https://www.linkedin.com/company/datadog,datadog,resolved,115000,115000,7,Senior Software Engineer,Madrid,2026-06,levels.fyi,https://www.levels.fyi/companies/datadog/salaries/software-engineer/locations/spain,2026-10-06,,,,,,,,,
Datadog,1066442,https://www.linkedin.com/company/datadog,datadog,resolved,110000,148000,15,Senior Software Engineer,Madrid,2026-07,levels.fyi,https://www.levels.fyi/companies/datadog/salaries/software-engineer/locations/spain,2026-10-06,,,,,,,,,
Datadog,1066442,https://www.linkedin.com/company/datadog,datadog,resolved,110000,148000,15,Senior Software Engineer,Madrid,2025-08,levels.fyi,https://www.levels.fyi/companies/datadog/salaries/software-engineer/locations/spain,2026-10-06,,,,,,,,,
Datadog,1066442,https://www.linkedin.com/company/datadog,datadog,resolved,105000,156500,8,L4,Madrid,2022-05,levels.fyi,https://www.levels.fyi/companies/datadog/salaries/software-engineer/locations/spain,2026-10-06,,,,,,,,,
Datadog,1066442,https://www.linkedin.com/company/datadog,datadog,resolved,105000,137000,6,Senior Software Engineer,Madrid,2025-12,levels.fyi,https://www.levels.fyi/companies/datadog/salaries/software-engineer/locations/spain,2026-10-06,,,,,,,,,
Datadog,1066442,https://www.linkedin.com/company/datadog,datadog,resolved,103000,138000,7,Senior Software Engineer,Madrid,2025-11,levels.fyi,https://www.levels.fyi/companies/datadog/salaries/software-engineer/locations/spain,2026-10-06,,,,,,,,,
Datadog,1066442,https://www.linkedin.com/company/datadog,datadog,resolved,100000,175000,10,Senior Software Engineer,Madrid,2026-05,levels.fyi,https://www.levels.fyi/companies/datadog/salaries/software-engineer/locations/spain,2026-10-06,,,,,,,,,
Datadog,1066442,https://www.linkedin.com/company/datadog,datadog,resolved,100000,150000,6,Senior Software Engineer,Madrid,2025-10,levels.fyi,https://www.levels.fyi/companies/datadog/salaries/software-engineer/locations/spain,2026-10-06,,,,,,,,,
Datadog,1066442,https://www.linkedin.com/company/datadog,datadog,resolved,100000,145000,10,Senior Software Engineer,Madrid,2026-03,levels.fyi,https://www.levels.fyi/companies/datadog/salaries/software-engineer/locations/spain,2026-10-06,,,,,,,,,
Datadog,1066442,https://www.linkedin.com/company/datadog,datadog,resolved,100000,130000,7,Senior Software Engineer,Barcelona,2025-11,levels.fyi,https://www.levels.fyi/companies/datadog/salaries/software-engineer/locations/spain,2026-10-06,,,,,,,,,
Datadog,1066442,https://www.linkedin.com/company/datadog,datadog,resolved,100000,130000,7,Senior Software Engineer,Madrid,2025-04,levels.fyi,https://www.levels.fyi/companies/datadog/salaries/software-engineer/locations/spain,2026-10-06,,,,,,,,,
Datadog,1066442,https://www.linkedin.com/company/datadog,datadog,resolved,100000,130000,6,Senior Software Engineer,Madrid,2025-11,levels.fyi,https://www.levels.fyi/companies/datadog/salaries/software-engineer/locations/spain,2026-10-06,,,,,,,,,
Datadog,1066442,https://www.linkedin.com/company/datadog,datadog,resolved,100000,115000,12,Senior Software Engineer,Barcelona,2026-01,levels.fyi,https://www.levels.fyi/companies/datadog/salaries/software-engineer/locations/spain,2026-10-06,,,,,,,,,
Datadog,1066442,https://www.linkedin.com/company/datadog,datadog,resolved,100000,100000,10,Software Engineer II,Madrid,2026-03,levels.fyi,https://www.levels.fyi/companies/datadog/salaries/software-engineer/locations/spain,2026-10-06,,,,,,,,,
Datadog,1066442,https://www.linkedin.com/company/datadog,datadog,resolved,94000,134000,6,Software Engineer II,Madrid,2023-02,levels.fyi,https://www.levels.fyi/companies/datadog/salaries/software-engineer/locations/spain,2026-10-06,,,,,,,,,
Datadog,1066442,https://www.linkedin.com/company/datadog,datadog,resolved,90000,120000,7,Senior Software Engineer,Madrid,2024-05,levels.fyi,https://www.levels.fyi/companies/datadog/salaries/software-engineer/locations/spain,2026-10-06,,,,,,,,,
Datadog,1066442,https://www.linkedin.com/company/datadog,datadog,resolved,87500,113500,10,Software Engineer II,Madrid,2026-06,levels.fyi,https://www.levels.fyi/companies/datadog/salaries/software-engineer/locations/spain,2026-10-06,,,,,,,,,
Datadog,1066442,https://www.linkedin.com/company/datadog,datadog,resolved,87000,117000,10,Software Engineer II,Madrid,2026-06,levels.fyi,https://www.levels.fyi/companies/datadog/salaries/software-engineer/locations/spain,2026-10-06,,,,,,,,,
Datadog,1066442,https://www.linkedin.com/company/datadog,datadog,resolved,85000,110000,11,Software Engineer II,Barcelona,2025-11,levels.fyi,https://www.levels.fyi/companies/datadog/salaries/software-engineer/locations/spain,2026-10-06,,,,,,,,,
Datadog,1066442,https://www.linkedin.com/company/datadog,datadog,resolved,85000,110000,9,Software Engineer II,Madrid,2026-08,levels.fyi,https://www.levels.fyi/companies/datadog/salaries/software-engineer/locations/spain,2026-10-06,,,,,,,,,
Datadog,1066442,https://www.linkedin.com/company/datadog,datadog,resolved,85000,100000,12,Software Engineer II,Barcelona,2025-10,levels.fyi,https://www.levels.fyi/companies/datadog/salaries/software-engineer/locations/spain,2026-10-06,,,,,,,,,
Datadog,1066442,https://www.linkedin.com/company/datadog,datadog,resolved,80000,105000,7,Software Engineer II,Madrid,2026-01,levels.fyi,https://www.levels.fyi/companies/datadog/salaries/software-engineer/locations/spain,2026-10-06,,,,,,,,,
Datadog,1066442,https://www.linkedin.com/company/datadog,datadog,resolved,80000,100000,5,Software Engineer II,Madrid,2025-09,levels.fyi,https://www.levels.fyi/companies/datadog/salaries/software-engineer/locations/spain,2026-10-06,,,,,,,,,
Datadog,1066442,https://www.linkedin.com/company/datadog,datadog,resolved,79000,109000,7,SE1,Barcelona,2021-03,levels.fyi,https://www.levels.fyi/companies/datadog/salaries/software-engineer/locations/spain,2026-10-06,,,,,,,,,
Datadog,1066442,https://www.linkedin.com/company/datadog,datadog,resolved,78000,98000,12,Software Engineer II,Madrid,2025-08,levels.fyi,https://www.levels.fyi/companies/datadog/salaries/software-engineer/locations/spain,2026-10-06,,,,,,,,,
Datadog,1066442,https://www.linkedin.com/company/datadog,datadog,resolved,75000,98000,7,Software Engineer II,Madrid,2025-03,levels.fyi,https://www.levels.fyi/companies/datadog/salaries/software-engineer/locations/spain,2026-10-06,,,,,,,,,
Datadog,1066442,https://www.linkedin.com/company/datadog,datadog,resolved,75000,97750,8,Software Engineer II,Madrid,2024-08,levels.fyi,https://www.levels.fyi/companies/datadog/salaries/software-engineer/locations/spain,2026-10-06,,,,,,,,,
Datadog,1066442,https://www.linkedin.com/company/datadog,datadog,resolved,75000,95000,5,Software Engineer II,Madrid,2025-09,levels.fyi,https://www.levels.fyi/companies/datadog/salaries/software-engineer/locations/spain,2026-10-06,,,,,,,,,
Datadog,1066442,https://www.linkedin.com/company/datadog,datadog,resolved,75000,95000,5,Software Engineer II,Madrid,2024-12,levels.fyi,https://www.levels.fyi/companies/datadog/salaries/software-engineer/locations/spain,2026-10-06,,,,,,,,,
Datadog,1066442,https://www.linkedin.com/company/datadog,datadog,resolved,75000,93000,7,Software Engineer II,Madrid,2025-01,levels.fyi,https://www.levels.fyi/companies/datadog/salaries/software-engineer/locations/spain,2026-10-06,,,,,,,,,
Datadog,1066442,https://www.linkedin.com/company/datadog,datadog,resolved,75000,91000,8,Software Engineer II,Madrid,2025-09,levels.fyi,https://www.levels.fyi/companies/datadog/salaries/software-engineer/locations/spain,2026-10-06,,,,,,,,,
Datadog,1066442,https://www.linkedin.com/company/datadog,datadog,resolved,75000,91000,5,Software Engineer II,Madrid,2025-05,levels.fyi,https://www.levels.fyi/companies/datadog/salaries/software-engineer/locations/spain,2026-10-06,,,,,,,,,
Datadog,1066442,https://www.linkedin.com/company/datadog,datadog,resolved,73000,91000,10,Software Engineer II,Madrid,2024-02,levels.fyi,https://www.levels.fyi/companies/datadog/salaries/software-engineer/locations/spain,2026-10-06,,,,,,,,,
Datadog,1066442,https://www.linkedin.com/company/datadog,datadog,resolved,70000,110000,5,L2,Madrid,2022-08,levels.fyi,https://www.levels.fyi/companies/datadog/salaries/software-engineer/locations/spain,2026-10-06,,,,,,,,,
Datadog,1066442,https://www.linkedin.com/company/datadog,datadog,resolved,70000,86250,7,Software Engineer II,Madrid,2024-07,levels.fyi,https://www.levels.fyi/companies/datadog/salaries/software-engineer/locations/spain,2026-10-06,,,,,,,,,
Datadog,1066442,https://www.linkedin.com/company/datadog,datadog,resolved,60000,75000,7,Software Engineer II,Madrid,2025-02,levels.fyi,https://www.levels.fyi/companies/datadog/salaries/software-engineer/locations/spain,2026-10-06,,,,,,,,,
Deel,18922914,https://www.linkedin.com/company/deel,deel,resolved,86570,86570,10,Senior,Madrid,2022-05,levels.fyi,https://www.levels.fyi/companies/deel/salaries/software-engineer/locations/spain,2026-10-06,,,,,,,,,
Deel,18922914,https://www.linkedin.com/company/deel,deel,resolved,85000,85000,11,Software Engineer II,Sevilla,2026-08,levels.fyi,https://www.levels.fyi/companies/deel/salaries/software-engineer/locations/spain,2026-10-06,,,,,,,,,
Deel,18922914,https://www.linkedin.com/company/deel,deel,resolved,78000,90000,16,Senior Software Engineer,Madrid,2025-01,levels.fyi,https://www.levels.fyi/companies/deel/salaries/software-engineer/locations/spain,2026-10-06,,,,,,,,,
Deel,18922914,https://www.linkedin.com/company/deel,deel,resolved,78000,90000,8,L3,Barcelona,2023-04,levels.fyi,https://www.levels.fyi/companies/deel/salaries/software-engineer/locations/spain,2026-10-06,,,,,,,,,
Deel,18922914,https://www.linkedin.com/company/deel,deel,resolved,78000,78000,6,Software Engineer II,Madrid,2025-03,levels.fyi,https://www.levels.fyi/companies/deel/salaries/software-engineer/locations/spain,2026-10-06,,,,,,,,,
Deel,18922914,https://www.linkedin.com/company/deel,deel,resolved,60000,100000,5,Senior,Madrid,2023-07,levels.fyi,https://www.levels.fyi/companies/deel/salaries/software-engineer/locations/spain,2026-10-06,,,,,,,,,
Deel,18922914,https://www.linkedin.com/company/deel,deel,resolved,60000,60000,6,L3,Madrid,2023-12,levels.fyi,https://www.levels.fyi/companies/deel/salaries/software-engineer/locations/spain,2026-10-06,,,,,,,,,
Deel,18922914,https://www.linkedin.com/company/deel,deel,resolved,60000,60000,5,Senior,Madrid,2023-08,levels.fyi,https://www.levels.fyi/companies/deel/salaries/software-engineer/locations/spain,2026-10-06,,,,,,,,,
Deel,18922914,https://www.linkedin.com/company/deel,deel,resolved,55200,55200,7,Software Engineer II,Barcelona,2026-03,levels.fyi,https://www.levels.fyi/companies/deel/salaries/software-engineer/locations/spain,2026-10-06,,,,,,,,,
Delivery Hero,,https://www.linkedin.com/company/delivery-hero-se,delivery-hero,resolved,78000,90000,7,IC3,Barcelona,2026-07,levels.fyi,https://www.levels.fyi/companies/delivery-hero/salaries/software-engineer/locations/spain,2026-10-06,,,,,,,,,
Deloitte,1038,https://www.linkedin.com/company/deloitte,deloitte,resolved,90000,109000,18,L4,Madrid,2025-01,levels.fyi,https://www.levels.fyi/companies/deloitte/salaries/software-engineer/locations/spain,2026-10-06,,,,,,,,,
Deloitte,1038,https://www.linkedin.com/company/deloitte,deloitte,resolved,80000,99000,19,L4,Madrid,2025-01,levels.fyi,https://www.levels.fyi/companies/deloitte/salaries/software-engineer/locations/spain,2026-10-06,,,,,,,,,
Deloitte,1038,https://www.linkedin.com/company/deloitte,deloitte,resolved,78000,89000,17,L4,Malaga,2025-01,levels.fyi,https://www.levels.fyi/companies/deloitte/salaries/software-engineer/locations/spain,2026-10-06,,,,,,,,,
Deloitte,1038,https://www.linkedin.com/company/deloitte,deloitte,resolved,77000,93000,11,L3,Zaragoza,2025-01,levels.fyi,https://www.levels.fyi/companies/deloitte/salaries/software-engineer/locations/spain,2026-10-06,,,,,,,,,
Deloitte,1038,https://www.linkedin.com/company/deloitte,deloitte,resolved,75000,75000,17,L4,Oviedo,2024-12,levels.fyi,https://www.levels.fyi/companies/deloitte/salaries/software-engineer/locations/spain,2026-10-06,,,,,,,,,
Deloitte,1038,https://www.linkedin.com/company/deloitte,deloitte,resolved,72000,84000,18,L4,Valladolid,2025-01,levels.fyi,https://www.levels.fyi/companies/deloitte/salaries/software-engineer/locations/spain,2026-10-06,,,,,,,,,
Deloitte,1038,https://www.linkedin.com/company/deloitte,deloitte,resolved,59000,77000,5,L2,Oviedo,2025-01,levels.fyi,https://www.levels.fyi/companies/deloitte/salaries/software-engineer/locations/spain,2026-10-06,,,,,,,,,
Deloitte,1038,https://www.linkedin.com/company/deloitte,deloitte,resolved,50600,60800,13,L3,Barcelona,2026-09,levels.fyi,https://www.levels.fyi/companies/deloitte/salaries/software-engineer/locations/spain,2026-10-06,,,,,,,,,
Deloitte,1038,https://www.linkedin.com/company/deloitte,deloitte,resolved,45000,45000,7,L2,Barcelona,2025-11,levels.fyi,https://www.levels.fyi/companies/deloitte/salaries/software-engineer/locations/spain,2026-10-06,,,,,,,,,
Deloitte,1038,https://www.linkedin.com/company/deloitte,deloitte,resolved,43000,47000,10,L4,Zaragoza,2024-11,levels.fyi,https://www.levels.fyi/companies/deloitte/salaries/software-engineer/locations/spain,2026-10-06,,,,,,,,,
Deloitte,1038,https://www.linkedin.com/company/deloitte,deloitte,resolved,40000,40000,6,L4,Madrid,2024-07,levels.fyi,https://www.levels.fyi/companies/deloitte/salaries/software-engineer/locations/spain,2026-10-06,,,,,,,,,
dLocal,15156062,https://www.linkedin.com/company/dlocal,dlocal,resolved,80000,80000,10,L3,Barcelona,2025-01,levels.fyi,https://www.levels.fyi/companies/dlocal/salaries/software-engineer/locations/spain,2026-10-06,,,,,,,,,
dLocal,15156062,https://www.linkedin.com/company/dlocal,dlocal,resolved,75000,75000,5,L3,Barcelona,2023-12,levels.fyi,https://www.levels.fyi/companies/dlocal/salaries/software-engineer/locations/spain,2026-10-06,,,,,,,,,
dLocal,15156062,https://www.linkedin.com/company/dlocal,dlocal,resolved,74000,74000,15,Senior,Barcelona,2024-10,levels.fyi,https://www.levels.fyi/companies/dlocal/salaries/software-engineer/locations/spain,2026-10-06,,,,,,,,,
dLocal,15156062,https://www.linkedin.com/company/dlocal,dlocal,resolved,70000,70000,9,L3,Barcelona,2025-09,levels.fyi,https://www.levels.fyi/companies/dlocal/salaries/software-engineer/locations/spain,2026-10-06,,,,,,,,,
dLocal,15156062,https://www.linkedin.com/company/dlocal,dlocal,resolved,70000,70000,7,L3,Barcelona,2025-09,levels.fyi,https://www.levels.fyi/companies/dlocal/salaries/software-engineer/locations/spain,2026-10-06,,,,,,,,,
dLocal,15156062,https://www.linkedin.com/company/dlocal,dlocal,resolved,65000,65000,5,L3,Madrid,2024-03,levels.fyi,https://www.levels.fyi/companies/dlocal/salaries/software-engineer/locations/spain,2026-10-06,,,,,,,,,
dLocal,15156062,https://www.linkedin.com/company/dlocal,dlocal,resolved,60000,60000,7,L3,Barcelona,2025-09,levels.fyi,https://www.levels.fyi/companies/dlocal/salaries/software-engineer/locations/spain,2026-10-06,,,,,,,,,
Docplanner,2254852,https://www.linkedin.com/company/docplannergroup,docplanner,resolved,90000,90000,17,Principal Engineer,Barcelona,2025-07,levels.fyi,https://www.levels.fyi/companies/docplanner/salaries/software-engineer/locations/spain,2026-10-06,,,,,,,,,
Docplanner,2254852,https://www.linkedin.com/company/docplannergroup,docplanner,resolved,70000,70000,6,L3,Barcelona,2023-08,levels.fyi,https://www.levels.fyi/companies/docplanner/salaries/software-engineer/locations/spain,2026-10-06,,,,,,,,,
Docplanner,2254852,https://www.linkedin.com/company/docplannergroup,docplanner,resolved,68000,68000,15,Senior,Barcelona,2024-02,levels.fyi,https://www.levels.fyi/companies/docplanner/salaries/software-engineer/locations/spain,2026-10-06,,,,,,,,,
Docplanner,2254852,https://www.linkedin.com/company/docplannergroup,docplanner,resolved,68000,68000,14,D3,Barcelona,2024-01,levels.fyi,https://www.levels.fyi/companies/docplanner/salaries/software-engineer/locations/spain,2026-10-06,,,,,,,,,
Docplanner,2254852,https://www.linkedin.com/company/docplannergroup,docplanner,resolved,60000,60000,15,Senior,Barcelona,2023-06,levels.fyi,https://www.levels.fyi/companies/docplanner/salaries/software-engineer/locations/spain,2026-10-06,,,,,,,,,
Docplanner,2254852,https://www.linkedin.com/company/docplannergroup,docplanner,resolved,60000,60000,5,L3,Madrid,2024-04,levels.fyi,https://www.levels.fyi/companies/docplanner/salaries/software-engineer/locations/spain,2026-10-06,,,,,,,,,
Docplanner,2254852,https://www.linkedin.com/company/docplannergroup,docplanner,resolved,55000,55000,10,Senior,Barcelona,2025-03,levels.fyi,https://www.levels.fyi/companies/docplanner/salaries/software-engineer/locations/spain,2026-10-06,,,,,,,,,
Docplanner,2254852,https://www.linkedin.com/company/docplannergroup,docplanner,resolved,50000,50000,5,L3,Barcelona,2024-03,levels.fyi,https://www.levels.fyi/companies/docplanner/salaries/software-engineer/locations/spain,2026-10-06,,,,,,,,,
Docplanner,2254852,https://www.linkedin.com/company/docplannergroup,docplanner,resolved,45000,45000,5,L2,Barcelona,2024-01,levels.fyi,https://www.levels.fyi/companies/docplanner/salaries/software-engineer/locations/spain,2026-10-06,,,,,,,,,
Docplanner,2254852,https://www.linkedin.com/company/docplannergroup,docplanner,resolved,40000,40000,7,L1,Barcelona,2023-10,levels.fyi,https://www.levels.fyi/companies/docplanner/salaries/software-engineer/locations/spain,2026-10-06,,,,,,,,,
Dow Jones,2284,https://www.linkedin.com/company/dow-jones,dow-jones,resolved,70000,70000,5,Senior Software Engineer,Barcelona,2025-09,levels.fyi,https://www.levels.fyi/companies/dow-jones/salaries/software-engineer/locations/spain,2026-10-06,,,,,,,,,
Dow Jones,2284,https://www.linkedin.com/company/dow-jones,dow-jones,resolved,67000,67000,5,L3,Barcelona,2025-07,levels.fyi,https://www.levels.fyi/companies/dow-jones/salaries/software-engineer/locations/spain,2026-10-06,,,,,,,,,
Dow Jones,2284,https://www.linkedin.com/company/dow-jones,dow-jones,resolved,65000,65000,5,Senior Software Engineer,Barcelona,2025-01,levels.fyi,https://www.levels.fyi/companies/dow-jones/salaries/software-engineer/locations/spain,2026-10-06,,,,,,,,,
Dynatrace,125999,https://www.linkedin.com/company/dynatrace,dynatrace,resolved,105000,175000,20,P5,Madrid,2026-07,levels.fyi,https://www.levels.fyi/companies/dynatrace/salaries/software-engineer/locations/spain,2026-10-06,,,,,,,,,
Dynatrace,125999,https://www.linkedin.com/company/dynatrace,dynatrace,resolved,85000,105000,13,P4,Barcelona,2026-03,levels.fyi,https://www.levels.fyi/companies/dynatrace/salaries/software-engineer/locations/spain,2026-10-06,,,,,,,,,
Dynatrace,125999,https://www.linkedin.com/company/dynatrace,dynatrace,resolved,73000,110000,10,P4,Barcelona,2026-06,levels.fyi,https://www.levels.fyi/companies/dynatrace/salaries/software-engineer/locations/spain,2026-10-06,,,,,,,,,
Dynatrace,125999,https://www.linkedin.com/company/dynatrace,dynatrace,resolved,72000,122000,9,P4,Barcelona,2023-10,levels.fyi,https://www.levels.fyi/companies/dynatrace/salaries/software-engineer/locations/spain,2026-10-06,,,,,,,,,
Dynatrace,125999,https://www.linkedin.com/company/dynatrace,dynatrace,resolved,70000,100000,10,P4,Barcelona,2026-04,levels.fyi,https://www.levels.fyi/companies/dynatrace/salaries/software-engineer/locations/spain,2026-10-06,,,,,,,,,
Dynatrace,125999,https://www.linkedin.com/company/dynatrace,dynatrace,resolved,70000,90000,10,P4,Barcelona,2023-08,levels.fyi,https://www.levels.fyi/companies/dynatrace/salaries/software-engineer/locations/spain,2026-10-06,,,,,,,,,
Dynatrace,125999,https://www.linkedin.com/company/dynatrace,dynatrace,resolved,70000,70000,13,P4,Barcelona,2026-07,levels.fyi,https://www.levels.fyi/companies/dynatrace/salaries/software-engineer/locations/spain,2026-10-06,,,,,,,,,
Dynatrace,125999,https://www.linkedin.com/company/dynatrace,dynatrace,resolved,70000,70000,10,P3,Barcelona,2023-02,levels.fyi,https://www.levels.fyi/companies/dynatrace/salaries/software-engineer/locations/spain,2026-10-06,,,,,,,,,
Dynatrace,125999,https://www.linkedin.com/company/dynatrace,dynatrace,resolved,70000,70000,7,P4,Barcelona,2023-04,levels.fyi,https://www.levels.fyi/companies/dynatrace/salaries/software-engineer/locations/spain,2026-10-06,,,,,,,,,
Dynatrace,125999,https://www.linkedin.com/company/dynatrace,dynatrace,resolved,66000,70750,6,P3,Barcelona,2023-09,levels.fyi,https://www.levels.fyi/companies/dynatrace/salaries/software-engineer/locations/spain,2026-10-06,,,,,,,,,
Dynatrace,125999,https://www.linkedin.com/company/dynatrace,dynatrace,resolved,65000,70000,7,P4,Barcelona,2024-01,levels.fyi,https://www.levels.fyi/companies/dynatrace/salaries/software-engineer/locations/spain,2026-10-06,,,,,,,,,
Dynatrace,125999,https://www.linkedin.com/company/dynatrace,dynatrace,resolved,63000,68000,7,P3,Barcelona,2023-06,levels.fyi,https://www.levels.fyi/companies/dynatrace/salaries/software-engineer/locations/spain,2026-10-06,,,,,,,,,
Dynatrace,125999,https://www.linkedin.com/company/dynatrace,dynatrace,resolved,62000,82000,9,P3,Barcelona,2025-11,levels.fyi,https://www.levels.fyi/companies/dynatrace/salaries/software-engineer/locations/spain,2026-10-06,,,,,,,,,
Dynatrace,125999,https://www.linkedin.com/company/dynatrace,dynatrace,resolved,60000,75000,9,P3,Barcelona,2025-04,levels.fyi,https://www.levels.fyi/companies/dynatrace/salaries/software-engineer/locations/spain,2026-10-06,,,,,,,,,
Dynatrace,125999,https://www.linkedin.com/company/dynatrace,dynatrace,resolved,60000,60000,8,P3,Barcelona,2024-01,levels.fyi,https://www.levels.fyi/companies/dynatrace/salaries/software-engineer/locations/spain,2026-10-06,,,,,,,,,
Dynatrace,125999,https://www.linkedin.com/company/dynatrace,dynatrace,resolved,60000,60000,5,P3,Barcelona,2024-05,levels.fyi,https://www.levels.fyi/companies/dynatrace/salaries/software-engineer/locations/spain,2026-10-06,,,,,,,,,
Dynatrace,125999,https://www.linkedin.com/company/dynatrace,dynatrace,resolved,57600,57600,10,P3,Barcelona,2021-12,levels.fyi,https://www.levels.fyi/companies/dynatrace/salaries/software-engineer/locations/spain,2026-10-06,,,,,,,,,
Dynatrace,125999,https://www.linkedin.com/company/dynatrace,dynatrace,resolved,57000,61000,5,P2,Barcelona,2024-01,levels.fyi,https://www.levels.fyi/companies/dynatrace/salaries/software-engineer/locations/spain,2026-10-06,,,,,,,,,
Dynatrace,125999,https://www.linkedin.com/company/dynatrace,dynatrace,resolved,51200,51200,10,L,Barcelona,2021-02,levels.fyi,https://www.levels.fyi/companies/dynatrace/salaries/software-engineer/locations/spain,2026-10-06,,,,,,,,,
Dynatrace,125999,https://www.linkedin.com/company/dynatrace,dynatrace,resolved,50000,60000,6,P2,Madrid,2024-10,levels.fyi,https://www.levels.fyi/companies/dynatrace/salaries/software-engineer/locations/spain,2026-10-06,,,,,,,,,
Dynatrace,125999,https://www.linkedin.com/company/dynatrace,dynatrace,resolved,48800,48800,12,P3,Barcelona,2020-12,levels.fyi,https://www.levels.fyi/companies/dynatrace/salaries/software-engineer/locations/spain,2026-10-06,,,,,,,,,
Dynatrace,125999,https://www.linkedin.com/company/dynatrace,dynatrace,resolved,41600,50600,5,P1,Barcelona,2024-09,levels.fyi,https://www.levels.fyi/companies/dynatrace/salaries/software-engineer/locations/spain,2026-10-06,,,,,,,,,
Dynatrace,125999,https://www.linkedin.com/company/dynatrace,dynatrace,resolved,40000,40000,7,P3,Barcelona,2022-10,levels.fyi,https://www.levels.fyi/companies/dynatrace/salaries/software-engineer/locations/spain,2026-10-06,,,,,,,,,
Ebury,,https://www.linkedin.com/company/eburyfintech,ebury,resolved,75000,76000,20,L4,Madrid,2025-11,levels.fyi,https://www.levels.fyi/companies/ebury/salaries/software-engineer/locations/spain,2026-10-06,,,,,,,,,
Ebury,,https://www.linkedin.com/company/eburyfintech,ebury,resolved,75000,75000,11+,Senior,Madrid,2025-09,levels.fyi,https://www.levels.fyi/companies/ebury/salaries/software-engineer/locations/spain,2026-10-06,,,,,,,,,
Ebury,,https://www.linkedin.com/company/eburyfintech,ebury,resolved,58680,64216,5,Senior,Malaga,2025-02,levels.fyi,https://www.levels.fyi/companies/ebury/salaries/software-engineer/locations/spain,2026-10-06,,,,,,,,,
EcoVadis,,https://www.linkedin.com/company/ecovadis,ecovadis,resolved,70000,75000,7,L3,Barcelona,2024-09,levels.fyi,https://www.levels.fyi/companies/ecovadis/salaries/software-engineer/locations/spain,2026-10-06,,,,,,,,,
EcoVadis,,https://www.linkedin.com/company/ecovadis,ecovadis,resolved,65000,70000,8,L3,Barcelona,2026-08,levels.fyi,https://www.levels.fyi/companies/ecovadis/salaries/software-engineer/locations/spain,2026-10-06,,,,,,,,,
EcoVadis,,https://www.linkedin.com/company/ecovadis,ecovadis,resolved,65000,69000,8,Senior,Barcelona,2026-08,levels.fyi,https://www.levels.fyi/companies/ecovadis/salaries/software-engineer/locations/spain,2026-10-06,,,,,,,,,
EcoVadis,,https://www.linkedin.com/company/ecovadis,ecovadis,resolved,59000,59000,5,L5,Barcelona,2026-01,levels.fyi,https://www.levels.fyi/companies/ecovadis/salaries/software-engineer/locations/spain,2026-10-06,,,,,,,,,
EcoVadis,,https://www.linkedin.com/company/ecovadis,ecovadis,resolved,58000,62000,7,L3,Barcelona,2025-01,levels.fyi,https://www.levels.fyi/companies/ecovadis/salaries/software-engineer/locations/spain,2026-10-06,,,,,,,,,
eDreams,,,edreams,resolved,55000,60400,5,Mid,Barcelona,2026-10,levels.fyi,https://www.levels.fyi/companies/edreams/salaries/software-engineer/locations/spain,2026-10-06,,,,,,,,,
eDreams ODIGEO,,https://www.linkedin.com/company/edreamsodigeo,edreams-odigeo,resolved,77000,89000,11+,,Barcelona,2025-08,levels.fyi,https://www.levels.fyi/companies/edreams-odigeo/salaries/software-engineer/locations/spain,2026-10-06,,https://www.edreamsodigeo.com,,Luxembourg,LU,"1,001-10,000",travel-leisure|internet|technology|marketplace,2011,
eDreams ODIGEO,,https://www.linkedin.com/company/edreamsodigeo,edreams-odigeo,resolved,63000,73000,15,L2,Barcelona,2026-08,levels.fyi,https://www.levels.fyi/companies/edreams-odigeo/salaries/software-engineer/locations/spain,2026-10-06,,https://www.edreamsodigeo.com,,Luxembourg,LU,"1,001-10,000",travel-leisure|internet|technology|marketplace,2011,
eDreams ODIGEO,,https://www.linkedin.com/company/edreamsodigeo,edreams-odigeo,resolved,62000,68000,15,Advanced Senior,Madrid,2026-08,levels.fyi,https://www.levels.fyi/companies/edreams-odigeo/salaries/software-engineer/locations/spain,2026-10-06,,https://www.edreamsodigeo.com,,Luxembourg,LU,"1,001-10,000",travel-leisure|internet|technology|marketplace,2011,
eDreams ODIGEO,,https://www.linkedin.com/company/edreamsodigeo,edreams-odigeo,resolved,62000,62000,19,Senior,Barcelona,2026-07,levels.fyi,https://www.levels.fyi/companies/edreams-odigeo/salaries/software-engineer/locations/spain,2026-10-06,,https://www.edreamsodigeo.com,,Luxembourg,LU,"1,001-10,000",travel-leisure|internet|technology|marketplace,2011,
eDreams ODIGEO,,https://www.linkedin.com/company/edreamsodigeo,edreams-odigeo,resolved,60000,66000,18,Senior,Barcelona,2026-03,levels.fyi,https://www.levels.fyi/companies/edreams-odigeo/salaries/software-engineer/locations/spain,2026-10-06,,https://www.edreamsodigeo.com,,Luxembourg,LU,"1,001-10,000",travel-leisure|internet|technology|marketplace,2011,
eDreams ODIGEO,,https://www.linkedin.com/company/edreamsodigeo,edreams-odigeo,resolved,60000,65000,12,Senior Software Engineer,Barcelona,2023-03,levels.fyi,https://www.levels.fyi/companies/edreams-odigeo/salaries/software-engineer/locations/spain,2026-10-06,,https://www.edreamsodigeo.com,,Luxembourg,LU,"1,001-10,000",travel-leisure|internet|technology|marketplace,2011,
eDreams ODIGEO,,https://www.linkedin.com/company/edreamsodigeo,edreams-odigeo,resolved,57000,63000,15,Senior Software Engineer,Barcelona,2024-11,levels.fyi,https://www.levels.fyi/companies/edreams-odigeo/salaries/software-engineer/locations/spain,2026-10-06,,https://www.edreamsodigeo.com,,Luxembourg,LU,"1,001-10,000",travel-leisure|internet|technology|marketplace,2011,
eDreams ODIGEO,,https://www.linkedin.com/company/edreamsodigeo,edreams-odigeo,resolved,57000,63000,12,Senior Software Engineer,Barcelona,2026-04,levels.fyi,https://www.levels.fyi/companies/edreams-odigeo/salaries/software-engineer/locations/spain,2026-10-06,,https://www.edreamsodigeo.com,,Luxembourg,LU,"1,001-10,000",travel-leisure|internet|technology|marketplace,2011,
eDreams ODIGEO,,https://www.linkedin.com/company/edreamsodigeo,edreams-odigeo,resolved,57000,57000,8,Senior Software Engineer,Barcelona,2023-06,levels.fyi,https://www.levels.fyi/companies/edreams-odigeo/salaries/software-engineer/locations/spain,2026-10-06,,https://www.edreamsodigeo.com,,Luxembourg,LU,"1,001-10,000",travel-leisure|internet|technology|marketplace,2011,
eDreams ODIGEO,,https://www.linkedin.com/company/edreamsodigeo,edreams-odigeo,resolved,56400,62000,10,L3,Barcelona,2026-09,levels.fyi,https://www.levels.fyi/companies/edreams-odigeo/salaries/software-engineer/locations/spain,2026-10-06,,https://www.edreamsodigeo.com,,Luxembourg,LU,"1,001-10,000",travel-leisure|internet|technology|marketplace,2011,
eDreams ODIGEO,,https://www.linkedin.com/company/edreamsodigeo,edreams-odigeo,resolved,55600,61200,18,Senior,Barcelona,2026-04,levels.fyi,https://www.levels.fyi/companies/edreams-odigeo/salaries/software-engineer/locations/spain,2026-10-06,,https://www.edreamsodigeo.com,,Luxembourg,LU,"1,001-10,000",travel-leisure|internet|technology|marketplace,2011,
eDreams ODIGEO,,https://www.linkedin.com/company/edreamsodigeo,edreams-odigeo,resolved,55000,61700,10,L3,Madrid,2023-06,levels.fyi,https://www.levels.fyi/companies/edreams-odigeo/salaries/software-engineer/locations/spain,2026-10-06,,https://www.edreamsodigeo.com,,Luxembourg,LU,"1,001-10,000",travel-leisure|internet|technology|marketplace,2011,
eDreams ODIGEO,,https://www.linkedin.com/company/edreamsodigeo,edreams-odigeo,resolved,55000,60600,17,L3,Alicante,2025-03,levels.fyi,https://www.levels.fyi/companies/edreams-odigeo/salaries/software-engineer/locations/spain,2026-10-06,,https://www.edreamsodigeo.com,,Luxembourg,LU,"1,001-10,000",travel-leisure|internet|technology|marketplace,2011,
eDreams ODIGEO,,https://www.linkedin.com/company/edreamsodigeo,edreams-odigeo,resolved,55000,60400,14,L3,Barcelona,2024-09,levels.fyi,https://www.levels.fyi/companies/edreams-odigeo/salaries/software-engineer/locations/spain,2026-10-06,,https://www.edreamsodigeo.com,,Luxembourg,LU,"1,001-10,000",travel-leisure|internet|technology|marketplace,2011,
eDreams ODIGEO,,https://www.linkedin.com/company/edreamsodigeo,edreams-odigeo,resolved,55000,60400,5,L2,Barcelona,2026-07,levels.fyi,https://www.levels.fyi/companies/edreams-odigeo/salaries/software-engineer/locations/spain,2026-10-06,,https://www.edreamsodigeo.com,,Luxembourg,LU,"1,001-10,000",travel-leisure|internet|technology|marketplace,2011,
eDreams ODIGEO,,https://www.linkedin.com/company/edreamsodigeo,edreams-odigeo,resolved,55000,60400,5,Senior,Madrid,2024-07,levels.fyi,https://www.levels.fyi/companies/edreams-odigeo/salaries/software-engineer/locations/spain,2026-10-06,,https://www.edreamsodigeo.com,,Luxembourg,LU,"1,001-10,000",travel-leisure|internet|technology|marketplace,2011,
eDreams ODIGEO,,https://www.linkedin.com/company/edreamsodigeo,edreams-odigeo,resolved,55000,60000,8,L2,Barcelona,2024-04,levels.fyi,https://www.levels.fyi/companies/edreams-odigeo/salaries/software-engineer/locations/spain,2026-10-06,,https://www.edreamsodigeo.com,,Luxembourg,LU,"1,001-10,000",travel-leisure|internet|technology|marketplace,2011,
eDreams ODIGEO,,https://www.linkedin.com/company/edreamsodigeo,edreams-odigeo,resolved,55000,55000,8,L3,Barcelona,2023-10,levels.fyi,https://www.levels.fyi/companies/edreams-odigeo/salaries/software-engineer/locations/spain,2026-10-06,,https://www.edreamsodigeo.com,,Luxembourg,LU,"1,001-10,000",travel-leisure|internet|technology|marketplace,2011,
eDreams ODIGEO,,https://www.linkedin.com/company/edreamsodigeo,edreams-odigeo,resolved,54000,60000,12,L2,Barcelona,2023-03,levels.fyi,https://www.levels.fyi/companies/edreams-odigeo/salaries/software-engineer/locations/spain,2026-10-06,,https://www.edreamsodigeo.com,,Luxembourg,LU,"1,001-10,000",travel-leisure|internet|technology|marketplace,2011,
eDreams ODIGEO,,https://www.linkedin.com/company/edreamsodigeo,edreams-odigeo,resolved,54000,59400,10,Senior,Barcelona,2022-11,levels.fyi,https://www.levels.fyi/companies/edreams-odigeo/salaries/software-engineer/locations/spain,2026-10-06,,https://www.edreamsodigeo.com,,Luxembourg,LU,"1,001-10,000",travel-leisure|internet|technology|marketplace,2011,
eDreams ODIGEO,,https://www.linkedin.com/company/edreamsodigeo,edreams-odigeo,resolved,54000,59000,11,L2,Madrid,2025-09,levels.fyi,https://www.levels.fyi/companies/edreams-odigeo/salaries/software-engineer/locations/spain,2026-10-06,,https://www.edreamsodigeo.com,,Luxembourg,LU,"1,001-10,000",travel-leisure|internet|technology|marketplace,2011,
eDreams ODIGEO,,https://www.linkedin.com/company/edreamsodigeo,edreams-odigeo,resolved,53000,58400,6,L2,Madrid,2025-10,levels.fyi,https://www.levels.fyi/companies/edreams-odigeo/salaries/software-engineer/locations/spain,2026-10-06,,https://www.edreamsodigeo.com,,Luxembourg,LU,"1,001-10,000",travel-leisure|internet|technology|marketplace,2011,
eDreams ODIGEO,,https://www.linkedin.com/company/edreamsodigeo,edreams-odigeo,resolved,53000,58000,15,Senior Software Engineer,Barcelona,2023-12,levels.fyi,https://www.levels.fyi/companies/edreams-odigeo/salaries/software-engineer/locations/spain,2026-10-06,,https://www.edreamsodigeo.com,,Luxembourg,LU,"1,001-10,000",travel-leisure|internet|technology|marketplace,2011,
eDreams ODIGEO,,https://www.linkedin.com/company/edreamsodigeo,edreams-odigeo,resolved,52000,57200,5,L3,Barcelona,2026-04,levels.fyi,https://www.levels.fyi/companies/edreams-odigeo/salaries/software-engineer/locations/spain,2026-10-06,,https://www.edreamsodigeo.com,,Luxembourg,LU,"1,001-10,000",travel-leisure|internet|technology|marketplace,2011,
eDreams ODIGEO,,https://www.linkedin.com/company/edreamsodigeo,edreams-odigeo,resolved,52000,52000,15,L2,Barcelona,2024-11,levels.fyi,https://www.levels.fyi/companies/edreams-odigeo/salaries/software-engineer/locations/spain,2026-10-06,,https://www.edreamsodigeo.com,,Luxembourg,LU,"1,001-10,000",travel-leisure|internet|technology|marketplace,2011,
eDreams ODIGEO,,https://www.linkedin.com/company/edreamsodigeo,edreams-odigeo,resolved,51000,51000,6,L2,Barcelona,2024-04,levels.fyi,https://www.levels.fyi/companies/edreams-odigeo/salaries/software-engineer/locations/spain,2026-10-06,,https://www.edreamsodigeo.com,,Luxembourg,LU,"1,001-10,000",travel-leisure|internet|technology|marketplace,2011,
eDreams ODIGEO,,https://www.linkedin.com/company/edreamsodigeo,edreams-odigeo,resolved,50000,56250,10,L1,Barcelona,2023-02,levels.fyi,https://www.levels.fyi/companies/edreams-odigeo/salaries/software-engineer/locations/spain,2026-10-06,,https://www.edreamsodigeo.com,,Luxembourg,LU,"1,001-10,000",travel-leisure|internet|technology|marketplace,2011,
eDreams ODIGEO,,https://www.linkedin.com/company/edreamsodigeo,edreams-odigeo,resolved,50000,55000,10,L2,Barcelona,2025-02,levels.fyi,https://www.levels.fyi/companies/edreams-odigeo/salaries/software-engineer/locations/spain,2026-10-06,,https://www.edreamsodigeo.com,,Luxembourg,LU,"1,001-10,000",travel-leisure|internet|technology|marketplace,2011,
eDreams ODIGEO,,https://www.linkedin.com/company/edreamsodigeo,edreams-odigeo,resolved,50000,55000,10,Software Engineer,Madrid,2024-04,levels.fyi,https://www.levels.fyi/companies/edreams-odigeo/salaries/software-engineer/locations/spain,2026-10-06,,https://www.edreamsodigeo.com,,Luxembourg,LU,"1,001-10,000",travel-leisure|internet|technology|marketplace,2011,
eDreams ODIGEO,,https://www.linkedin.com/company/edreamsodigeo,edreams-odigeo,resolved,50000,55000,9,L1,Barcelona,2023-03,levels.fyi,https://www.levels.fyi/companies/edreams-odigeo/salaries/software-engineer/locations/spain,2026-10-06,,https://www.edreamsodigeo.com,,Luxembourg,LU,"1,001-10,000",travel-leisure|internet|technology|marketplace,2011,
eDreams ODIGEO,,https://www.linkedin.com/company/edreamsodigeo,edreams-odigeo,resolved,50000,55000,5-10,Mid,Barcelona,2025-04,levels.fyi,https://www.levels.fyi/companies/edreams-odigeo/salaries/software-engineer/locations/spain,2026-10-06,,https://www.edreamsodigeo.com,,Luxembourg,LU,"1,001-10,000",travel-leisure|internet|technology|marketplace,2011,
eDreams ODIGEO,,https://www.linkedin.com/company/edreamsodigeo,edreams-odigeo,resolved,50000,50000,7,L2,Barcelona,2025-02,levels.fyi,https://www.levels.fyi/companies/edreams-odigeo/salaries/software-engineer/locations/spain,2026-10-06,,https://www.edreamsodigeo.com,,Luxembourg,LU,"1,001-10,000",travel-leisure|internet|technology|marketplace,2011,
eDreams ODIGEO,,https://www.linkedin.com/company/edreamsodigeo,edreams-odigeo,resolved,50000,50000,6,L2,Barcelona,2024-04,levels.fyi,https://www.levels.fyi/companies/edreams-odigeo/salaries/software-engineer/locations/spain,2026-10-06,,https://www.edreamsodigeo.com,,Luxembourg,LU,"1,001-10,000",travel-leisure|internet|technology|marketplace,2011,
eDreams ODIGEO,,https://www.linkedin.com/company/edreamsodigeo,edreams-odigeo,resolved,49400,52400,7,Software Engineer,Barcelona,2025-03,levels.fyi,https://www.levels.fyi/companies/edreams-odigeo/salaries/software-engineer/locations/spain,2026-10-06,,https://www.edreamsodigeo.com,,Luxembourg,LU,"1,001-10,000",travel-leisure|internet|technology|marketplace,2011,
eDreams ODIGEO,,https://www.linkedin.com/company/edreamsodigeo,edreams-odigeo,resolved,49000,54000,5,L3,Barcelona,2023-10,levels.fyi,https://www.levels.fyi/companies/edreams-odigeo/salaries/software-engineer/locations/spain,2026-10-06,,https://www.edreamsodigeo.com,,Luxembourg,LU,"1,001-10,000",travel-leisure|internet|technology|marketplace,2011,
eDreams ODIGEO,,https://www.linkedin.com/company/edreamsodigeo,edreams-odigeo,resolved,49000,50400,10,L2,Barcelona,2024-11,levels.fyi,https://www.levels.fyi/companies/edreams-odigeo/salaries/software-engineer/locations/spain,2026-10-06,,https://www.edreamsodigeo.com,,Luxembourg,LU,"1,001-10,000",travel-leisure|internet|technology|marketplace,2011,
eDreams ODIGEO,,https://www.linkedin.com/company/edreamsodigeo,edreams-odigeo,resolved,48000,53000,7,Frontend Software Engineer,Madrid,2026-10,levels.fyi,https://www.levels.fyi/companies/edreams-odigeo/salaries/software-engineer/locations/spain,2026-10-06,,https://www.edreamsodigeo.com,,Luxembourg,LU,"1,001-10,000",travel-leisure|internet|technology|marketplace,2011,
eDreams ODIGEO,,https://www.linkedin.com/company/edreamsodigeo,edreams-odigeo,resolved,48000,51000,5,Software Engineer,Madrid,2025-03,levels.fyi,https://www.levels.fyi/companies/edreams-odigeo/salaries/software-engineer/locations/spain,2026-10-06,,https://www.edreamsodigeo.com,,Luxembourg,LU,"1,001-10,000",travel-leisure|internet|technology|marketplace,2011,
eDreams ODIGEO,,https://www.linkedin.com/company/edreamsodigeo,edreams-odigeo,resolved,48000,50000,15,Senior,Barcelona,2026-03,levels.fyi,https://www.levels.fyi/companies/edreams-odigeo/salaries/software-engineer/locations/spain,2026-10-06,,https://www.edreamsodigeo.com,,Luxembourg,LU,"1,001-10,000",travel-leisure|internet|technology|marketplace,2011,
eDreams ODIGEO,,https://www.linkedin.com/company/edreamsodigeo,edreams-odigeo,resolved,48000,48000,10,L2,Barcelona,2024-04,levels.fyi,https://www.levels.fyi/companies/edreams-odigeo/salaries/software-engineer/locations/spain,2026-10-06,,https://www.edreamsodigeo.com,,Luxembourg,LU,"1,001-10,000",travel-leisure|internet|technology|marketplace,2011,
eDreams ODIGEO,,https://www.linkedin.com/company/edreamsodigeo,edreams-odigeo,resolved,47000,51800,5,Mid,Barcelona,2025-06,levels.fyi,https://www.levels.fyi/companies/edreams-odigeo/salaries/software-engineer/locations/spain,2026-10-06,,https://www.edreamsodigeo.com,,Luxembourg,LU,"1,001-10,000",travel-leisure|internet|technology|marketplace,2011,
eDreams ODIGEO,,https://www.linkedin.com/company/edreamsodigeo,edreams-odigeo,resolved,45000,49600,5,Software Engineer,Barcelona,2023-10,levels.fyi,https://www.levels.fyi/companies/edreams-odigeo/salaries/software-engineer/locations/spain,2026-10-06,,https://www.edreamsodigeo.com,,Luxembourg,LU,"1,001-10,000",travel-leisure|internet|technology|marketplace,2011,
eDreams ODIGEO,,https://www.linkedin.com/company/edreamsodigeo,edreams-odigeo,resolved,45000,49400,5,L3,Vigo,2024-06,levels.fyi,https://www.levels.fyi/companies/edreams-odigeo/salaries/software-engineer/locations/spain,2026-10-06,,https://www.edreamsodigeo.com,,Luxembourg,LU,"1,001-10,000",travel-leisure|internet|technology|marketplace,2011,
eDreams ODIGEO,,https://www.linkedin.com/company/edreamsodigeo,edreams-odigeo,resolved,44000,48000,7,L2,Barcelona,2025-04,levels.fyi,https://www.levels.fyi/companies/edreams-odigeo/salaries/software-engineer/locations/spain,2026-10-06,,https://www.edreamsodigeo.com,,Luxembourg,LU,"1,001-10,000",travel-leisure|internet|technology|marketplace,2011,
eDreams ODIGEO,,https://www.linkedin.com/company/edreamsodigeo,edreams-odigeo,resolved,43000,47400,5,L3,Madrid,2024-10,levels.fyi,https://www.levels.fyi/companies/edreams-odigeo/salaries/software-engineer/locations/spain,2026-10-06,,https://www.edreamsodigeo.com,,Luxembourg,LU,"1,001-10,000",travel-leisure|internet|technology|marketplace,2011,
eDreams ODIGEO,,https://www.linkedin.com/company/edreamsodigeo,edreams-odigeo,resolved,43000,47000,5,L2,Barcelona,2024-02,levels.fyi,https://www.levels.fyi/companies/edreams-odigeo/salaries/software-engineer/locations/spain,2026-10-06,,https://www.edreamsodigeo.com,,Luxembourg,LU,"1,001-10,000",travel-leisure|internet|technology|marketplace,2011,
eDreams ODIGEO,,https://www.linkedin.com/company/edreamsodigeo,edreams-odigeo,resolved,42000,46200,5,L2,Barcelona,2024-11,levels.fyi,https://www.levels.fyi/companies/edreams-odigeo/salaries/software-engineer/locations/spain,2026-10-06,,https://www.edreamsodigeo.com,,Luxembourg,LU,"1,001-10,000",travel-leisure|internet|technology|marketplace,2011,
eDreams ODIGEO,,https://www.linkedin.com/company/edreamsodigeo,edreams-odigeo,resolved,36200,39800,10,Software Engineer,Barcelona,2019-08,levels.fyi,https://www.levels.fyi/companies/edreams-odigeo/salaries/software-engineer/locations/spain,2026-10-06,,https://www.edreamsodigeo.com,,Luxembourg,LU,"1,001-10,000",travel-leisure|internet|technology|marketplace,2011,
eDreams ODIGEO,,https://www.linkedin.com/company/edreamsodigeo,edreams-odigeo,resolved,34600,38000,6,Software Engineer,Barcelona,2021-09,levels.fyi,https://www.levels.fyi/companies/edreams-odigeo/salaries/software-engineer/locations/spain,2026-10-06,,https://www.edreamsodigeo.com,,Luxembourg,LU,"1,001-10,000",travel-leisure|internet|technology|marketplace,2011,
EF,4856,https://www.linkedin.com/company/ef-education-first,ef-education-first,resolved,104000,104000,15,Senior,Barcelona,2025-06,levels.fyi,https://www.levels.fyi/companies/ef-education-first/salaries/software-engineer/locations/spain,2026-10-06,,,,,,,,,
Elastic,814025,https://www.linkedin.com/company/elastic-co,elastic,resolved,117000,157000,12,C7,Barcelona,2025-03,levels.fyi,https://www.levels.fyi/companies/elastic/salaries/software-engineer/locations/spain,2026-10-06,,,,,,,,,
Elastic,814025,https://www.linkedin.com/company/elastic-co,elastic,resolved,110000,135000,13,C6,Madrid,2026-07,levels.fyi,https://www.levels.fyi/companies/elastic/salaries/software-engineer/locations/spain,2026-10-06,,,,,,,,,
Elastic,814025,https://www.linkedin.com/company/elastic-co,elastic,resolved,105000,130000,10,C6,Madrid,2025-10,levels.fyi,https://www.levels.fyi/companies/elastic/salaries/software-engineer/locations/spain,2026-10-06,,,,,,,,,
Elastic,814025,https://www.linkedin.com/company/elastic-co,elastic,resolved,100000,160000,13,C6,Madrid,2026-05,levels.fyi,https://www.levels.fyi/companies/elastic/salaries/software-engineer/locations/spain,2026-10-06,,,,,,,,,
Elastic,814025,https://www.linkedin.com/company/elastic-co,elastic,resolved,100000,123250,9,C6,Madrid,2023-05,levels.fyi,https://www.levels.fyi/companies/elastic/salaries/software-engineer/locations/spain,2026-10-06,,,,,,,,,
Elastic,814025,https://www.linkedin.com/company/elastic-co,elastic,resolved,98000,138000,14,C6,Madrid,2026-05,levels.fyi,https://www.levels.fyi/companies/elastic/salaries/software-engineer/locations/spain,2026-10-06,,,,,,,,,
Elastic,814025,https://www.linkedin.com/company/elastic-co,elastic,resolved,95000,118750,8,C6,Madrid,2025-08,levels.fyi,https://www.levels.fyi/companies/elastic/salaries/software-engineer/locations/spain,2026-10-06,,,,,,,,,
Elastic,814025,https://www.linkedin.com/company/elastic-co,elastic,resolved,94000,134000,13,C6,Barcelona,2025-09,levels.fyi,https://www.levels.fyi/companies/elastic/salaries/software-engineer/locations/spain,2026-10-06,,,,,,,,,
Elastic,814025,https://www.linkedin.com/company/elastic-co,elastic,resolved,90000,130000,7,C6,Madrid,2026-09,levels.fyi,https://www.levels.fyi/companies/elastic/salaries/software-engineer/locations/spain,2026-10-06,,,,,,,,,
Elastic,814025,https://www.linkedin.com/company/elastic-co,elastic,resolved,90000,120000,8,C6,Madrid,2025-11,levels.fyi,https://www.levels.fyi/companies/elastic/salaries/software-engineer/locations/spain,2026-10-06,,,,,,,,,
Elastic,814025,https://www.linkedin.com/company/elastic-co,elastic,resolved,90000,103750,6,C5,Madrid,2025-12,levels.fyi,https://www.levels.fyi/companies/elastic/salaries/software-engineer/locations/spain,2026-10-06,,,,,,,,,
Elastic,814025,https://www.linkedin.com/company/elastic-co,elastic,resolved,80000,100000,10,L2,Barcelona,2022-10,levels.fyi,https://www.levels.fyi/companies/elastic/salaries/software-engineer/locations/spain,2026-10-06,,,,,,,,,
Elastic,814025,https://www.linkedin.com/company/elastic-co,elastic,resolved,76000,76000,11,C5,Barcelona,2026-02,levels.fyi,https://www.levels.fyi/companies/elastic/salaries/software-engineer/locations/spain,2026-10-06,,,,,,,,,
Elastic,814025,https://www.linkedin.com/company/elastic-co,elastic,resolved,74000,90000,10,C5,Barcelona,2025-03,levels.fyi,https://www.levels.fyi/companies/elastic/salaries/software-engineer/locations/spain,2026-10-06,,,,,,,,,
Elastic,814025,https://www.linkedin.com/company/elastic-co,elastic,resolved,64000,74000,7,C4,Barcelona,2026-04,levels.fyi,https://www.levels.fyi/companies/elastic/salaries/software-engineer/locations/spain,2026-10-06,,,,,,,,,
Elastic,814025,https://www.linkedin.com/company/elastic-co,elastic,resolved,58000,58000,5,C7,Madrid,2025-04,levels.fyi,https://www.levels.fyi/companies/elastic/salaries/software-engineer/locations/spain,2026-10-06,,,,,,,,,
Electronic Arts (EA),1449,https://www.linkedin.com/company/electronic-arts,electronic-arts,resolved,81000,125000,10,SE 3,Madrid,2023-11,levels.fyi,https://www.levels.fyi/companies/electronic-arts/salaries/software-engineer/locations/spain,2026-10-06,,,,,,,,,
Electronic Arts (EA),1449,https://www.linkedin.com/company/electronic-arts,electronic-arts,resolved,72000,83000,10,SE 3,Madrid,2026-09,levels.fyi,https://www.levels.fyi/companies/electronic-arts/salaries/software-engineer/locations/spain,2026-10-06,,,,,,,,,
Electronic Arts (EA),1449,https://www.linkedin.com/company/electronic-arts,electronic-arts,resolved,66000,125000,8,SE 3,Madrid,2024-05,levels.fyi,https://www.levels.fyi/companies/electronic-arts/salaries/software-engineer/locations/spain,2026-10-06,,,,,,,,,
Electronic Arts (EA),1449,https://www.linkedin.com/company/electronic-arts,electronic-arts,resolved,64000,89000,10,SE 2,Madrid,2025-02,levels.fyi,https://www.levels.fyi/companies/electronic-arts/salaries/software-engineer/locations/spain,2026-10-06,,,,,,,,,
Electronic Arts (EA),1449,https://www.linkedin.com/company/electronic-arts,electronic-arts,resolved,61000,92000,18,SE 2,Madrid,2025-06,levels.fyi,https://www.levels.fyi/companies/electronic-arts/salaries/software-engineer/locations/spain,2026-10-06,,,,,,,,,
Electronic Arts (EA),1449,https://www.linkedin.com/company/electronic-arts,electronic-arts,resolved,60000,102000,16,SE 2,Madrid,2023-08,levels.fyi,https://www.levels.fyi/companies/electronic-arts/salaries/software-engineer/locations/spain,2026-10-06,,,,,,,,,
Electronic Arts (EA),1449,https://www.linkedin.com/company/electronic-arts,electronic-arts,resolved,56000,87000,6,SE 2,Madrid,2025-12,levels.fyi,https://www.levels.fyi/companies/electronic-arts/salaries/software-engineer/locations/spain,2026-10-06,,,,,,,,,
Electronic Arts (EA),1449,https://www.linkedin.com/company/electronic-arts,electronic-arts,resolved,41000,56600,15,SE 2,Madrid,2021-05,levels.fyi,https://www.levels.fyi/companies/electronic-arts/salaries/software-engineer/locations/spain,2026-10-06,,,,,,,,,
EPAM Systems,4972,https://www.linkedin.com/company/epam-systems,epam-systems,resolved,90000,105000,20,L4,Malaga,2025-10,levels.fyi,https://www.levels.fyi/companies/epam-systems/salaries/software-engineer/locations/spain,2026-10-06,,,,,,,,,
EPAM Systems,4972,https://www.linkedin.com/company/epam-systems,epam-systems,resolved,80000,80000,21,L4,Malaga,2025-11,levels.fyi,https://www.levels.fyi/companies/epam-systems/salaries/software-engineer/locations/spain,2026-10-06,,,,,,,,,
EPAM Systems,4972,https://www.linkedin.com/company/epam-systems,epam-systems,resolved,80000,80000,15,L4,Malaga,2025-01,levels.fyi,https://www.levels.fyi/companies/epam-systems/salaries/software-engineer/locations/spain,2026-10-06,,,,,,,,,
EPAM Systems,4972,https://www.linkedin.com/company/epam-systems,epam-systems,resolved,80000,80000,8,L3,Malaga,2024-06,levels.fyi,https://www.levels.fyi/companies/epam-systems/salaries/software-engineer/locations/spain,2026-10-06,,,,,,,,,
EPAM Systems,4972,https://www.linkedin.com/company/epam-systems,epam-systems,resolved,80000,80000,7,L3,Malaga,2023-08,levels.fyi,https://www.levels.fyi/companies/epam-systems/salaries/software-engineer/locations/spain,2026-10-06,,,,,,,,,
EPAM Systems,4972,https://www.linkedin.com/company/epam-systems,epam-systems,resolved,75000,75000,22,L4,Malaga,2025-01,levels.fyi,https://www.levels.fyi/companies/epam-systems/salaries/software-engineer/locations/spain,2026-10-06,,,,,,,,,
EPAM Systems,4972,https://www.linkedin.com/company/epam-systems,epam-systems,resolved,70000,70000,10,L4,Malaga,2024-02,levels.fyi,https://www.levels.fyi/companies/epam-systems/salaries/software-engineer/locations/spain,2026-10-06,,,,,,,,,
EPAM Systems,4972,https://www.linkedin.com/company/epam-systems,epam-systems,resolved,67000,67000,14,L4,Malaga,2025-06,levels.fyi,https://www.levels.fyi/companies/epam-systems/salaries/software-engineer/locations/spain,2026-10-06,,,,,,,,,
EPAM Systems,4972,https://www.linkedin.com/company/epam-systems,epam-systems,resolved,67000,67000,11,L4,Malaga,2026-02,levels.fyi,https://www.levels.fyi/companies/epam-systems/salaries/software-engineer/locations/spain,2026-10-06,,,,,,,,,
EPAM Systems,4972,https://www.linkedin.com/company/epam-systems,epam-systems,resolved,67000,67000,7,L5,Malaga,2022-10,levels.fyi,https://www.levels.fyi/companies/epam-systems/salaries/software-engineer/locations/spain,2026-10-06,,,,,,,,,
EPAM Systems,4972,https://www.linkedin.com/company/epam-systems,epam-systems,resolved,66000,69000,15,L3,Malaga,2025-10,levels.fyi,https://www.levels.fyi/companies/epam-systems/salaries/software-engineer/locations/spain,2026-10-06,,,,,,,,,
EPAM Systems,4972,https://www.linkedin.com/company/epam-systems,epam-systems,resolved,65000,65000,20,L4,Malaga,2023-11,levels.fyi,https://www.levels.fyi/companies/epam-systems/salaries/software-engineer/locations/spain,2026-10-06,,,,,,,,,
EPAM Systems,4972,https://www.linkedin.com/company/epam-systems,epam-systems,resolved,64000,69000,21,L5,Malaga,2022-10,levels.fyi,https://www.levels.fyi/companies/epam-systems/salaries/software-engineer/locations/spain,2026-10-06,,,,,,,,,
EPAM Systems,4972,https://www.linkedin.com/company/epam-systems,epam-systems,resolved,64000,64000,10,L3,Malaga,2026-03,levels.fyi,https://www.levels.fyi/companies/epam-systems/salaries/software-engineer/locations/spain,2026-10-06,,,,,,,,,
EPAM Systems,4972,https://www.linkedin.com/company/epam-systems,epam-systems,resolved,63000,63000,13,L4,Malaga,2025-02,levels.fyi,https://www.levels.fyi/companies/epam-systems/salaries/software-engineer/locations/spain,2026-10-06,,,,,,,,,
EPAM Systems,4972,https://www.linkedin.com/company/epam-systems,epam-systems,resolved,62000,66000,15,L4,Malaga,2025-09,levels.fyi,https://www.levels.fyi/companies/epam-systems/salaries/software-engineer/locations/spain,2026-10-06,,,,,,,,,
EPAM Systems,4972,https://www.linkedin.com/company/epam-systems,epam-systems,resolved,62000,66000,13,L4,Malaga,2025-10,levels.fyi,https://www.levels.fyi/companies/epam-systems/salaries/software-engineer/locations/spain,2026-10-06,,,,,,,,,
EPAM Systems,4972,https://www.linkedin.com/company/epam-systems,epam-systems,resolved,62000,62000,7,L4,Malaga,2025-03,levels.fyi,https://www.levels.fyi/companies/epam-systems/salaries/software-engineer/locations/spain,2026-10-06,,,,,,,,,
EPAM Systems,4972,https://www.linkedin.com/company/epam-systems,epam-systems,resolved,61390,63144,8,L4,Malaga,2023-09,levels.fyi,https://www.levels.fyi/companies/epam-systems/salaries/software-engineer/locations/spain,2026-10-06,,,,,,,,,
EPAM Systems,4972,https://www.linkedin.com/company/epam-systems,epam-systems,resolved,61000,63000,15,L4,Malaga,2026-03,levels.fyi,https://www.levels.fyi/companies/epam-systems/salaries/software-engineer/locations/spain,2026-10-06,,,,,,,,,
EPAM Systems,4972,https://www.linkedin.com/company/epam-systems,epam-systems,resolved,61000,62400,10,L3,Malaga,2024-10,levels.fyi,https://www.levels.fyi/companies/epam-systems/salaries/software-engineer/locations/spain,2026-10-06,,,,,,,,,
EPAM Systems,4972,https://www.linkedin.com/company/epam-systems,epam-systems,resolved,60000,70000,13,L5,Malaga,2023-08,levels.fyi,https://www.levels.fyi/companies/epam-systems/salaries/software-engineer/locations/spain,2026-10-06,,,,,,,,,
EPAM Systems,4972,https://www.linkedin.com/company/epam-systems,epam-systems,resolved,60000,65000,19,L4,Malaga,2024-11,levels.fyi,https://www.levels.fyi/companies/epam-systems/salaries/software-engineer/locations/spain,2026-10-06,,,,,,,,,
EPAM Systems,4972,https://www.linkedin.com/company/epam-systems,epam-systems,resolved,60000,63000,12,L4,Malaga,2024-03,levels.fyi,https://www.levels.fyi/companies/epam-systems/salaries/software-engineer/locations/spain,2026-10-06,,,,,,,,,
EPAM Systems,4972,https://www.linkedin.com/company/epam-systems,epam-systems,resolved,60000,63000,8,L4,Madrid,2021-09,levels.fyi,https://www.levels.fyi/companies/epam-systems/salaries/software-engineer/locations/spain,2026-10-06,,,,,,,,,
EPAM Systems,4972,https://www.linkedin.com/company/epam-systems,epam-systems,resolved,60000,62500,5,L3,Madrid,2023-01,levels.fyi,https://www.levels.fyi/companies/epam-systems/salaries/software-engineer/locations/spain,2026-10-06,,,,,,,,,
EPAM Systems,4972,https://www.linkedin.com/company/epam-systems,epam-systems,resolved,60000,62000,12,L4,Malaga,2025-03,levels.fyi,https://www.levels.fyi/companies/epam-systems/salaries/software-engineer/locations/spain,2026-10-06,,,,,,,,,
EPAM Systems,4972,https://www.linkedin.com/company/epam-systems,epam-systems,resolved,60000,62000,7,L4,Malaga,2024-06,levels.fyi,https://www.levels.fyi/companies/epam-systems/salaries/software-engineer/locations/spain,2026-10-06,,,,,,,,,
EPAM Systems,4972,https://www.linkedin.com/company/epam-systems,epam-systems,resolved,60000,60000,15,L4,Malaga,2022-09,levels.fyi,https://www.levels.fyi/companies/epam-systems/salaries/software-engineer/locations/spain,2026-10-06,,,,,,,,,
EPAM Systems,4972,https://www.linkedin.com/company/epam-systems,epam-systems,resolved,60000,60000,15,L4,Malaga,2022-09,levels.fyi,https://www.levels.fyi/companies/epam-systems/salaries/software-engineer/locations/spain,2026-10-06,,,,,,,,,
EPAM Systems,4972,https://www.linkedin.com/company/epam-systems,epam-systems,resolved,60000,60000,7,L4,Malaga,2023-12,levels.fyi,https://www.levels.fyi/companies/epam-systems/salaries/software-engineer/locations/spain,2026-10-06,,,,,,,,,
EPAM Systems,4972,https://www.linkedin.com/company/epam-systems,epam-systems,resolved,59000,59000,19,L4,Malaga,2025-07,levels.fyi,https://www.levels.fyi/companies/epam-systems/salaries/software-engineer/locations/spain,2026-10-06,,,,,,,,,
EPAM Systems,4972,https://www.linkedin.com/company/epam-systems,epam-systems,resolved,58000,60600,13,L4,Malaga,2025-03,levels.fyi,https://www.levels.fyi/companies/epam-systems/salaries/software-engineer/locations/spain,2026-10-06,,,,,,,,,
EPAM Systems,4972,https://www.linkedin.com/company/epam-systems,epam-systems,resolved,58000,60000,15,L4,Malaga,2023-09,levels.fyi,https://www.levels.fyi/companies/epam-systems/salaries/software-engineer/locations/spain,2026-10-06,,,,,,,,,
EPAM Systems,4972,https://www.linkedin.com/company/epam-systems,epam-systems,resolved,58000,58000,9,L4,Barcelona,2025-07,levels.fyi,https://www.levels.fyi/companies/epam-systems/salaries/software-engineer/locations/spain,2026-10-06,,,,,,,,,
EPAM Systems,4972,https://www.linkedin.com/company/epam-systems,epam-systems,resolved,58000,58000,8,L4,Barcelona,2025-03,levels.fyi,https://www.levels.fyi/companies/epam-systems/salaries/software-engineer/locations/spain,2026-10-06,,,,,,,,,
EPAM Systems,4972,https://www.linkedin.com/company/epam-systems,epam-systems,resolved,58000,58000,8,L4,Barcelona,2024-05,levels.fyi,https://www.levels.fyi/companies/epam-systems/salaries/software-engineer/locations/spain,2026-10-06,,,,,,,,,
EPAM Systems,4972,https://www.linkedin.com/company/epam-systems,epam-systems,resolved,57000,57000,5,L4,Malaga,2024-04,levels.fyi,https://www.levels.fyi/companies/epam-systems/salaries/software-engineer/locations/spain,2026-10-06,,,,,,,,,
EPAM Systems,4972,https://www.linkedin.com/company/epam-systems,epam-systems,resolved,56600,56600,7,L4,Malaga,2025-03,levels.fyi,https://www.levels.fyi/companies/epam-systems/salaries/software-engineer/locations/spain,2026-10-06,,,,,,,,,
EPAM Systems,4972,https://www.linkedin.com/company/epam-systems,epam-systems,resolved,56000,62000,9,L3,Malaga,2024-09,levels.fyi,https://www.levels.fyi/companies/epam-systems/salaries/software-engineer/locations/spain,2026-10-06,,,,,,,,,
EPAM Systems,4972,https://www.linkedin.com/company/epam-systems,epam-systems,resolved,56000,61000,10,L3,Malaga,2024-10,levels.fyi,https://www.levels.fyi/companies/epam-systems/salaries/software-engineer/locations/spain,2026-10-06,,,,,,,,,
EPAM Systems,4972,https://www.linkedin.com/company/epam-systems,epam-systems,resolved,56000,58000,20,L4,Malaga,2025-05,levels.fyi,https://www.levels.fyi/companies/epam-systems/salaries/software-engineer/locations/spain,2026-10-06,,,,,,,,,
EPAM Systems,4972,https://www.linkedin.com/company/epam-systems,epam-systems,resolved,56000,56000,15,L4,Malaga,2023-12,levels.fyi,https://www.levels.fyi/companies/epam-systems/salaries/software-engineer/locations/spain,2026-10-06,,,,,,,,,
EPAM Systems,4972,https://www.linkedin.com/company/epam-systems,epam-systems,resolved,56000,56000,7,L3,Malaga,2024-09,levels.fyi,https://www.levels.fyi/companies/epam-systems/salaries/software-engineer/locations/spain,2026-10-06,,,,,,,,,
EPAM Systems,4972,https://www.linkedin.com/company/epam-systems,epam-systems,resolved,55000,60000,8,L3,Malaga,2025-04,levels.fyi,https://www.levels.fyi/companies/epam-systems/salaries/software-engineer/locations/spain,2026-10-06,,,,,,,,,
EPAM Systems,4972,https://www.linkedin.com/company/epam-systems,epam-systems,resolved,55000,57000,10,L4,Malaga,2022-08,levels.fyi,https://www.levels.fyi/companies/epam-systems/salaries/software-engineer/locations/spain,2026-10-06,,,,,,,,,
EPAM Systems,4972,https://www.linkedin.com/company/epam-systems,epam-systems,resolved,55000,56400,13,L4,Malaga,2022-11,levels.fyi,https://www.levels.fyi/companies/epam-systems/salaries/software-engineer/locations/spain,2026-10-06,,,,,,,,,
EPAM Systems,4972,https://www.linkedin.com/company/epam-systems,epam-systems,resolved,55000,55000,20,L4,Malaga,2023-07,levels.fyi,https://www.levels.fyi/companies/epam-systems/salaries/software-engineer/locations/spain,2026-10-06,,,,,,,,,
EPAM Systems,4972,https://www.linkedin.com/company/epam-systems,epam-systems,resolved,55000,55000,14,L4,Malaga,2024-06,levels.fyi,https://www.levels.fyi/companies/epam-systems/salaries/software-engineer/locations/spain,2026-10-06,,,,,,,,,
EPAM Systems,4972,https://www.linkedin.com/company/epam-systems,epam-systems,resolved,55000,55000,14,L4,Malaga,2024-06,levels.fyi,https://www.levels.fyi/companies/epam-systems/salaries/software-engineer/locations/spain,2026-10-06,,,,,,,,,
EPAM Systems,4972,https://www.linkedin.com/company/epam-systems,epam-systems,resolved,55000,55000,13,L1,Malaga,2025-03,levels.fyi,https://www.levels.fyi/companies/epam-systems/salaries/software-engineer/locations/spain,2026-10-06,,,,,,,,,
EPAM Systems,4972,https://www.linkedin.com/company/epam-systems,epam-systems,resolved,55000,55000,10,L4,Malaga,2024-07,levels.fyi,https://www.levels.fyi/companies/epam-systems/salaries/software-engineer/locations/spain,2026-10-06,,,,,,,,,
EPAM Systems,4972,https://www.linkedin.com/company/epam-systems,epam-systems,resolved,55000,55000,9,L4,Malaga,2024-04,levels.fyi,https://www.levels.fyi/companies/epam-systems/salaries/software-engineer/locations/spain,2026-10-06,,,,,,,,,
EPAM Systems,4972,https://www.linkedin.com/company/epam-systems,epam-systems,resolved,55000,55000,8,L3,Malaga,2024-11,levels.fyi,https://www.levels.fyi/companies/epam-systems/salaries/software-engineer/locations/spain,2026-10-06,,,,,,,,,
EPAM Systems,4972,https://www.linkedin.com/company/epam-systems,epam-systems,resolved,55000,55000,8,L3,Malaga,2023-01,levels.fyi,https://www.levels.fyi/companies/epam-systems/salaries/software-engineer/locations/spain,2026-10-06,,,,,,,,,
EPAM Systems,4972,https://www.linkedin.com/company/epam-systems,epam-systems,resolved,55000,55000,7,L3,Madrid,2025-06,levels.fyi,https://www.levels.fyi/companies/epam-systems/salaries/software-engineer/locations/spain,2026-10-06,,,,,,,,,
EPAM Systems,4972,https://www.linkedin.com/company/epam-systems,epam-systems,resolved,55000,55000,6,L4,Malaga,2024-08,levels.fyi,https://www.levels.fyi/companies/epam-systems/salaries/software-engineer/locations/spain,2026-10-06,,,,,,,,,
EPAM Systems,4972,https://www.linkedin.com/company/epam-systems,epam-systems,resolved,55000,55000,6,L4,Malaga,2024-07,levels.fyi,https://www.levels.fyi/companies/epam-systems/salaries/software-engineer/locations/spain,2026-10-06,,,,,,,,,
EPAM Systems,4972,https://www.linkedin.com/company/epam-systems,epam-systems,resolved,54400,54400,8,L4,Malaga,2023-08,levels.fyi,https://www.levels.fyi/companies/epam-systems/salaries/software-engineer/locations/spain,2026-10-06,,,,,,,,,
EPAM Systems,4972,https://www.linkedin.com/company/epam-systems,epam-systems,resolved,54000,57000,10,L4,Barcelona,2026-02,levels.fyi,https://www.levels.fyi/companies/epam-systems/salaries/software-engineer/locations/spain,2026-10-06,,,,,,,,,
EPAM Systems,4972,https://www.linkedin.com/company/epam-systems,epam-systems,resolved,54000,55800,7,L4,Malaga,2024-05,levels.fyi,https://www.levels.fyi/companies/epam-systems/salaries/software-engineer/locations/spain,2026-10-06,,,,,,,,,
EPAM Systems,4972,https://www.linkedin.com/company/epam-systems,epam-systems,resolved,54000,55800,6,L4,Malaga,2024-03,levels.fyi,https://www.levels.fyi/companies/epam-systems/salaries/software-engineer/locations/spain,2026-10-06,,,,,,,,,
EPAM Systems,4972,https://www.linkedin.com/company/epam-systems,epam-systems,resolved,54000,55400,10,L3,Malaga,2024-08,levels.fyi,https://www.levels.fyi/companies/epam-systems/salaries/software-engineer/locations/spain,2026-10-06,,,,,,,,,
EPAM Systems,4972,https://www.linkedin.com/company/epam-systems,epam-systems,resolved,54000,54000,9,Lead,Barcelona,2026-06,levels.fyi,https://www.levels.fyi/companies/epam-systems/salaries/software-engineer/locations/spain,2026-10-06,,,,,,,,,
EPAM Systems,4972,https://www.linkedin.com/company/epam-systems,epam-systems,resolved,54000,54000,8,L3,Malaga,2024-09,levels.fyi,https://www.levels.fyi/companies/epam-systems/salaries/software-engineer/locations/spain,2026-10-06,,,,,,,,,
EPAM Systems,4972,https://www.linkedin.com/company/epam-systems,epam-systems,resolved,53000,58000,9,L4,Malaga,2022-06,levels.fyi,https://www.levels.fyi/companies/epam-systems/salaries/software-engineer/locations/spain,2026-10-06,,,,,,,,,
EPAM Systems,4972,https://www.linkedin.com/company/epam-systems,epam-systems,resolved,53000,57000,12,L4,Malaga,2023-10,levels.fyi,https://www.levels.fyi/companies/epam-systems/salaries/software-engineer/locations/spain,2026-10-06,,,,,,,,,
EPAM Systems,4972,https://www.linkedin.com/company/epam-systems,epam-systems,resolved,53000,53000,14,L4,Malaga,2024-02,levels.fyi,https://www.levels.fyi/companies/epam-systems/salaries/software-engineer/locations/spain,2026-10-06,,,,,,,,,
EPAM Systems,4972,https://www.linkedin.com/company/epam-systems,epam-systems,resolved,53000,53000,10,L3,Malaga,2025-01,levels.fyi,https://www.levels.fyi/companies/epam-systems/salaries/software-engineer/locations/spain,2026-10-06,,,,,,,,,
EPAM Systems,4972,https://www.linkedin.com/company/epam-systems,epam-systems,resolved,53000,53000,7,L3,Malaga,2022-12,levels.fyi,https://www.levels.fyi/companies/epam-systems/salaries/software-engineer/locations/spain,2026-10-06,,,,,,,,,
EPAM Systems,4972,https://www.linkedin.com/company/epam-systems,epam-systems,resolved,52000,57000,10,L4,Malaga,2022-02,levels.fyi,https://www.levels.fyi/companies/epam-systems/salaries/software-engineer/locations/spain,2026-10-06,,,,,,,,,
EPAM Systems,4972,https://www.linkedin.com/company/epam-systems,epam-systems,resolved,52000,54500,5,L3,Malaga,2026-09,levels.fyi,https://www.levels.fyi/companies/epam-systems/salaries/software-engineer/locations/spain,2026-10-06,,,,,,,,,
EPAM Systems,4972,https://www.linkedin.com/company/epam-systems,epam-systems,resolved,52000,52000,10,L3,Malaga,2026-06,levels.fyi,https://www.levels.fyi/companies/epam-systems/salaries/software-engineer/locations/spain,2026-10-06,,,,,,,,,
EPAM Systems,4972,https://www.linkedin.com/company/epam-systems,epam-systems,resolved,52000,52000,9,L2,Malaga,2025-02,levels.fyi,https://www.levels.fyi/companies/epam-systems/salaries/software-engineer/locations/spain,2026-10-06,,,,,,,,,
EPAM Systems,4972,https://www.linkedin.com/company/epam-systems,epam-systems,resolved,52000,52000,7,L3,Malaga,2024-07,levels.fyi,https://www.levels.fyi/companies/epam-systems/salaries/software-engineer/locations/spain,2026-10-06,,,,,,,,,
EPAM Systems,4972,https://www.linkedin.com/company/epam-systems,epam-systems,resolved,51743,53497,8,L4,Malaga,2023-07,levels.fyi,https://www.levels.fyi/companies/epam-systems/salaries/software-engineer/locations/spain,2026-10-06,,,,,,,,,
EPAM Systems,4972,https://www.linkedin.com/company/epam-systems,epam-systems,resolved,51000,53000,6,L4,Malaga,2023-12,levels.fyi,https://www.levels.fyi/companies/epam-systems/salaries/software-engineer/locations/spain,2026-10-06,,,,,,,,,
EPAM Systems,4972,https://www.linkedin.com/company/epam-systems,epam-systems,resolved,51000,52600,6,L3,Malaga,2025-06,levels.fyi,https://www.levels.fyi/companies/epam-systems/salaries/software-engineer/locations/spain,2026-10-06,,,,,,,,,
EPAM Systems,4972,https://www.linkedin.com/company/epam-systems,epam-systems,resolved,51000,52000,7,L4,Malaga,2024-07,levels.fyi,https://www.levels.fyi/companies/epam-systems/salaries/software-engineer/locations/spain,2026-10-06,,,,,,,,,
EPAM Systems,4972,https://www.linkedin.com/company/epam-systems,epam-systems,resolved,51000,51000,13,L3,Malaga,2024-01,levels.fyi,https://www.levels.fyi/companies/epam-systems/salaries/software-engineer/locations/spain,2026-10-06,,,,,,,,,
EPAM Systems,4972,https://www.linkedin.com/company/epam-systems,epam-systems,resolved,51000,51000,9,L3,Malaga,2025-01,levels.fyi,https://www.levels.fyi/companies/epam-systems/salaries/software-engineer/locations/spain,2026-10-06,,,,,,,,,
EPAM Systems,4972,https://www.linkedin.com/company/epam-systems,epam-systems,resolved,51000,51000,7,L3,Malaga,2024-10,levels.fyi,https://www.levels.fyi/companies/epam-systems/salaries/software-engineer/locations/spain,2026-10-06,,,,,,,,,
EPAM Systems,4972,https://www.linkedin.com/company/epam-systems,epam-systems,resolved,50400,50400,15,L3,Barcelona,2025-07,levels.fyi,https://www.levels.fyi/companies/epam-systems/salaries/software-engineer/locations/spain,2026-10-06,,,,,,,,,
EPAM Systems,4972,https://www.linkedin.com/company/epam-systems,epam-systems,resolved,50000,50000,15,L3,Malaga,2025-01,levels.fyi,https://www.levels.fyi/companies/epam-systems/salaries/software-engineer/locations/spain,2026-10-06,,,,,,,,,
EPAM Systems,4972,https://www.linkedin.com/company/epam-systems,epam-systems,resolved,50000,50000,13,L3,Malaga,2025-01,levels.fyi,https://www.levels.fyi/companies/epam-systems/salaries/software-engineer/locations/spain,2026-10-06,,,,,,,,,
EPAM Systems,4972,https://www.linkedin.com/company/epam-systems,epam-systems,resolved,50000,50000,10,L3,Malaga,2025-04,levels.fyi,https://www.levels.fyi/companies/epam-systems/salaries/software-engineer/locations/spain,2026-10-06,,,,,,,,,
EPAM Systems,4972,https://www.linkedin.com/company/epam-systems,epam-systems,resolved,50000,50000,10,L4,Malaga,2024-02,levels.fyi,https://www.levels.fyi/companies/epam-systems/salaries/software-engineer/locations/spain,2026-10-06,,,,,,,,,
EPAM Systems,4972,https://www.linkedin.com/company/epam-systems,epam-systems,resolved,50000,50000,8,L3,Malaga,2023-11,levels.fyi,https://www.levels.fyi/companies/epam-systems/salaries/software-engineer/locations/spain,2026-10-06,,,,,,,,,
EPAM Systems,4972,https://www.linkedin.com/company/epam-systems,epam-systems,resolved,49000,49000,15,L4,Malaga,2023-01,levels.fyi,https://www.levels.fyi/companies/epam-systems/salaries/software-engineer/locations/spain,2026-10-06,,,,,,,,,
EPAM Systems,4972,https://www.linkedin.com/company/epam-systems,epam-systems,resolved,49000,49000,10,L4,Malaga,2022-12,levels.fyi,https://www.levels.fyi/companies/epam-systems/salaries/software-engineer/locations/spain,2026-10-06,,,,,,,,,
EPAM Systems,4972,https://www.linkedin.com/company/epam-systems,epam-systems,resolved,49000,49000,8,L3,Malaga,2024-03,levels.fyi,https://www.levels.fyi/companies/epam-systems/salaries/software-engineer/locations/spain,2026-10-06,,,,,,,,,
EPAM Systems,4972,https://www.linkedin.com/company/epam-systems,epam-systems,resolved,48600,48600,9,L3,Malaga,2021-08,levels.fyi,https://www.levels.fyi/companies/epam-systems/salaries/software-engineer/locations/spain,2026-10-06,,,,,,,,,
EPAM Systems,4972,https://www.linkedin.com/company/epam-systems,epam-systems,resolved,48235,52620,15,L4,Malaga,2023-08,levels.fyi,https://www.levels.fyi/companies/epam-systems/salaries/software-engineer/locations/spain,2026-10-06,,,,,,,,,
EPAM Systems,4972,https://www.linkedin.com/company/epam-systems,epam-systems,resolved,48000,53000,10,L3,Malaga,2023-02,levels.fyi,https://www.levels.fyi/companies/epam-systems/salaries/software-engineer/locations/spain,2026-10-06,,,,,,,,,
EPAM Systems,4972,https://www.linkedin.com/company/epam-systems,epam-systems,resolved,48000,49000,8,L3,Malaga,2025-10,levels.fyi,https://www.levels.fyi/companies/epam-systems/salaries/software-engineer/locations/spain,2026-10-06,,,,,,,,,
EPAM Systems,4972,https://www.linkedin.com/company/epam-systems,epam-systems,resolved,48000,48000,11,L3,Malaga,2022-07,levels.fyi,https://www.levels.fyi/companies/epam-systems/salaries/software-engineer/locations/spain,2026-10-06,,,,,,,,,
EPAM Systems,4972,https://www.linkedin.com/company/epam-systems,epam-systems,resolved,48000,48000,7,L3,Malaga,2022-11,levels.fyi,https://www.levels.fyi/companies/epam-systems/salaries/software-engineer/locations/spain,2026-10-06,,,,,,,,,
EPAM Systems,4972,https://www.linkedin.com/company/epam-systems,epam-systems,resolved,48000,48000,6,L3,Malaga,2023-10,levels.fyi,https://www.levels.fyi/companies/epam-systems/salaries/software-engineer/locations/spain,2026-10-06,,,,,,,,,
EPAM Systems,4972,https://www.linkedin.com/company/epam-systems,epam-systems,resolved,48000,48000,5,L4,Malaga,2022-12,levels.fyi,https://www.levels.fyi/companies/epam-systems/salaries/software-engineer/locations/spain,2026-10-06,,,,,,,,,
EPAM Systems,4972,https://www.linkedin.com/company/epam-systems,epam-systems,resolved,47600,50200,5,L3,Malaga,2022-09,levels.fyi,https://www.levels.fyi/companies/epam-systems/salaries/software-engineer/locations/spain,2026-10-06,,,,,,,,,
EPAM Systems,4972,https://www.linkedin.com/company/epam-systems,epam-systems,resolved,47600,47600,12,L3,Malaga,2022-12,levels.fyi,https://www.levels.fyi/companies/epam-systems/salaries/software-engineer/locations/spain,2026-10-06,,,,,,,,,
EPAM Systems,4972,https://www.linkedin.com/company/epam-systems,epam-systems,resolved,47400,49800,6,L3,Malaga,2022-09,levels.fyi,https://www.levels.fyi/companies/epam-systems/salaries/software-engineer/locations/spain,2026-10-06,,,,,,,,,
EPAM Systems,4972,https://www.linkedin.com/company/epam-systems,epam-systems,resolved,47000,47000,13,L3,Madrid,2025-11,levels.fyi,https://www.levels.fyi/companies/epam-systems/salaries/software-engineer/locations/spain,2026-10-06,,,,,,,,,
EPAM Systems,4972,https://www.linkedin.com/company/epam-systems,epam-systems,resolved,46800,46800,6,L3,Malaga,2023-12,levels.fyi,https://www.levels.fyi/companies/epam-systems/salaries/software-engineer/locations/spain,2026-10-06,,,,,,,,,
EPAM Systems,4972,https://www.linkedin.com/company/epam-systems,epam-systems,resolved,46000,46000,15,L3,Malaga,2025-07,levels.fyi,https://www.levels.fyi/companies/epam-systems/salaries/software-engineer/locations/spain,2026-10-06,,,,,,,,,
EPAM Systems,4972,https://www.linkedin.com/company/epam-systems,epam-systems,resolved,46000,46000,8,L3,Malaga,2024-07,levels.fyi,https://www.levels.fyi/companies/epam-systems/salaries/software-engineer/locations/spain,2026-10-06,,,,,,,,,
EPAM Systems,4972,https://www.linkedin.com/company/epam-systems,epam-systems,resolved,46000,46000,7,L3,Malaga,2023-01,levels.fyi,https://www.levels.fyi/companies/epam-systems/salaries/software-engineer/locations/spain,2026-10-06,,,,,,,,,
EPAM Systems,4972,https://www.linkedin.com/company/epam-systems,epam-systems,resolved,45600,47600,7,L3,Malaga,2023-09,levels.fyi,https://www.levels.fyi/companies/epam-systems/salaries/software-engineer/locations/spain,2026-10-06,,,,,,,,,
EPAM Systems,4972,https://www.linkedin.com/company/epam-systems,epam-systems,resolved,45200,50600,5,L3,Malaga,2022-02,levels.fyi,https://www.levels.fyi/companies/epam-systems/salaries/software-engineer/locations/spain,2026-10-06,,,,,,,,,
EPAM Systems,4972,https://www.linkedin.com/company/epam-systems,epam-systems,resolved,45000,46400,5,L3,Malaga,2022-12,levels.fyi,https://www.levels.fyi/companies/epam-systems/salaries/software-engineer/locations/spain,2026-10-06,,,,,,,,,
EPAM Systems,4972,https://www.linkedin.com/company/epam-systems,epam-systems,resolved,45000,46000,7,L3,Malaga,2024-01,levels.fyi,https://www.levels.fyi/companies/epam-systems/salaries/software-engineer/locations/spain,2026-10-06,,,,,,,,,
EPAM Systems,4972,https://www.linkedin.com/company/epam-systems,epam-systems,resolved,45000,46000,5,L2,Malaga,2025-02,levels.fyi,https://www.levels.fyi/companies/epam-systems/salaries/software-engineer/locations/spain,2026-10-06,,,,,,,,,
EPAM Systems,4972,https://www.linkedin.com/company/epam-systems,epam-systems,resolved,45000,45000,10,L2,Malaga,2024-07,levels.fyi,https://www.levels.fyi/companies/epam-systems/salaries/software-engineer/locations/spain,2026-10-06,,,,,,,,,
EPAM Systems,4972,https://www.linkedin.com/company/epam-systems,epam-systems,resolved,44000,44000,6,L2,Malaga,2023-11,levels.fyi,https://www.levels.fyi/companies/epam-systems/salaries/software-engineer/locations/spain,2026-10-06,,,,,,,,,
EPAM Systems,4972,https://www.linkedin.com/company/epam-systems,epam-systems,resolved,44000,44000,5,L2,Malaga,2025-08,levels.fyi,https://www.levels.fyi/companies/epam-systems/salaries/software-engineer/locations/spain,2026-10-06,,,,,,,,,
EPAM Systems,4972,https://www.linkedin.com/company/epam-systems,epam-systems,resolved,43000,43000,10,L3,Malaga,2024-02,levels.fyi,https://www.levels.fyi/companies/epam-systems/salaries/software-engineer/locations/spain,2026-10-06,,,,,,,,,
EPAM Systems,4972,https://www.linkedin.com/company/epam-systems,epam-systems,resolved,43000,43000,10,L3,Malaga,2022-07,levels.fyi,https://www.levels.fyi/companies/epam-systems/salaries/software-engineer/locations/spain,2026-10-06,,,,,,,,,
EPAM Systems,4972,https://www.linkedin.com/company/epam-systems,epam-systems,resolved,42400,42400,10,L3,Malaga,2021-07,levels.fyi,https://www.levels.fyi/companies/epam-systems/salaries/software-engineer/locations/spain,2026-10-06,,,,,,,,,
EPAM Systems,4972,https://www.linkedin.com/company/epam-systems,epam-systems,resolved,42096,42096,9,L3,Malaga,2024-03,levels.fyi,https://www.levels.fyi/companies/epam-systems/salaries/software-engineer/locations/spain,2026-10-06,,,,,,,,,
EPAM Systems,4972,https://www.linkedin.com/company/epam-systems,epam-systems,resolved,40342,40342,7,L3,Malaga,2024-02,levels.fyi,https://www.levels.fyi/companies/epam-systems/salaries/software-engineer/locations/spain,2026-10-06,,,,,,,,,
EPAM Systems,4972,https://www.linkedin.com/company/epam-systems,epam-systems,resolved,40342,40342,7,L3,Malaga,2023-11,levels.fyi,https://www.levels.fyi/companies/epam-systems/salaries/software-engineer/locations/spain,2026-10-06,,,,,,,,,
EPAM Systems,4972,https://www.linkedin.com/company/epam-systems,epam-systems,resolved,40000,40000,6,L2,Malaga,2023-09,levels.fyi,https://www.levels.fyi/companies/epam-systems/salaries/software-engineer/locations/spain,2026-10-06,,,,,,,,,
EPAM Systems,4972,https://www.linkedin.com/company/epam-systems,epam-systems,resolved,40000,40000,5,L2,Madrid,2025-11,levels.fyi,https://www.levels.fyi/companies/epam-systems/salaries/software-engineer/locations/spain,2026-10-06,,,,,,,,,
EPAM Systems,4972,https://www.linkedin.com/company/epam-systems,epam-systems,resolved,39465,39465,14,L3,Malaga,2023-01,levels.fyi,https://www.levels.fyi/companies/epam-systems/salaries/software-engineer/locations/spain,2026-10-06,,,,,,,,,
EPAM Systems,4972,https://www.linkedin.com/company/epam-systems,epam-systems,resolved,39000,39000,5,L3,Malaga,2025-05,levels.fyi,https://www.levels.fyi/companies/epam-systems/salaries/software-engineer/locations/spain,2026-10-06,,,,,,,,,
EPAM Systems,4972,https://www.linkedin.com/company/epam-systems,epam-systems,resolved,39000,39000,5,L2,Malaga,2025-02,levels.fyi,https://www.levels.fyi/companies/epam-systems/salaries/software-engineer/locations/spain,2026-10-06,,,,,,,,,
EPAM Systems,4972,https://www.linkedin.com/company/epam-systems,epam-systems,resolved,39000,39000,5,L3,Malaga,2023-10,levels.fyi,https://www.levels.fyi/companies/epam-systems/salaries/software-engineer/locations/spain,2026-10-06,,,,,,,,,
EPAM Systems,4972,https://www.linkedin.com/company/epam-systems,epam-systems,resolved,37711,37711,5,L3,Malaga,2023-08,levels.fyi,https://www.levels.fyi/companies/epam-systems/salaries/software-engineer/locations/spain,2026-10-06,,,,,,,,,
EPAM Systems,4972,https://www.linkedin.com/company/epam-systems,epam-systems,resolved,35000,35000,5,L2,Malaga,2025-02,levels.fyi,https://www.levels.fyi/companies/epam-systems/salaries/software-engineer/locations/spain,2026-10-06,,,,,,,,,
ESW,,https://www.linkedin.com/company/esw,esw,resolved,62000,65000,10,Senior,Madrid,2026-07,levels.fyi,https://www.levels.fyi/companies/esw/salaries/software-engineer/locations/spain,2026-10-06,,,,,,,,,
Eventbrite,167280,https://www.linkedin.com/company/eventbrite,eventbrite,resolved,112000,144000,25,Principal Engineer,Madrid,2026-05,levels.fyi,https://www.levels.fyi/companies/eventbrite/salaries/software-engineer/locations/spain,2026-10-06,,,,,,,,,
Eventbrite,167280,https://www.linkedin.com/company/eventbrite,eventbrite,resolved,107000,140000,15,Principal Engineer,Madrid,2026-05,levels.fyi,https://www.levels.fyi/companies/eventbrite/salaries/software-engineer/locations/spain,2026-10-06,,,,,,,,,
Eventbrite,167280,https://www.linkedin.com/company/eventbrite,eventbrite,resolved,96000,116000,14,Staff Software Engineer,Madrid,2026-05,levels.fyi,https://www.levels.fyi/companies/eventbrite/salaries/software-engineer/locations/spain,2026-10-06,,,,,,,,,
Eventbrite,167280,https://www.linkedin.com/company/eventbrite,eventbrite,resolved,90000,145000,25,Principal Engineer,Madrid,2022-12,levels.fyi,https://www.levels.fyi/companies/eventbrite/salaries/software-engineer/locations/spain,2026-10-06,,,,,,,,,
Eventbrite,167280,https://www.linkedin.com/company/eventbrite,eventbrite,resolved,86000,93000,10,Staff Software Engineer,Madrid,2025-04,levels.fyi,https://www.levels.fyi/companies/eventbrite/salaries/software-engineer/locations/spain,2026-10-06,,,,,,,,,
Eventbrite,167280,https://www.linkedin.com/company/eventbrite,eventbrite,resolved,85000,92000,8,Staff Software Engineer,Madrid,2026-05,levels.fyi,https://www.levels.fyi/companies/eventbrite/salaries/software-engineer/locations/spain,2026-10-06,,,,,,,,,
Eventbrite,167280,https://www.linkedin.com/company/eventbrite,eventbrite,resolved,84000,124000,14,Staff Software Engineer,Madrid,2024-04,levels.fyi,https://www.levels.fyi/companies/eventbrite/salaries/software-engineer/locations/spain,2026-10-06,,,,,,,,,
Eventbrite,167280,https://www.linkedin.com/company/eventbrite,eventbrite,resolved,83000,114000,15,Staff Software Engineer,Madrid,2024-08,levels.fyi,https://www.levels.fyi/companies/eventbrite/salaries/software-engineer/locations/spain,2026-10-06,,,,,,,,,
Eventbrite,167280,https://www.linkedin.com/company/eventbrite,eventbrite,resolved,83000,98000,14,Staff Software Engineer,Barcelona,2025-11,levels.fyi,https://www.levels.fyi/companies/eventbrite/salaries/software-engineer/locations/spain,2026-10-06,,,,,,,,,
Eventbrite,167280,https://www.linkedin.com/company/eventbrite,eventbrite,resolved,80000,104500,12,L4,Madrid,2024-02,levels.fyi,https://www.levels.fyi/companies/eventbrite/salaries/software-engineer/locations/spain,2026-10-06,,,,,,,,,
Eventbrite,167280,https://www.linkedin.com/company/eventbrite,eventbrite,resolved,80000,94000,11,Staff Software Engineer,Madrid,2025-05,levels.fyi,https://www.levels.fyi/companies/eventbrite/salaries/software-engineer/locations/spain,2026-10-06,,,,,,,,,
Eventbrite,167280,https://www.linkedin.com/company/eventbrite,eventbrite,resolved,78000,102850,12,L4,Barcelona,2023-10,levels.fyi,https://www.levels.fyi/companies/eventbrite/salaries/software-engineer/locations/spain,2026-10-06,,,,,,,,,
Eventbrite,167280,https://www.linkedin.com/company/eventbrite,eventbrite,resolved,78000,86000,20,Staff Software Engineer,Barcelona,2026-03,levels.fyi,https://www.levels.fyi/companies/eventbrite/salaries/software-engineer/locations/spain,2026-10-06,,,,,,,,,
Eventbrite,167280,https://www.linkedin.com/company/eventbrite,eventbrite,resolved,74000,99000,20,Staff Software Engineer,Barcelona,2023-05,levels.fyi,https://www.levels.fyi/companies/eventbrite/salaries/software-engineer/locations/spain,2026-10-06,,,,,,,,,
Eventbrite,167280,https://www.linkedin.com/company/eventbrite,eventbrite,resolved,71000,75000,6,Staff Software Engineer,Madrid,2022-01,levels.fyi,https://www.levels.fyi/companies/eventbrite/salaries/software-engineer/locations/spain,2026-10-06,,,,,,,,,
Eventbrite,167280,https://www.linkedin.com/company/eventbrite,eventbrite,resolved,68000,82000,9,L4,Madrid,2022-12,levels.fyi,https://www.levels.fyi/companies/eventbrite/salaries/software-engineer/locations/spain,2026-10-06,,,,,,,,,
Eventbrite,167280,https://www.linkedin.com/company/eventbrite,eventbrite,resolved,66000,70000,5,Staff Software Engineer,Madrid,2022-01,levels.fyi,https://www.levels.fyi/companies/eventbrite/salaries/software-engineer/locations/spain,2026-10-06,,,,,,,,,
Eventbrite,167280,https://www.linkedin.com/company/eventbrite,eventbrite,resolved,65000,85000,8,Senior Software Engineer,Madrid,2022-02,levels.fyi,https://www.levels.fyi/companies/eventbrite/salaries/software-engineer/locations/spain,2026-10-06,,,,,,,,,
Eventbrite,167280,https://www.linkedin.com/company/eventbrite,eventbrite,resolved,64000,68000,11+,P3,Madrid,2026-07,levels.fyi,https://www.levels.fyi/companies/eventbrite/salaries/software-engineer/locations/spain,2026-10-06,,,,,,,,,
Eventbrite,167280,https://www.linkedin.com/company/eventbrite,eventbrite,resolved,63000,70725,12,Senior Software Engineer,Madrid,2024-06,levels.fyi,https://www.levels.fyi/companies/eventbrite/salaries/software-engineer/locations/spain,2026-10-06,,,,,,,,,
Eventbrite,167280,https://www.linkedin.com/company/eventbrite,eventbrite,resolved,62000,73000,8,Senior Software Engineer,Madrid,2026-07,levels.fyi,https://www.levels.fyi/companies/eventbrite/salaries/software-engineer/locations/spain,2026-10-06,,,,,,,,,
Eventbrite,167280,https://www.linkedin.com/company/eventbrite,eventbrite,resolved,62000,72000,12,Senior Software Engineer,Madrid,2024-02,levels.fyi,https://www.levels.fyi/companies/eventbrite/salaries/software-engineer/locations/spain,2026-10-06,,,,,,,,,
Eventbrite,167280,https://www.linkedin.com/company/eventbrite,eventbrite,resolved,60000,100001,7,Senior Software Engineer,Madrid,2025-03,levels.fyi,https://www.levels.fyi/companies/eventbrite/salaries/software-engineer/locations/spain,2026-10-06,,,,,,,,,
Eventbrite,167280,https://www.linkedin.com/company/eventbrite,eventbrite,resolved,60000,81000,5,Senior Software Engineer,Madrid,2023-06,levels.fyi,https://www.levels.fyi/companies/eventbrite/salaries/software-engineer/locations/spain,2026-10-06,,,,,,,,,
Eventbrite,167280,https://www.linkedin.com/company/eventbrite,eventbrite,resolved,57000,60000,5,Senior Software Engineer,Madrid,2024-09,levels.fyi,https://www.levels.fyi/companies/eventbrite/salaries/software-engineer/locations/spain,2026-10-06,,,,,,,,,
Eventbrite,167280,https://www.linkedin.com/company/eventbrite,eventbrite,resolved,56800,61000,5,Senior Software Engineer,Madrid,2021-04,levels.fyi,https://www.levels.fyi/companies/eventbrite/salaries/software-engineer/locations/spain,2026-10-06,,,,,,,,,
Eventbrite,167280,https://www.linkedin.com/company/eventbrite,eventbrite,resolved,52600,59400,6,Senior Software Engineer,Madrid,2021-08,levels.fyi,https://www.levels.fyi/companies/eventbrite/salaries/software-engineer/locations/spain,2026-10-06,,,,,,,,,
Eventbrite,167280,https://www.linkedin.com/company/eventbrite,eventbrite,resolved,42600,43400,20,SWE Senior 2,Madrid,2020-09,levels.fyi,https://www.levels.fyi/companies/eventbrite/salaries/software-engineer/locations/spain,2026-10-06,,,,,,,,,
Exoticca,3317134,https://www.linkedin.com/company/exoticca-travel-agency,exoticca,resolved,73000,74000,15,TS3,Barcelona,2025-04,levels.fyi,https://www.levels.fyi/companies/exoticca/salaries/software-engineer/locations/spain,2026-10-06,,,,,,,,,
Exoticca,3317134,https://www.linkedin.com/company/exoticca-travel-agency,exoticca,resolved,65000,71500,9,Senior,Barcelona,2024-02,levels.fyi,https://www.levels.fyi/companies/exoticca/salaries/software-engineer/locations/spain,2026-10-06,,,,,,,,,
Exoticca,3317134,https://www.linkedin.com/company/exoticca-travel-agency,exoticca,resolved,60000,66000,8,L3,Barcelona,2025-02,levels.fyi,https://www.levels.fyi/companies/exoticca/salaries/software-engineer/locations/spain,2026-10-06,,,,,,,,,
Exoticca,3317134,https://www.linkedin.com/company/exoticca-travel-agency,exoticca,resolved,45000,50000,7,L3,Barcelona,2025-05,levels.fyi,https://www.levels.fyi/companies/exoticca/salaries/software-engineer/locations/spain,2026-10-06,,,,,,,,,
Exoticca,3317134,https://www.linkedin.com/company/exoticca-travel-agency,exoticca,resolved,39800,43800,5,Mid,Barcelona,2025-06,levels.fyi,https://www.levels.fyi/companies/exoticca/salaries/software-engineer/locations/spain,2026-10-06,,,,,,,,,
Exoticca,3317134,https://www.linkedin.com/company/exoticca-travel-agency,exoticca,resolved,39800,43800,5,P3,Barcelona,2025-06,levels.fyi,https://www.levels.fyi/companies/exoticca/salaries/software-engineer/locations/spain,2026-10-06,,,,,,,,,
Expedia Group,2751,https://www.linkedin.com/company/expediagroup,expedia-group,resolved,106000,133000,18,M,Madrid,2024-08,levels.fyi,https://www.levels.fyi/companies/expedia-group/salaries/software-engineer/locations/spain,2026-10-06,,,,,,,,,
Expedia Group,2751,https://www.linkedin.com/company/expediagroup,expedia-group,resolved,90000,105000,10,L,Madrid,2026-02,levels.fyi,https://www.levels.fyi/companies/expedia-group/salaries/software-engineer/locations/spain,2026-10-06,,,,,,,,,
Expedia Group,2751,https://www.linkedin.com/company/expediagroup,expedia-group,resolved,88000,111000,7,L,Madrid,2023-03,levels.fyi,https://www.levels.fyi/companies/expedia-group/salaries/software-engineer/locations/spain,2026-10-06,,,,,,,,,
Expedia Group,2751,https://www.linkedin.com/company/expediagroup,expedia-group,resolved,88000,108000,7,M,Madrid,2025-09,levels.fyi,https://www.levels.fyi/companies/expedia-group/salaries/software-engineer/locations/spain,2026-10-06,,,,,,,,,
Expedia Group,2751,https://www.linkedin.com/company/expediagroup,expedia-group,resolved,88000,103000,8,L,Madrid,2024-08,levels.fyi,https://www.levels.fyi/companies/expedia-group/salaries/software-engineer/locations/spain,2026-10-06,,,,,,,,,
Expedia Group,2751,https://www.linkedin.com/company/expediagroup,expedia-group,resolved,80000,90000,9,M,Madrid,2026-02,levels.fyi,https://www.levels.fyi/companies/expedia-group/salaries/software-engineer/locations/spain,2026-10-06,,,,,,,,,
Expedia Group,2751,https://www.linkedin.com/company/expediagroup,expedia-group,resolved,77176,94716,8,L,Madrid,2023-08,levels.fyi,https://www.levels.fyi/companies/expedia-group/salaries/software-engineer/locations/spain,2026-10-06,,,,,,,,,
Expedia Group,2751,https://www.linkedin.com/company/expediagroup,expedia-group,resolved,75000,85000,5,L,Madrid,2023-06,levels.fyi,https://www.levels.fyi/companies/expedia-group/salaries/software-engineer/locations/spain,2026-10-06,,,,,,,,,
Expedia Group,2751,https://www.linkedin.com/company/expediagroup,expedia-group,resolved,70000,83000,7,K,Madrid,2026-06,levels.fyi,https://www.levels.fyi/companies/expedia-group/salaries/software-engineer/locations/spain,2026-10-06,,,,,,,,,
Expedia Group,2751,https://www.linkedin.com/company/expediagroup,expedia-group,resolved,68000,80000,6,L,Madrid,2024-01,levels.fyi,https://www.levels.fyi/companies/expedia-group/salaries/software-engineer/locations/spain,2026-10-06,,,,,,,,,
Expedia Group,2751,https://www.linkedin.com/company/expediagroup,expedia-group,resolved,68000,73000,6,M,Madrid,2025-03,levels.fyi,https://www.levels.fyi/companies/expedia-group/salaries/software-engineer/locations/spain,2026-10-06,,,,,,,,,
Expedia Group,2751,https://www.linkedin.com/company/expediagroup,expedia-group,resolved,65000,69500,5,M,Madrid,2023-09,levels.fyi,https://www.levels.fyi/companies/expedia-group/salaries/software-engineer/locations/spain,2026-10-06,,,,,,,,,
Expleo Group,26684491,https://www.linkedin.com/company/expleo-group,expleo-group,resolved,67000,67000,25,L3,Barcelona,2025-07,levels.fyi,https://www.levels.fyi/companies/expleo-group/salaries/software-engineer/locations/spain,2026-10-06,,https://expleo.com,,Montigny-le-Bretonneux,FR,"10,001+",engineering|consulting-professional-services|information-technology-services|industrials-manufacturing,1966,
Factorial,11016997,https://www.linkedin.com/company/factorialhr,factorial,resolved,100000,100000,11+,,Barcelona,2023-07,levels.fyi,https://www.levels.fyi/companies/factorial/salaries/software-engineer/locations/spain,2026-10-06,,https://factorialhr.es,,Barcelona,ES,"1,001-10,000",information-technology-services|technology|human-resources|billing-management,2016,
Factorial,11016997,https://www.linkedin.com/company/factorialhr,factorial,resolved,80000,80000,9,L3,Valencia,2024-04,levels.fyi,https://www.levels.fyi/companies/factorial/salaries/software-engineer/locations/spain,2026-10-06,,https://factorialhr.es,,Barcelona,ES,"1,001-10,000",information-technology-services|technology|human-resources|billing-management,2016,
Factorial,11016997,https://www.linkedin.com/company/factorialhr,factorial,resolved,75000,85000,25,Staff,Madrid,2026-07,levels.fyi,https://www.levels.fyi/companies/factorial/salaries/software-engineer/locations/spain,2026-10-06,,https://factorialhr.es,,Barcelona,ES,"1,001-10,000",information-technology-services|technology|human-resources|billing-management,2016,
Factorial,11016997,https://www.linkedin.com/company/factorialhr,factorial,resolved,71914,124534,10,,Barcelona,2023-12,levels.fyi,https://www.levels.fyi/companies/factorial/salaries/software-engineer/locations/spain,2026-10-06,,https://factorialhr.es,,Barcelona,ES,"1,001-10,000",information-technology-services|technology|human-resources|billing-management,2016,
Factorial,11016997,https://www.linkedin.com/company/factorialhr,factorial,resolved,70000,77000,11+,Senior,Barcelona,2026-10,levels.fyi,https://www.levels.fyi/companies/factorial/salaries/software-engineer/locations/spain,2026-10-06,,https://factorialhr.es,,Barcelona,ES,"1,001-10,000",information-technology-services|technology|human-resources|billing-management,2016,
Factorial,11016997,https://www.linkedin.com/company/factorialhr,factorial,resolved,70000,70000,10,Staff,Barcelona,2023-12,levels.fyi,https://www.levels.fyi/companies/factorial/salaries/software-engineer/locations/spain,2026-10-06,,https://factorialhr.es,,Barcelona,ES,"1,001-10,000",information-technology-services|technology|human-resources|billing-management,2016,
Factorial,11016997,https://www.linkedin.com/company/factorialhr,factorial,resolved,70000,70000,9,Senior,Barcelona,2025-12,levels.fyi,https://www.levels.fyi/companies/factorial/salaries/software-engineer/locations/spain,2026-10-06,,https://factorialhr.es,,Barcelona,ES,"1,001-10,000",information-technology-services|technology|human-resources|billing-management,2016,
Factorial,11016997,https://www.linkedin.com/company/factorialhr,factorial,resolved,60000,80000,10,,Barcelona,2023-10,levels.fyi,https://www.levels.fyi/companies/factorial/salaries/software-engineer/locations/spain,2026-10-06,,https://factorialhr.es,,Barcelona,ES,"1,001-10,000",information-technology-services|technology|human-resources|billing-management,2016,
Factorial,11016997,https://www.linkedin.com/company/factorialhr,factorial,resolved,60000,60000,5,L2,Barcelona,2024-01,levels.fyi,https://www.levels.fyi/companies/factorial/salaries/software-engineer/locations/spain,2026-10-06,,https://factorialhr.es,,Barcelona,ES,"1,001-10,000",information-technology-services|technology|human-resources|billing-management,2016,
Factorial,11016997,https://www.linkedin.com/company/factorialhr,factorial,resolved,55000,55000,20,Senior I,Barcelona,2022-04,levels.fyi,https://www.levels.fyi/companies/factorial/salaries/software-engineer/locations/spain,2026-10-06,,https://factorialhr.es,,Barcelona,ES,"1,001-10,000",information-technology-services|technology|human-resources|billing-management,2016,
Factorial,11016997,https://www.linkedin.com/company/factorialhr,factorial,resolved,50000,50000,6,L2,Barcelona,2026-01,levels.fyi,https://www.levels.fyi/companies/factorial/salaries/software-engineer/locations/spain,2026-10-06,,https://factorialhr.es,,Barcelona,ES,"1,001-10,000",information-technology-services|technology|human-resources|billing-management,2016,
Factorial,11016997,https://www.linkedin.com/company/factorialhr,factorial,resolved,40000,43600,5,L3,Barcelona,2026-08,levels.fyi,https://www.levels.fyi/companies/factorial/salaries/software-engineer/locations/spain,2026-10-06,,https://factorialhr.es,,Barcelona,ES,"1,001-10,000",information-technology-services|technology|human-resources|billing-management,2016,
Feedzai,869560,https://www.linkedin.com/company/feedzai,feedzai,resolved,60000,60000,6,Senior Software Engineer,Madrid,2025-07,levels.fyi,https://www.levels.fyi/companies/feedzai/salaries/software-engineer/locations/spain,2026-10-06,,https://www.feedzai.com,,Lisboa,PT,"201-1,000",information-technology-services|technology|saas|b2b,2009,
Fever,2346695,https://www.linkedin.com/company/fever-up,fever,resolved,90000,119999,20,Staff,Madrid,2026-03,levels.fyi,https://www.levels.fyi/companies/fever/salaries/software-engineer/locations/spain,2026-10-06,,,,,,,,,
Fever,2346695,https://www.linkedin.com/company/fever-up,fever,resolved,90000,99000,15,L4,Barcelona,2025-12,levels.fyi,https://www.levels.fyi/companies/fever/salaries/software-engineer/locations/spain,2026-10-06,,,,,,,,,
Fever,2346695,https://www.linkedin.com/company/fever-up,fever,resolved,75000,101250,8,,Barcelona,2024-04,levels.fyi,https://www.levels.fyi/companies/fever/salaries/software-engineer/locations/spain,2026-10-06,,,,,,,,,
Fever,2346695,https://www.linkedin.com/company/fever-up,fever,resolved,74000,141000,14,L3,Barcelona,2025-10,levels.fyi,https://www.levels.fyi/companies/fever/salaries/software-engineer/locations/spain,2026-10-06,,,,,,,,,
Fever,2346695,https://www.linkedin.com/company/fever-up,fever,resolved,70000,85000,7,Senior,Madrid,2025-08,levels.fyi,https://www.levels.fyi/companies/fever/salaries/software-engineer/locations/spain,2026-10-06,,,,,,,,,
Fever,2346695,https://www.linkedin.com/company/fever-up,fever,resolved,70000,70000,5-10,,Madrid,2025-04,levels.fyi,https://www.levels.fyi/companies/fever/salaries/software-engineer/locations/spain,2026-10-06,,,,,,,,,
Fever,2346695,https://www.linkedin.com/company/fever-up,fever,resolved,68000,75000,13,Senior,Madrid,2026-04,levels.fyi,https://www.levels.fyi/companies/fever/salaries/software-engineer/locations/spain,2026-10-06,,,,,,,,,
Fever,2346695,https://www.linkedin.com/company/fever-up,fever,resolved,68000,68000,5,L3,Madrid,2025-09,levels.fyi,https://www.levels.fyi/companies/fever/salaries/software-engineer/locations/spain,2026-10-06,,,,,,,,,
Fever,2346695,https://www.linkedin.com/company/fever-up,fever,resolved,64000,69000,7,Senior Software Engineer,Barcelona,2025-08,levels.fyi,https://www.levels.fyi/companies/fever/salaries/software-engineer/locations/spain,2026-10-06,,,,,,,,,
Fever,2346695,https://www.linkedin.com/company/fever-up,fever,resolved,60000,73800,7,Senior,Madrid,2026-01,levels.fyi,https://www.levels.fyi/companies/fever/salaries/software-engineer/locations/spain,2026-10-06,,,,,,,,,
Fever,2346695,https://www.linkedin.com/company/fever-up,fever,resolved,60000,60000,9,Senior,Madrid,2026-05,levels.fyi,https://www.levels.fyi/companies/fever/salaries/software-engineer/locations/spain,2026-10-06,,,,,,,,,
Fever,2346695,https://www.linkedin.com/company/fever-up,fever,resolved,59000,65000,7,L5,Barcelona,2026-07,levels.fyi,https://www.levels.fyi/companies/fever/salaries/software-engineer/locations/spain,2026-10-06,,,,,,,,,
Fever,2346695,https://www.linkedin.com/company/fever-up,fever,resolved,52000,81000,8,Mid,Barcelona,2024-11,levels.fyi,https://www.levels.fyi/companies/fever/salaries/software-engineer/locations/spain,2026-10-06,,,,,,,,,
Fever,2346695,https://www.linkedin.com/company/fever-up,fever,resolved,50000,56250,5,Mid,Barcelona,2026-01,levels.fyi,https://www.levels.fyi/companies/fever/salaries/software-engineer/locations/spain,2026-10-06,,,,,,,,,
Fever,2346695,https://www.linkedin.com/company/fever-up,fever,resolved,48000,48000,6,L3,Madrid,2025-09,levels.fyi,https://www.levels.fyi/companies/fever/salaries/software-engineer/locations/spain,2026-10-06,,,,,,,,,
Fever,2346695,https://www.linkedin.com/company/fever-up,fever,resolved,48000,48000,5,L3,Zaragoza,2025-11,levels.fyi,https://www.levels.fyi/companies/fever/salaries/software-engineer/locations/spain,2026-10-06,,,,,,,,,
Fever,2346695,https://www.linkedin.com/company/fever-up,fever,resolved,45000,59498,6,Mid,Madrid,2024-10,levels.fyi,https://www.levels.fyi/companies/fever/salaries/software-engineer/locations/spain,2026-10-06,,,,,,,,,
Flywire,434598,https://www.linkedin.com/company/flywire,flywire,resolved,75000,95000,13,Senior 2,Valencia,2025-10,levels.fyi,https://www.levels.fyi/companies/flywire/salaries/software-engineer/locations/spain,2026-10-06,,,,,,,,,
Flywire,434598,https://www.linkedin.com/company/flywire,flywire,resolved,73000,86000,28,Senior Software Engineer,Valencia,2025-03,levels.fyi,https://www.levels.fyi/companies/flywire/salaries/software-engineer/locations/spain,2026-10-06,,,,,,,,,
Flywire,434598,https://www.linkedin.com/company/flywire,flywire,resolved,62000,80000,5-10,,Valencia,2025-11,levels.fyi,https://www.levels.fyi/companies/flywire/salaries/software-engineer/locations/spain,2026-10-06,,,,,,,,,
Flywire,434598,https://www.linkedin.com/company/flywire,flywire,resolved,60000,73000,5,Senior Software Engineer,Barcelona,2025-02,levels.fyi,https://www.levels.fyi/companies/flywire/salaries/software-engineer/locations/spain,2026-10-06,,,,,,,,,
Flywire,434598,https://www.linkedin.com/company/flywire,flywire,resolved,45000,60000,7,,Valencia,2023-09,levels.fyi,https://www.levels.fyi/companies/flywire/salaries/software-engineer/locations/spain,2026-10-06,,,,,,,,,
Flywire,434598,https://www.linkedin.com/company/flywire,flywire,resolved,40000,49800,7,L2,Valencia,2022-08,levels.fyi,https://www.levels.fyi/companies/flywire/salaries/software-engineer/locations/spain,2026-10-06,,,,,,,,,
Freenow,14815756,https://www.linkedin.com/company/freenow,free-now,resolved,83000,83000,17,Senior,Barcelona,2025-01,levels.fyi,https://www.levels.fyi/companies/free-now/salaries/software-engineer/locations/spain,2026-10-06,,https://free-now.com,,Hamburg,DE,"201-1,000",information-technology-services,2009,
Freenow,14815756,https://www.linkedin.com/company/freenow,free-now,resolved,75000,75000,10,Senior,Barcelona,2023-09,levels.fyi,https://www.levels.fyi/companies/free-now/salaries/software-engineer/locations/spain,2026-10-06,,https://free-now.com,,Hamburg,DE,"201-1,000",information-technology-services,2009,
Freenow,14815756,https://www.linkedin.com/company/freenow,free-now,resolved,75000,75000,9,Senior,Barcelona,2024-10,levels.fyi,https://www.levels.fyi/companies/free-now/salaries/software-engineer/locations/spain,2026-10-06,,https://free-now.com,,Hamburg,DE,"201-1,000",information-technology-services,2009,
Freenow,14815756,https://www.linkedin.com/company/freenow,free-now,resolved,75000,75000,7,Senior,Barcelona,2022-06,levels.fyi,https://www.levels.fyi/companies/free-now/salaries/software-engineer/locations/spain,2026-10-06,,https://free-now.com,,Hamburg,DE,"201-1,000",information-technology-services,2009,
Freenow,14815756,https://www.linkedin.com/company/freenow,free-now,resolved,70000,70000,7,Senior,Barcelona,2025-08,levels.fyi,https://www.levels.fyi/companies/free-now/salaries/software-engineer/locations/spain,2026-10-06,,https://free-now.com,,Hamburg,DE,"201-1,000",information-technology-services,2009,
Freenow,14815756,https://www.linkedin.com/company/freenow,free-now,resolved,65000,65000,7,Senior,Barcelona,2024-04,levels.fyi,https://www.levels.fyi/companies/free-now/salaries/software-engineer/locations/spain,2026-10-06,,https://free-now.com,,Hamburg,DE,"201-1,000",information-technology-services,2009,
Freenow,14815756,https://www.linkedin.com/company/freenow,free-now,resolved,64000,64000,9,Senior,Madrid,2025-06,levels.fyi,https://www.levels.fyi/companies/free-now/salaries/software-engineer/locations/spain,2026-10-06,,https://free-now.com,,Hamburg,DE,"201-1,000",information-technology-services,2009,
Freenow,14815756,https://www.linkedin.com/company/freenow,free-now,resolved,64000,64000,8,Senior,Barcelona,2025-06,levels.fyi,https://www.levels.fyi/companies/free-now/salaries/software-engineer/locations/spain,2026-10-06,,https://free-now.com,,Hamburg,DE,"201-1,000",information-technology-services,2009,
Freenow,14815756,https://www.linkedin.com/company/freenow,free-now,resolved,62200,62200,9,Senior,Madrid,2025-02,levels.fyi,https://www.levels.fyi/companies/free-now/salaries/software-engineer/locations/spain,2026-10-06,,https://free-now.com,,Hamburg,DE,"201-1,000",information-technology-services,2009,
Freenow,14815756,https://www.linkedin.com/company/freenow,free-now,resolved,62000,62000,7,Senior,Barcelona,2025-03,levels.fyi,https://www.levels.fyi/companies/free-now/salaries/software-engineer/locations/spain,2026-10-06,,https://free-now.com,,Hamburg,DE,"201-1,000",information-technology-services,2009,
Freenow,14815756,https://www.linkedin.com/company/freenow,free-now,resolved,60000,60000,5,Senior,Barcelona,2023-03,levels.fyi,https://www.levels.fyi/companies/free-now/salaries/software-engineer/locations/spain,2026-10-06,,https://free-now.com,,Hamburg,DE,"201-1,000",information-technology-services,2009,
Freenow,14815756,https://www.linkedin.com/company/freenow,free-now,resolved,59600,59600,7,Senior,Barcelona,2021-02,levels.fyi,https://www.levels.fyi/companies/free-now/salaries/software-engineer/locations/spain,2026-10-06,,https://free-now.com,,Hamburg,DE,"201-1,000",information-technology-services,2009,
Freenow,14815756,https://www.linkedin.com/company/freenow,free-now,resolved,57000,57000,13,L3,Barcelona,2024-09,levels.fyi,https://www.levels.fyi/companies/free-now/salaries/software-engineer/locations/spain,2026-10-06,,https://free-now.com,,Hamburg,DE,"201-1,000",information-technology-services,2009,
Freenow,14815756,https://www.linkedin.com/company/freenow,free-now,resolved,56128,56128,6,Senior,Barcelona,2024-02,levels.fyi,https://www.levels.fyi/companies/free-now/salaries/software-engineer/locations/spain,2026-10-06,,https://free-now.com,,Hamburg,DE,"201-1,000",information-technology-services,2009,
Freenow,14815756,https://www.linkedin.com/company/freenow,free-now,resolved,56000,56000,8,Intermediate,Barcelona,2024-03,levels.fyi,https://www.levels.fyi/companies/free-now/salaries/software-engineer/locations/spain,2026-10-06,,https://free-now.com,,Hamburg,DE,"201-1,000",information-technology-services,2009,
Freenow,14815756,https://www.linkedin.com/company/freenow,free-now,resolved,56000,56000,8,L2,Barcelona,2022-11,levels.fyi,https://www.levels.fyi/companies/free-now/salaries/software-engineer/locations/spain,2026-10-06,,https://free-now.com,,Hamburg,DE,"201-1,000",information-technology-services,2009,
Freenow,14815756,https://www.linkedin.com/company/freenow,free-now,resolved,56000,56000,6,Intermediate,Barcelona,2023-07,levels.fyi,https://www.levels.fyi/companies/free-now/salaries/software-engineer/locations/spain,2026-10-06,,https://free-now.com,,Hamburg,DE,"201-1,000",information-technology-services,2009,
Freenow,14815756,https://www.linkedin.com/company/freenow,free-now,resolved,54000,54000,7,L2,Barcelona,2018-11,levels.fyi,https://www.levels.fyi/companies/free-now/salaries/software-engineer/locations/spain,2026-10-06,,https://free-now.com,,Hamburg,DE,"201-1,000",information-technology-services,2009,
Freenow,14815756,https://www.linkedin.com/company/freenow,free-now,resolved,52200,52200,12,Senior,Barcelona,2020-05,levels.fyi,https://www.levels.fyi/companies/free-now/salaries/software-engineer/locations/spain,2026-10-06,,https://free-now.com,,Hamburg,DE,"201-1,000",information-technology-services,2009,
Freenow,14815756,https://www.linkedin.com/company/freenow,free-now,resolved,51000,51000,6,Mid,Barcelona,2025-03,levels.fyi,https://www.levels.fyi/companies/free-now/salaries/software-engineer/locations/spain,2026-10-06,,https://free-now.com,,Hamburg,DE,"201-1,000",information-technology-services,2009,
Freenow,14815756,https://www.linkedin.com/company/freenow,free-now,resolved,51000,51000,5,Mid,Barcelona,2024-07,levels.fyi,https://www.levels.fyi/companies/free-now/salaries/software-engineer/locations/spain,2026-10-06,,https://free-now.com,,Hamburg,DE,"201-1,000",information-technology-services,2009,
Freenow,14815756,https://www.linkedin.com/company/freenow,free-now,resolved,51000,51000,5,Mid,Barcelona,2024-05,levels.fyi,https://www.levels.fyi/companies/free-now/salaries/software-engineer/locations/spain,2026-10-06,,https://free-now.com,,Hamburg,DE,"201-1,000",information-technology-services,2009,
Fujitsu,,https://www.linkedin.com/company/fujitsu,fujitsu,resolved,56000,56000,6,Senior Software Engineer,Madrid,2024-12,levels.fyi,https://www.levels.fyi/companies/fujitsu/salaries/software-engineer/locations/spain,2026-10-06,,,,,,,,,
Fujitsu,,https://www.linkedin.com/company/fujitsu,fujitsu,resolved,51000,57000,5,Senior Software Engineer,Sevilla,2026-09,levels.fyi,https://www.levels.fyi/companies/fujitsu/salaries/software-engineer/locations/spain,2026-10-06,,,,,,,,,
Full On Net,,https://www.linkedin.com/company/swordiberia,full-on-net,resolved,52000,52000,5-10,,Madrid,2026-08,levels.fyi,https://www.levels.fyi/companies/full-on-net/salaries/software-engineer/locations/spain,2026-10-06,,,,,,,,,
Gartner,2078,https://www.linkedin.com/company/gartner,gartner,resolved,106000,126000,20,Principal Software Engineer,Barcelona,2024-12,levels.fyi,https://www.levels.fyi/companies/gartner/salaries/software-engineer/locations/spain,2026-10-06,,,,,,,,,
Gartner,2078,https://www.linkedin.com/company/gartner,gartner,resolved,90000,90000,15,Senior Software Engineer,Barcelona,2026-05,levels.fyi,https://www.levels.fyi/companies/gartner/salaries/software-engineer/locations/spain,2026-10-06,,,,,,,,,
Gartner,2078,https://www.linkedin.com/company/gartner,gartner,resolved,89000,98001,15,Senior Software Engineer,Barcelona,2025-02,levels.fyi,https://www.levels.fyi/companies/gartner/salaries/software-engineer/locations/spain,2026-10-06,,,,,,,,,
Gartner,2078,https://www.linkedin.com/company/gartner,gartner,resolved,87000,96000,7,L3,Barcelona,2025-10,levels.fyi,https://www.levels.fyi/companies/gartner/salaries/software-engineer/locations/spain,2026-10-06,,,,,,,,,
Gartner,2078,https://www.linkedin.com/company/gartner,gartner,resolved,77000,87000,9,L2,Barcelona,2022-10,levels.fyi,https://www.levels.fyi/companies/gartner/salaries/software-engineer/locations/spain,2026-10-06,,,,,,,,,
Gartner,2078,https://www.linkedin.com/company/gartner,gartner,resolved,74000,85000,6,Lead Software Engineer,Barcelona,2025-03,levels.fyi,https://www.levels.fyi/companies/gartner/salaries/software-engineer/locations/spain,2026-10-06,,,,,,,,,
Gartner,2078,https://www.linkedin.com/company/gartner,gartner,resolved,71000,78000,15,Senior Software Engineer,Barcelona,2026-01,levels.fyi,https://www.levels.fyi/companies/gartner/salaries/software-engineer/locations/spain,2026-10-06,,,,,,,,,
Gartner,2078,https://www.linkedin.com/company/gartner,gartner,resolved,65000,73000,12,Senior Software Engineer,Barcelona,2024-04,levels.fyi,https://www.levels.fyi/companies/gartner/salaries/software-engineer/locations/spain,2026-10-06,,,,,,,,,
Gartner,2078,https://www.linkedin.com/company/gartner,gartner,resolved,60000,66000,5,Associate Software Engineer,Barcelona,2023-07,levels.fyi,https://www.levels.fyi/companies/gartner/salaries/software-engineer/locations/spain,2026-10-06,,,,,,,,,
GitHub,1418841,https://www.linkedin.com/company/github,github,resolved,99000,210000,18,E5,Madrid,2023-08,levels.fyi,https://www.levels.fyi/companies/github/salaries/software-engineer/locations/spain,2026-10-06,,,,,,,,,
GitHub,1418841,https://www.linkedin.com/company/github,github,resolved,98000,191000,10,E5,Barcelona,2025-12,levels.fyi,https://www.levels.fyi/companies/github/salaries/software-engineer/locations/spain,2026-10-06,,,,,,,,,
GitHub,1418841,https://www.linkedin.com/company/github,github,resolved,95000,188000,15,E5,Barcelona,2023-07,levels.fyi,https://www.levels.fyi/companies/github/salaries/software-engineer/locations/spain,2026-10-06,,,,,,,,,
GitHub,1418841,https://www.linkedin.com/company/github,github,resolved,94100,192145,17,E5,Madrid,2022-07,levels.fyi,https://www.levels.fyi/companies/github/salaries/software-engineer/locations/spain,2026-10-06,,,,,,,,,
GitHub,1418841,https://www.linkedin.com/company/github,github,resolved,71000,103000,10,E4,Barcelona,2023-10,levels.fyi,https://www.levels.fyi/companies/github/salaries/software-engineer/locations/spain,2026-10-06,,,,,,,,,
Glovo,9262901,https://www.linkedin.com/company/glovo-app,glovo,resolved,165000,210000,16,L5,Barcelona,2022-12,levels.fyi,https://www.levels.fyi/companies/glovo/salaries/software-engineer/locations/spain,2026-10-06,,https://glovoapp.com,,Milano,IT,"1,001-10,000",technology|internet|services|b2c,2015,"On-demand delivery service. Equity: RSU vesting 25,25,25,25."
Glovo,9262901,https://www.linkedin.com/company/glovo-app,glovo,resolved,154719,174058,11,L5,Barcelona,2023-12,levels.fyi,https://www.levels.fyi/companies/glovo/salaries/software-engineer/locations/spain,2026-10-06,,https://glovoapp.com,,Milano,IT,"1,001-10,000",technology|internet|services|b2c,2015,"On-demand delivery service. Equity: RSU vesting 25,25,25,25."
Glovo,9262901,https://www.linkedin.com/company/glovo-app,glovo,resolved,103000,128000,12,L5,Barcelona,2023-05,levels.fyi,https://www.levels.fyi/companies/glovo/salaries/software-engineer/locations/spain,2026-10-06,,https://glovoapp.com,,Milano,IT,"1,001-10,000",technology|internet|services|b2c,2015,"On-demand delivery service. Equity: RSU vesting 25,25,25,25."
Glovo,9262901,https://www.linkedin.com/company/glovo-app,glovo,resolved,100000,130000,13,L4,Barcelona,2026-04,levels.fyi,https://www.levels.fyi/companies/glovo/salaries/software-engineer/locations/spain,2026-10-06,,https://glovoapp.com,,Milano,IT,"1,001-10,000",technology|internet|services|b2c,2015,"On-demand delivery service. Equity: RSU vesting 25,25,25,25."
Glovo,9262901,https://www.linkedin.com/company/glovo-app,glovo,resolved,100000,130000,12,L4,Barcelona,2025-06,levels.fyi,https://www.levels.fyi/companies/glovo/salaries/software-engineer/locations/spain,2026-10-06,,https://glovoapp.com,,Milano,IT,"1,001-10,000",technology|internet|services|b2c,2015,"On-demand delivery service. Equity: RSU vesting 25,25,25,25."
Glovo,9262901,https://www.linkedin.com/company/glovo-app,glovo,resolved,100000,120000,10,L3,Barcelona,2025-10,levels.fyi,https://www.levels.fyi/companies/glovo/salaries/software-engineer/locations/spain,2026-10-06,,https://glovoapp.com,,Milano,IT,"1,001-10,000",technology|internet|services|b2c,2015,"On-demand delivery service. Equity: RSU vesting 25,25,25,25."
Glovo,9262901,https://www.linkedin.com/company/glovo-app,glovo,resolved,100000,100000,15,L4,Barcelona,2023-04,levels.fyi,https://www.levels.fyi/companies/glovo/salaries/software-engineer/locations/spain,2026-10-06,,https://glovoapp.com,,Milano,IT,"1,001-10,000",technology|internet|services|b2c,2015,"On-demand delivery service. Equity: RSU vesting 25,25,25,25."
Glovo,9262901,https://www.linkedin.com/company/glovo-app,glovo,resolved,98000,125000,15,L4,Barcelona,2025-11,levels.fyi,https://www.levels.fyi/companies/glovo/salaries/software-engineer/locations/spain,2026-10-06,,https://glovoapp.com,,Milano,IT,"1,001-10,000",technology|internet|services|b2c,2015,"On-demand delivery service. Equity: RSU vesting 25,25,25,25."
Glovo,9262901,https://www.linkedin.com/company/glovo-app,glovo,resolved,96000,126000,15,L4,Barcelona,2025-11,levels.fyi,https://www.levels.fyi/companies/glovo/salaries/software-engineer/locations/spain,2026-10-06,,https://glovoapp.com,,Milano,IT,"1,001-10,000",technology|internet|services|b2c,2015,"On-demand delivery service. Equity: RSU vesting 25,25,25,25."
Glovo,9262901,https://www.linkedin.com/company/glovo-app,glovo,resolved,96000,124000,8,L4,Barcelona,2024-08,levels.fyi,https://www.levels.fyi/companies/glovo/salaries/software-engineer/locations/spain,2026-10-06,,https://glovoapp.com,,Milano,IT,"1,001-10,000",technology|internet|services|b2c,2015,"On-demand delivery service. Equity: RSU vesting 25,25,25,25."
Glovo,9262901,https://www.linkedin.com/company/glovo-app,glovo,resolved,96000,124000,8,L4,Barcelona,2024-08,levels.fyi,https://www.levels.fyi/companies/glovo/salaries/software-engineer/locations/spain,2026-10-06,,https://glovoapp.com,,Milano,IT,"1,001-10,000",technology|internet|services|b2c,2015,"On-demand delivery service. Equity: RSU vesting 25,25,25,25."
Glovo,9262901,https://www.linkedin.com/company/glovo-app,glovo,resolved,95000,123000,8,L4,Barcelona,2024-10,levels.fyi,https://www.levels.fyi/companies/glovo/salaries/software-engineer/locations/spain,2026-10-06,,https://glovoapp.com,,Milano,IT,"1,001-10,000",technology|internet|services|b2c,2015,"On-demand delivery service. Equity: RSU vesting 25,25,25,25."
Glovo,9262901,https://www.linkedin.com/company/glovo-app,glovo,resolved,95000,110000,15,L4,Barcelona,2023-12,levels.fyi,https://www.levels.fyi/companies/glovo/salaries/software-engineer/locations/spain,2026-10-06,,https://glovoapp.com,,Milano,IT,"1,001-10,000",technology|internet|services|b2c,2015,"On-demand delivery service. Equity: RSU vesting 25,25,25,25."
Glovo,9262901,https://www.linkedin.com/company/glovo-app,glovo,resolved,94000,117000,14,L4,Barcelona,2023-09,levels.fyi,https://www.levels.fyi/companies/glovo/salaries/software-engineer/locations/spain,2026-10-06,,https://glovoapp.com,,Milano,IT,"1,001-10,000",technology|internet|services|b2c,2015,"On-demand delivery service. Equity: RSU vesting 25,25,25,25."
Glovo,9262901,https://www.linkedin.com/company/glovo-app,glovo,resolved,94000,114000,15,L4,Barcelona,2024-04,levels.fyi,https://www.levels.fyi/companies/glovo/salaries/software-engineer/locations/spain,2026-10-06,,https://glovoapp.com,,Milano,IT,"1,001-10,000",technology|internet|services|b2c,2015,"On-demand delivery service. Equity: RSU vesting 25,25,25,25."
Glovo,9262901,https://www.linkedin.com/company/glovo-app,glovo,resolved,93000,120000,20,L4,Barcelona,2025-10,levels.fyi,https://www.levels.fyi/companies/glovo/salaries/software-engineer/locations/spain,2026-10-06,,https://glovoapp.com,,Milano,IT,"1,001-10,000",technology|internet|services|b2c,2015,"On-demand delivery service. Equity: RSU vesting 25,25,25,25."
Glovo,9262901,https://www.linkedin.com/company/glovo-app,glovo,resolved,91000,120000,13,Staff Software Engineer,Barcelona,2025-11,levels.fyi,https://www.levels.fyi/companies/glovo/salaries/software-engineer/locations/spain,2026-10-06,,https://glovoapp.com,,Milano,IT,"1,001-10,000",technology|internet|services|b2c,2015,"On-demand delivery service. Equity: RSU vesting 25,25,25,25."
Glovo,9262901,https://www.linkedin.com/company/glovo-app,glovo,resolved,90000,120000,10,L4,Madrid,2024-10,levels.fyi,https://www.levels.fyi/companies/glovo/salaries/software-engineer/locations/spain,2026-10-06,,https://glovoapp.com,,Milano,IT,"1,001-10,000",technology|internet|services|b2c,2015,"On-demand delivery service. Equity: RSU vesting 25,25,25,25."
Glovo,9262901,https://www.linkedin.com/company/glovo-app,glovo,resolved,90000,118000,7,L4,Madrid,2024-05,levels.fyi,https://www.levels.fyi/companies/glovo/salaries/software-engineer/locations/spain,2026-10-06,,https://glovoapp.com,,Milano,IT,"1,001-10,000",technology|internet|services|b2c,2015,"On-demand delivery service. Equity: RSU vesting 25,25,25,25."
Glovo,9262901,https://www.linkedin.com/company/glovo-app,glovo,resolved,90000,110000,12,L4,Barcelona,2024-04,levels.fyi,https://www.levels.fyi/companies/glovo/salaries/software-engineer/locations/spain,2026-10-06,,https://glovoapp.com,,Milano,IT,"1,001-10,000",technology|internet|services|b2c,2015,"On-demand delivery service. Equity: RSU vesting 25,25,25,25."
Glovo,9262901,https://www.linkedin.com/company/glovo-app,glovo,resolved,90000,96000,15,L3,Barcelona,2026-06,levels.fyi,https://www.levels.fyi/companies/glovo/salaries/software-engineer/locations/spain,2026-10-06,,https://glovoapp.com,,Milano,IT,"1,001-10,000",technology|internet|services|b2c,2015,"On-demand delivery service. Equity: RSU vesting 25,25,25,25."
Glovo,9262901,https://www.linkedin.com/company/glovo-app,glovo,resolved,89000,115000,7,L4,Barcelona,2025-02,levels.fyi,https://www.levels.fyi/companies/glovo/salaries/software-engineer/locations/spain,2026-10-06,,https://glovoapp.com,,Milano,IT,"1,001-10,000",technology|internet|services|b2c,2015,"On-demand delivery service. Equity: RSU vesting 25,25,25,25."
Glovo,9262901,https://www.linkedin.com/company/glovo-app,glovo,resolved,89000,109000,9,L3,Barcelona,2025-10,levels.fyi,https://www.levels.fyi/companies/glovo/salaries/software-engineer/locations/spain,2026-10-06,,https://glovoapp.com,,Milano,IT,"1,001-10,000",technology|internet|services|b2c,2015,"On-demand delivery service. Equity: RSU vesting 25,25,25,25."
Glovo,9262901,https://www.linkedin.com/company/glovo-app,glovo,resolved,88000,105000,12,L4,Barcelona,2024-04,levels.fyi,https://www.levels.fyi/companies/glovo/salaries/software-engineer/locations/spain,2026-10-06,,https://glovoapp.com,,Milano,IT,"1,001-10,000",technology|internet|services|b2c,2015,"On-demand delivery service. Equity: RSU vesting 25,25,25,25."
Glovo,9262901,https://www.linkedin.com/company/glovo-app,glovo,resolved,88000,103000,11,L4,Barcelona,2024-09,levels.fyi,https://www.levels.fyi/companies/glovo/salaries/software-engineer/locations/spain,2026-10-06,,https://glovoapp.com,,Milano,IT,"1,001-10,000",technology|internet|services|b2c,2015,"On-demand delivery service. Equity: RSU vesting 25,25,25,25."
Glovo,9262901,https://www.linkedin.com/company/glovo-app,glovo,resolved,87000,107000,13,L4,Barcelona,2022-03,levels.fyi,https://www.levels.fyi/companies/glovo/salaries/software-engineer/locations/spain,2026-10-06,,https://glovoapp.com,,Milano,IT,"1,001-10,000",technology|internet|services|b2c,2015,"On-demand delivery service. Equity: RSU vesting 25,25,25,25."
Glovo,9262901,https://www.linkedin.com/company/glovo-app,glovo,resolved,86801,97929,10,L3,Barcelona,2023-12,levels.fyi,https://www.levels.fyi/companies/glovo/salaries/software-engineer/locations/spain,2026-10-06,,https://glovoapp.com,,Milano,IT,"1,001-10,000",technology|internet|services|b2c,2015,"On-demand delivery service. Equity: RSU vesting 25,25,25,25."
Glovo,9262901,https://www.linkedin.com/company/glovo-app,glovo,resolved,86000,99000,9,L3,Barcelona,2026-04,levels.fyi,https://www.levels.fyi/companies/glovo/salaries/software-engineer/locations/spain,2026-10-06,,https://glovoapp.com,,Milano,IT,"1,001-10,000",technology|internet|services|b2c,2015,"On-demand delivery service. Equity: RSU vesting 25,25,25,25."
Glovo,9262901,https://www.linkedin.com/company/glovo-app,glovo,resolved,85000,107000,9,L4,Barcelona,2024-05,levels.fyi,https://www.levels.fyi/companies/glovo/salaries/software-engineer/locations/spain,2026-10-06,,https://glovoapp.com,,Milano,IT,"1,001-10,000",technology|internet|services|b2c,2015,"On-demand delivery service. Equity: RSU vesting 25,25,25,25."
Glovo,9262901,https://www.linkedin.com/company/glovo-app,glovo,resolved,85000,106000,11,L4,Madrid,2024-05,levels.fyi,https://www.levels.fyi/companies/glovo/salaries/software-engineer/locations/spain,2026-10-06,,https://glovoapp.com,,Milano,IT,"1,001-10,000",technology|internet|services|b2c,2015,"On-demand delivery service. Equity: RSU vesting 25,25,25,25."
Glovo,9262901,https://www.linkedin.com/company/glovo-app,glovo,resolved,85000,102000,10,L4,Madrid,2023-11,levels.fyi,https://www.levels.fyi/companies/glovo/salaries/software-engineer/locations/spain,2026-10-06,,https://glovoapp.com,,Milano,IT,"1,001-10,000",technology|internet|services|b2c,2015,"On-demand delivery service. Equity: RSU vesting 25,25,25,25."
Glovo,9262901,https://www.linkedin.com/company/glovo-app,glovo,resolved,84000,94000,7,L3,Barcelona,2024-10,levels.fyi,https://www.levels.fyi/companies/glovo/salaries/software-engineer/locations/spain,2026-10-06,,https://glovoapp.com,,Milano,IT,"1,001-10,000",technology|internet|services|b2c,2015,"On-demand delivery service. Equity: RSU vesting 25,25,25,25."
Glovo,9262901,https://www.linkedin.com/company/glovo-app,glovo,resolved,84000,91000,10,L3,Barcelona,2025-02,levels.fyi,https://www.levels.fyi/companies/glovo/salaries/software-engineer/locations/spain,2026-10-06,,https://glovoapp.com,,Milano,IT,"1,001-10,000",technology|internet|services|b2c,2015,"On-demand delivery service. Equity: RSU vesting 25,25,25,25."
Glovo,9262901,https://www.linkedin.com/company/glovo-app,glovo,resolved,84000,84000,10,L3,Barcelona,2025-02,levels.fyi,https://www.levels.fyi/companies/glovo/salaries/software-engineer/locations/spain,2026-10-06,,https://glovoapp.com,,Milano,IT,"1,001-10,000",technology|internet|services|b2c,2015,"On-demand delivery service. Equity: RSU vesting 25,25,25,25."
Glovo,9262901,https://www.linkedin.com/company/glovo-app,glovo,resolved,83000,103000,9,L3,Barcelona,2024-11,levels.fyi,https://www.levels.fyi/companies/glovo/salaries/software-engineer/locations/spain,2026-10-06,,https://glovoapp.com,,Milano,IT,"1,001-10,000",technology|internet|services|b2c,2015,"On-demand delivery service. Equity: RSU vesting 25,25,25,25."
Glovo,9262901,https://www.linkedin.com/company/glovo-app,glovo,resolved,83000,103000,8,L3,Barcelona,2024-10,levels.fyi,https://www.levels.fyi/companies/glovo/salaries/software-engineer/locations/spain,2026-10-06,,https://glovoapp.com,,Milano,IT,"1,001-10,000",technology|internet|services|b2c,2015,"On-demand delivery service. Equity: RSU vesting 25,25,25,25."
Glovo,9262901,https://www.linkedin.com/company/glovo-app,glovo,resolved,83000,95000,15,L3,Barcelona,2026-07,levels.fyi,https://www.levels.fyi/companies/glovo/salaries/software-engineer/locations/spain,2026-10-06,,https://glovoapp.com,,Milano,IT,"1,001-10,000",technology|internet|services|b2c,2015,"On-demand delivery service. Equity: RSU vesting 25,25,25,25."
Glovo,9262901,https://www.linkedin.com/company/glovo-app,glovo,resolved,83000,95000,15,L3,Barcelona,2026-04,levels.fyi,https://www.levels.fyi/companies/glovo/salaries/software-engineer/locations/spain,2026-10-06,,https://glovoapp.com,,Milano,IT,"1,001-10,000",technology|internet|services|b2c,2015,"On-demand delivery service. Equity: RSU vesting 25,25,25,25."
Glovo,9262901,https://www.linkedin.com/company/glovo-app,glovo,resolved,83000,95000,13,L3,Barcelona,2025-05,levels.fyi,https://www.levels.fyi/companies/glovo/salaries/software-engineer/locations/spain,2026-10-06,,https://glovoapp.com,,Milano,IT,"1,001-10,000",technology|internet|services|b2c,2015,"On-demand delivery service. Equity: RSU vesting 25,25,25,25."
Glovo,9262901,https://www.linkedin.com/company/glovo-app,glovo,resolved,83000,93000,8,L3,Barcelona,2024-08,levels.fyi,https://www.levels.fyi/companies/glovo/salaries/software-engineer/locations/spain,2026-10-06,,https://glovoapp.com,,Milano,IT,"1,001-10,000",technology|internet|services|b2c,2015,"On-demand delivery service. Equity: RSU vesting 25,25,25,25."
Glovo,9262901,https://www.linkedin.com/company/glovo-app,glovo,resolved,82000,92000,8,L4,Barcelona,2022-07,levels.fyi,https://www.levels.fyi/companies/glovo/salaries/software-engineer/locations/spain,2026-10-06,,https://glovoapp.com,,Milano,IT,"1,001-10,000",technology|internet|services|b2c,2015,"On-demand delivery service. Equity: RSU vesting 25,25,25,25."
Glovo,9262901,https://www.linkedin.com/company/glovo-app,glovo,resolved,81000,92000,5,L3,Barcelona,2025-01,levels.fyi,https://www.levels.fyi/companies/glovo/salaries/software-engineer/locations/spain,2026-10-06,,https://glovoapp.com,,Milano,IT,"1,001-10,000",technology|internet|services|b2c,2015,"On-demand delivery service. Equity: RSU vesting 25,25,25,25."
Glovo,9262901,https://www.linkedin.com/company/glovo-app,glovo,resolved,80000,100000,7,L3,Barcelona,2026-07,levels.fyi,https://www.levels.fyi/companies/glovo/salaries/software-engineer/locations/spain,2026-10-06,,https://glovoapp.com,,Milano,IT,"1,001-10,000",technology|internet|services|b2c,2015,"On-demand delivery service. Equity: RSU vesting 25,25,25,25."
Glovo,9262901,https://www.linkedin.com/company/glovo-app,glovo,resolved,80000,100000,7,L3,Barcelona,2023-06,levels.fyi,https://www.levels.fyi/companies/glovo/salaries/software-engineer/locations/spain,2026-10-06,,https://glovoapp.com,,Milano,IT,"1,001-10,000",technology|internet|services|b2c,2015,"On-demand delivery service. Equity: RSU vesting 25,25,25,25."
Glovo,9262901,https://www.linkedin.com/company/glovo-app,glovo,resolved,80000,100000,5,L4,Barcelona,2022-11,levels.fyi,https://www.levels.fyi/companies/glovo/salaries/software-engineer/locations/spain,2026-10-06,,https://glovoapp.com,,Milano,IT,"1,001-10,000",technology|internet|services|b2c,2015,"On-demand delivery service. Equity: RSU vesting 25,25,25,25."
Glovo,9262901,https://www.linkedin.com/company/glovo-app,glovo,resolved,80000,96000,18,L3,Barcelona,2023-10,levels.fyi,https://www.levels.fyi/companies/glovo/salaries/software-engineer/locations/spain,2026-10-06,,https://glovoapp.com,,Milano,IT,"1,001-10,000",technology|internet|services|b2c,2015,"On-demand delivery service. Equity: RSU vesting 25,25,25,25."
Glovo,9262901,https://www.linkedin.com/company/glovo-app,glovo,resolved,80000,95750,6,L3,Barcelona,2022-07,levels.fyi,https://www.levels.fyi/companies/glovo/salaries/software-engineer/locations/spain,2026-10-06,,https://glovoapp.com,,Milano,IT,"1,001-10,000",technology|internet|services|b2c,2015,"On-demand delivery service. Equity: RSU vesting 25,25,25,25."
Glovo,9262901,https://www.linkedin.com/company/glovo-app,glovo,resolved,80000,92000,8,L3,Barcelona,2026-03,levels.fyi,https://www.levels.fyi/companies/glovo/salaries/software-engineer/locations/spain,2026-10-06,,https://glovoapp.com,,Milano,IT,"1,001-10,000",technology|internet|services|b2c,2015,"On-demand delivery service. Equity: RSU vesting 25,25,25,25."
Glovo,9262901,https://www.linkedin.com/company/glovo-app,glovo,resolved,80000,92000,6,L3,Barcelona,2025-06,levels.fyi,https://www.levels.fyi/companies/glovo/salaries/software-engineer/locations/spain,2026-10-06,,https://glovoapp.com,,Milano,IT,"1,001-10,000",technology|internet|services|b2c,2015,"On-demand delivery service. Equity: RSU vesting 25,25,25,25."
Glovo,9262901,https://www.linkedin.com/company/glovo-app,glovo,resolved,80000,92000,6,L3,Barcelona,2023-04,levels.fyi,https://www.levels.fyi/companies/glovo/salaries/software-engineer/locations/spain,2026-10-06,,https://glovoapp.com,,Milano,IT,"1,001-10,000",technology|internet|services|b2c,2015,"On-demand delivery service. Equity: RSU vesting 25,25,25,25."
Glovo,9262901,https://www.linkedin.com/company/glovo-app,glovo,resolved,80000,92000,5,L3,Barcelona,2022-08,levels.fyi,https://www.levels.fyi/companies/glovo/salaries/software-engineer/locations/spain,2026-10-06,,https://glovoapp.com,,Milano,IT,"1,001-10,000",technology|internet|services|b2c,2015,"On-demand delivery service. Equity: RSU vesting 25,25,25,25."
Glovo,9262901,https://www.linkedin.com/company/glovo-app,glovo,resolved,80000,90000,14,L3,Barcelona,2022-11,levels.fyi,https://www.levels.fyi/companies/glovo/salaries/software-engineer/locations/spain,2026-10-06,,https://glovoapp.com,,Milano,IT,"1,001-10,000",technology|internet|services|b2c,2015,"On-demand delivery service. Equity: RSU vesting 25,25,25,25."
Glovo,9262901,https://www.linkedin.com/company/glovo-app,glovo,resolved,80000,90000,14,L3,Barcelona,2022-11,levels.fyi,https://www.levels.fyi/companies/glovo/salaries/software-engineer/locations/spain,2026-10-06,,https://glovoapp.com,,Milano,IT,"1,001-10,000",technology|internet|services|b2c,2015,"On-demand delivery service. Equity: RSU vesting 25,25,25,25."
Glovo,9262901,https://www.linkedin.com/company/glovo-app,glovo,resolved,80000,90000,10,L3,Barcelona,2023-03,levels.fyi,https://www.levels.fyi/companies/glovo/salaries/software-engineer/locations/spain,2026-10-06,,https://glovoapp.com,,Milano,IT,"1,001-10,000",technology|internet|services|b2c,2015,"On-demand delivery service. Equity: RSU vesting 25,25,25,25."
Glovo,9262901,https://www.linkedin.com/company/glovo-app,glovo,resolved,80000,90000,8,L3,Barcelona,2024-09,levels.fyi,https://www.levels.fyi/companies/glovo/salaries/software-engineer/locations/spain,2026-10-06,,https://glovoapp.com,,Milano,IT,"1,001-10,000",technology|internet|services|b2c,2015,"On-demand delivery service. Equity: RSU vesting 25,25,25,25."
Glovo,9262901,https://www.linkedin.com/company/glovo-app,glovo,resolved,80000,90000,6,L3,Barcelona,2022-07,levels.fyi,https://www.levels.fyi/companies/glovo/salaries/software-engineer/locations/spain,2026-10-06,,https://glovoapp.com,,Milano,IT,"1,001-10,000",technology|internet|services|b2c,2015,"On-demand delivery service. Equity: RSU vesting 25,25,25,25."
Glovo,9262901,https://www.linkedin.com/company/glovo-app,glovo,resolved,80000,84000,8,L3,Barcelona,2023-03,levels.fyi,https://www.levels.fyi/companies/glovo/salaries/software-engineer/locations/spain,2026-10-06,,https://glovoapp.com,,Milano,IT,"1,001-10,000",technology|internet|services|b2c,2015,"On-demand delivery service. Equity: RSU vesting 25,25,25,25."
Glovo,9262901,https://www.linkedin.com/company/glovo-app,glovo,resolved,80000,83750,5,L3,Barcelona,2024-03,levels.fyi,https://www.levels.fyi/companies/glovo/salaries/software-engineer/locations/spain,2026-10-06,,https://glovoapp.com,,Milano,IT,"1,001-10,000",technology|internet|services|b2c,2015,"On-demand delivery service. Equity: RSU vesting 25,25,25,25."
Glovo,9262901,https://www.linkedin.com/company/glovo-app,glovo,resolved,80000,80000,8,L3,Barcelona,2025-04,levels.fyi,https://www.levels.fyi/companies/glovo/salaries/software-engineer/locations/spain,2026-10-06,,https://glovoapp.com,,Milano,IT,"1,001-10,000",technology|internet|services|b2c,2015,"On-demand delivery service. Equity: RSU vesting 25,25,25,25."
Glovo,9262901,https://www.linkedin.com/company/glovo-app,glovo,resolved,79807,120149,6,L3,Barcelona,2022-04,levels.fyi,https://www.levels.fyi/companies/glovo/salaries/software-engineer/locations/spain,2026-10-06,,https://glovoapp.com,,Milano,IT,"1,001-10,000",technology|internet|services|b2c,2015,"On-demand delivery service. Equity: RSU vesting 25,25,25,25."
Glovo,9262901,https://www.linkedin.com/company/glovo-app,glovo,resolved,79000,91000,15,L3,Barcelona,2026-09,levels.fyi,https://www.levels.fyi/companies/glovo/salaries/software-engineer/locations/spain,2026-10-06,,https://glovoapp.com,,Milano,IT,"1,001-10,000",technology|internet|services|b2c,2015,"On-demand delivery service. Equity: RSU vesting 25,25,25,25."
Glovo,9262901,https://www.linkedin.com/company/glovo-app,glovo,resolved,79000,91000,14,L3,Barcelona,2024-10,levels.fyi,https://www.levels.fyi/companies/glovo/salaries/software-engineer/locations/spain,2026-10-06,,https://glovoapp.com,,Milano,IT,"1,001-10,000",technology|internet|services|b2c,2015,"On-demand delivery service. Equity: RSU vesting 25,25,25,25."
Glovo,9262901,https://www.linkedin.com/company/glovo-app,glovo,resolved,79000,91000,8,L3,Madrid,2024-01,levels.fyi,https://www.levels.fyi/companies/glovo/salaries/software-engineer/locations/spain,2026-10-06,,https://glovoapp.com,,Milano,IT,"1,001-10,000",technology|internet|services|b2c,2015,"On-demand delivery service. Equity: RSU vesting 25,25,25,25."
Glovo,9262901,https://www.linkedin.com/company/glovo-app,glovo,resolved,79000,90000,11,L3,Barcelona,2025-04,levels.fyi,https://www.levels.fyi/companies/glovo/salaries/software-engineer/locations/spain,2026-10-06,,https://glovoapp.com,,Milano,IT,"1,001-10,000",technology|internet|services|b2c,2015,"On-demand delivery service. Equity: RSU vesting 25,25,25,25."
Glovo,9262901,https://www.linkedin.com/company/glovo-app,glovo,resolved,79000,90000,10,L3,Barcelona,2023-04,levels.fyi,https://www.levels.fyi/companies/glovo/salaries/software-engineer/locations/spain,2026-10-06,,https://glovoapp.com,,Milano,IT,"1,001-10,000",technology|internet|services|b2c,2015,"On-demand delivery service. Equity: RSU vesting 25,25,25,25."
Glovo,9262901,https://www.linkedin.com/company/glovo-app,glovo,resolved,79000,90000,10,L3,Barcelona,2022-10,levels.fyi,https://www.levels.fyi/companies/glovo/salaries/software-engineer/locations/spain,2026-10-06,,https://glovoapp.com,,Milano,IT,"1,001-10,000",technology|internet|services|b2c,2015,"On-demand delivery service. Equity: RSU vesting 25,25,25,25."
Glovo,9262901,https://www.linkedin.com/company/glovo-app,glovo,resolved,79000,90000,8,L3,Barcelona,2023-05,levels.fyi,https://www.levels.fyi/companies/glovo/salaries/software-engineer/locations/spain,2026-10-06,,https://glovoapp.com,,Milano,IT,"1,001-10,000",technology|internet|services|b2c,2015,"On-demand delivery service. Equity: RSU vesting 25,25,25,25."
Glovo,9262901,https://www.linkedin.com/company/glovo-app,glovo,resolved,79000,83000,10,L3,Barcelona,2026-10,levels.fyi,https://www.levels.fyi/companies/glovo/salaries/software-engineer/locations/spain,2026-10-06,,https://glovoapp.com,,Milano,IT,"1,001-10,000",technology|internet|services|b2c,2015,"On-demand delivery service. Equity: RSU vesting 25,25,25,25."
Glovo,9262901,https://www.linkedin.com/company/glovo-app,glovo,resolved,78930,78930,8,L3,Barcelona,2023-02,levels.fyi,https://www.levels.fyi/companies/glovo/salaries/software-engineer/locations/spain,2026-10-06,,https://glovoapp.com,,Milano,IT,"1,001-10,000",technology|internet|services|b2c,2015,"On-demand delivery service. Equity: RSU vesting 25,25,25,25."
Glovo,9262901,https://www.linkedin.com/company/glovo-app,glovo,resolved,78000,94000,6,L3,Barcelona,2023-03,levels.fyi,https://www.levels.fyi/companies/glovo/salaries/software-engineer/locations/spain,2026-10-06,,https://glovoapp.com,,Milano,IT,"1,001-10,000",technology|internet|services|b2c,2015,"On-demand delivery service. Equity: RSU vesting 25,25,25,25."
Glovo,9262901,https://www.linkedin.com/company/glovo-app,glovo,resolved,78000,91000,6,L3,Barcelona,2022-06,levels.fyi,https://www.levels.fyi/companies/glovo/salaries/software-engineer/locations/spain,2026-10-06,,https://glovoapp.com,,Milano,IT,"1,001-10,000",technology|internet|services|b2c,2015,"On-demand delivery service. Equity: RSU vesting 25,25,25,25."
Glovo,9262901,https://www.linkedin.com/company/glovo-app,glovo,resolved,78000,90000,10,L3,Barcelona,2023-07,levels.fyi,https://www.levels.fyi/companies/glovo/salaries/software-engineer/locations/spain,2026-10-06,,https://glovoapp.com,,Milano,IT,"1,001-10,000",technology|internet|services|b2c,2015,"On-demand delivery service. Equity: RSU vesting 25,25,25,25."
Glovo,9262901,https://www.linkedin.com/company/glovo-app,glovo,resolved,78000,90000,9,L3,Barcelona,2024-01,levels.fyi,https://www.levels.fyi/companies/glovo/salaries/software-engineer/locations/spain,2026-10-06,,https://glovoapp.com,,Milano,IT,"1,001-10,000",technology|internet|services|b2c,2015,"On-demand delivery service. Equity: RSU vesting 25,25,25,25."
Glovo,9262901,https://www.linkedin.com/company/glovo-app,glovo,resolved,78000,90000,8,L3,Barcelona,2024-08,levels.fyi,https://www.levels.fyi/companies/glovo/salaries/software-engineer/locations/spain,2026-10-06,,https://glovoapp.com,,Milano,IT,"1,001-10,000",technology|internet|services|b2c,2015,"On-demand delivery service. Equity: RSU vesting 25,25,25,25."
Glovo,9262901,https://www.linkedin.com/company/glovo-app,glovo,resolved,78000,90000,5,L3,Barcelona,2024-01,levels.fyi,https://www.levels.fyi/companies/glovo/salaries/software-engineer/locations/spain,2026-10-06,,https://glovoapp.com,,Milano,IT,"1,001-10,000",technology|internet|services|b2c,2015,"On-demand delivery service. Equity: RSU vesting 25,25,25,25."
Glovo,9262901,https://www.linkedin.com/company/glovo-app,glovo,resolved,78000,89000,9,L3,Madrid,2024-09,levels.fyi,https://www.levels.fyi/companies/glovo/salaries/software-engineer/locations/spain,2026-10-06,,https://glovoapp.com,,Milano,IT,"1,001-10,000",technology|internet|services|b2c,2015,"On-demand delivery service. Equity: RSU vesting 25,25,25,25."
Glovo,9262901,https://www.linkedin.com/company/glovo-app,glovo,resolved,78000,89000,8,L3,Madrid,2024-12,levels.fyi,https://www.levels.fyi/companies/glovo/salaries/software-engineer/locations/spain,2026-10-06,,https://glovoapp.com,,Milano,IT,"1,001-10,000",technology|internet|services|b2c,2015,"On-demand delivery service. Equity: RSU vesting 25,25,25,25."
Glovo,9262901,https://www.linkedin.com/company/glovo-app,glovo,resolved,78000,88000,10,L3,Barcelona,2023-09,levels.fyi,https://www.levels.fyi/companies/glovo/salaries/software-engineer/locations/spain,2026-10-06,,https://glovoapp.com,,Milano,IT,"1,001-10,000",technology|internet|services|b2c,2015,"On-demand delivery service. Equity: RSU vesting 25,25,25,25."
Glovo,9262901,https://www.linkedin.com/company/glovo-app,glovo,resolved,78000,88000,10,L3,Barcelona,2023-09,levels.fyi,https://www.levels.fyi/companies/glovo/salaries/software-engineer/locations/spain,2026-10-06,,https://glovoapp.com,,Milano,IT,"1,001-10,000",technology|internet|services|b2c,2015,"On-demand delivery service. Equity: RSU vesting 25,25,25,25."
Glovo,9262901,https://www.linkedin.com/company/glovo-app,glovo,resolved,78000,86000,11,L3,Barcelona,2023-05,levels.fyi,https://www.levels.fyi/companies/glovo/salaries/software-engineer/locations/spain,2026-10-06,,https://glovoapp.com,,Milano,IT,"1,001-10,000",technology|internet|services|b2c,2015,"On-demand delivery service. Equity: RSU vesting 25,25,25,25."
Glovo,9262901,https://www.linkedin.com/company/glovo-app,glovo,resolved,78000,85000,7,L3,Barcelona,2024-05,levels.fyi,https://www.levels.fyi/companies/glovo/salaries/software-engineer/locations/spain,2026-10-06,,https://glovoapp.com,,Milano,IT,"1,001-10,000",technology|internet|services|b2c,2015,"On-demand delivery service. Equity: RSU vesting 25,25,25,25."
Glovo,9262901,https://www.linkedin.com/company/glovo-app,glovo,resolved,78000,81000,12,L3,Barcelona,2025-04,levels.fyi,https://www.levels.fyi/companies/glovo/salaries/software-engineer/locations/spain,2026-10-06,,https://glovoapp.com,,Milano,IT,"1,001-10,000",technology|internet|services|b2c,2015,"On-demand delivery service. Equity: RSU vesting 25,25,25,25."
Glovo,9262901,https://www.linkedin.com/company/glovo-app,glovo,resolved,78000,81000,10,L3,Barcelona,2024-05,levels.fyi,https://www.levels.fyi/companies/glovo/salaries/software-engineer/locations/spain,2026-10-06,,https://glovoapp.com,,Milano,IT,"1,001-10,000",technology|internet|services|b2c,2015,"On-demand delivery service. Equity: RSU vesting 25,25,25,25."
Glovo,9262901,https://www.linkedin.com/company/glovo-app,glovo,resolved,77000,88000,10,L3,Barcelona,2026-01,levels.fyi,https://www.levels.fyi/companies/glovo/salaries/software-engineer/locations/spain,2026-10-06,,https://glovoapp.com,,Milano,IT,"1,001-10,000",technology|internet|services|b2c,2015,"On-demand delivery service. Equity: RSU vesting 25,25,25,25."
Glovo,9262901,https://www.linkedin.com/company/glovo-app,glovo,resolved,77000,85000,15,L3,Madrid,2024-12,levels.fyi,https://www.levels.fyi/companies/glovo/salaries/software-engineer/locations/spain,2026-10-06,,https://glovoapp.com,,Milano,IT,"1,001-10,000",technology|internet|services|b2c,2015,"On-demand delivery service. Equity: RSU vesting 25,25,25,25."
Glovo,9262901,https://www.linkedin.com/company/glovo-app,glovo,resolved,77000,85000,6,L3,Barcelona,2024-03,levels.fyi,https://www.levels.fyi/companies/glovo/salaries/software-engineer/locations/spain,2026-10-06,,https://glovoapp.com,,Milano,IT,"1,001-10,000",technology|internet|services|b2c,2015,"On-demand delivery service. Equity: RSU vesting 25,25,25,25."
Glovo,9262901,https://www.linkedin.com/company/glovo-app,glovo,resolved,76000,87000,12,L3,Barcelona,2024-01,levels.fyi,https://www.levels.fyi/companies/glovo/salaries/software-engineer/locations/spain,2026-10-06,,https://glovoapp.com,,Milano,IT,"1,001-10,000",technology|internet|services|b2c,2015,"On-demand delivery service. Equity: RSU vesting 25,25,25,25."
Glovo,9262901,https://www.linkedin.com/company/glovo-app,glovo,resolved,76000,87000,10,L3,Barcelona,2025-01,levels.fyi,https://www.levels.fyi/companies/glovo/salaries/software-engineer/locations/spain,2026-10-06,,https://glovoapp.com,,Milano,IT,"1,001-10,000",technology|internet|services|b2c,2015,"On-demand delivery service. Equity: RSU vesting 25,25,25,25."
Glovo,9262901,https://www.linkedin.com/company/glovo-app,glovo,resolved,76000,87000,10,L3,Barcelona,2024-09,levels.fyi,https://www.levels.fyi/companies/glovo/salaries/software-engineer/locations/spain,2026-10-06,,https://glovoapp.com,,Milano,IT,"1,001-10,000",technology|internet|services|b2c,2015,"On-demand delivery service. Equity: RSU vesting 25,25,25,25."
Glovo,9262901,https://www.linkedin.com/company/glovo-app,glovo,resolved,75000,105000,10,L3,Barcelona,2024-09,levels.fyi,https://www.levels.fyi/companies/glovo/salaries/software-engineer/locations/spain,2026-10-06,,https://glovoapp.com,,Milano,IT,"1,001-10,000",technology|internet|services|b2c,2015,"On-demand delivery service. Equity: RSU vesting 25,25,25,25."
Glovo,9262901,https://www.linkedin.com/company/glovo-app,glovo,resolved,75000,90000,8,L3,Barcelona,2025-01,levels.fyi,https://www.levels.fyi/companies/glovo/salaries/software-engineer/locations/spain,2026-10-06,,https://glovoapp.com,,Milano,IT,"1,001-10,000",technology|internet|services|b2c,2015,"On-demand delivery service. Equity: RSU vesting 25,25,25,25."
Glovo,9262901,https://www.linkedin.com/company/glovo-app,glovo,resolved,75000,87000,10,L3,Barcelona,2023-03,levels.fyi,https://www.levels.fyi/companies/glovo/salaries/software-engineer/locations/spain,2026-10-06,,https://glovoapp.com,,Milano,IT,"1,001-10,000",technology|internet|services|b2c,2015,"On-demand delivery service. Equity: RSU vesting 25,25,25,25."
Glovo,9262901,https://www.linkedin.com/company/glovo-app,glovo,resolved,75000,86000,15,L3,Barcelona,2024-10,levels.fyi,https://www.levels.fyi/companies/glovo/salaries/software-engineer/locations/spain,2026-10-06,,https://glovoapp.com,,Milano,IT,"1,001-10,000",technology|internet|services|b2c,2015,"On-demand delivery service. Equity: RSU vesting 25,25,25,25."
Glovo,9262901,https://www.linkedin.com/company/glovo-app,glovo,resolved,75000,86000,14,L3,Barcelona,2025-12,levels.fyi,https://www.levels.fyi/companies/glovo/salaries/software-engineer/locations/spain,2026-10-06,,https://glovoapp.com,,Milano,IT,"1,001-10,000",technology|internet|services|b2c,2015,"On-demand delivery service. Equity: RSU vesting 25,25,25,25."
Glovo,9262901,https://www.linkedin.com/company/glovo-app,glovo,resolved,75000,86000,12,L4,Barcelona,2023-10,levels.fyi,https://www.levels.fyi/companies/glovo/salaries/software-engineer/locations/spain,2026-10-06,,https://glovoapp.com,,Milano,IT,"1,001-10,000",technology|internet|services|b2c,2015,"On-demand delivery service. Equity: RSU vesting 25,25,25,25."
Glovo,9262901,https://www.linkedin.com/company/glovo-app,glovo,resolved,75000,86000,10,L3,Barcelona,2022-05,levels.fyi,https://www.levels.fyi/companies/glovo/salaries/software-engineer/locations/spain,2026-10-06,,https://glovoapp.com,,Milano,IT,"1,001-10,000",technology|internet|services|b2c,2015,"On-demand delivery service. Equity: RSU vesting 25,25,25,25."
Glovo,9262901,https://www.linkedin.com/company/glovo-app,glovo,resolved,75000,85000,11,L3,Barcelona,2024-09,levels.fyi,https://www.levels.fyi/companies/glovo/salaries/software-engineer/locations/spain,2026-10-06,,https://glovoapp.com,,Milano,IT,"1,001-10,000",technology|internet|services|b2c,2015,"On-demand delivery service. Equity: RSU vesting 25,25,25,25."
Glovo,9262901,https://www.linkedin.com/company/glovo-app,glovo,resolved,75000,85000,10,L3,Barcelona,2024-04,levels.fyi,https://www.levels.fyi/companies/glovo/salaries/software-engineer/locations/spain,2026-10-06,,https://glovoapp.com,,Milano,IT,"1,001-10,000",technology|internet|services|b2c,2015,"On-demand delivery service. Equity: RSU vesting 25,25,25,25."
Glovo,9262901,https://www.linkedin.com/company/glovo-app,glovo,resolved,75000,85000,6,L3,Barcelona,2025-09,levels.fyi,https://www.levels.fyi/companies/glovo/salaries/software-engineer/locations/spain,2026-10-06,,https://glovoapp.com,,Milano,IT,"1,001-10,000",technology|internet|services|b2c,2015,"On-demand delivery service. Equity: RSU vesting 25,25,25,25."
Glovo,9262901,https://www.linkedin.com/company/glovo-app,glovo,resolved,75000,82000,9,L3,Barcelona,2025-03,levels.fyi,https://www.levels.fyi/companies/glovo/salaries/software-engineer/locations/spain,2026-10-06,,https://glovoapp.com,,Milano,IT,"1,001-10,000",technology|internet|services|b2c,2015,"On-demand delivery service. Equity: RSU vesting 25,25,25,25."
Glovo,9262901,https://www.linkedin.com/company/glovo-app,glovo,resolved,75000,82000,8,L3,Barcelona,2023-02,levels.fyi,https://www.levels.fyi/companies/glovo/salaries/software-engineer/locations/spain,2026-10-06,,https://glovoapp.com,,Milano,IT,"1,001-10,000",technology|internet|services|b2c,2015,"On-demand delivery service. Equity: RSU vesting 25,25,25,25."
Glovo,9262901,https://www.linkedin.com/company/glovo-app,glovo,resolved,75000,78000,6,L3,Barcelona,2022-10,levels.fyi,https://www.levels.fyi/companies/glovo/salaries/software-engineer/locations/spain,2026-10-06,,https://glovoapp.com,,Milano,IT,"1,001-10,000",technology|internet|services|b2c,2015,"On-demand delivery service. Equity: RSU vesting 25,25,25,25."
Glovo,9262901,https://www.linkedin.com/company/glovo-app,glovo,resolved,75000,75000,10,L3,Barcelona,2022-09,levels.fyi,https://www.levels.fyi/companies/glovo/salaries/software-engineer/locations/spain,2026-10-06,,https://glovoapp.com,,Milano,IT,"1,001-10,000",technology|internet|services|b2c,2015,"On-demand delivery service. Equity: RSU vesting 25,25,25,25."
Glovo,9262901,https://www.linkedin.com/company/glovo-app,glovo,resolved,75000,75000,7,L3,Barcelona,2023-12,levels.fyi,https://www.levels.fyi/companies/glovo/salaries/software-engineer/locations/spain,2026-10-06,,https://glovoapp.com,,Milano,IT,"1,001-10,000",technology|internet|services|b2c,2015,"On-demand delivery service. Equity: RSU vesting 25,25,25,25."
Glovo,9262901,https://www.linkedin.com/company/glovo-app,glovo,resolved,74545,96470,8,L4,Madrid,2024-03,levels.fyi,https://www.levels.fyi/companies/glovo/salaries/software-engineer/locations/spain,2026-10-06,,https://glovoapp.com,,Milano,IT,"1,001-10,000",technology|internet|services|b2c,2015,"On-demand delivery service. Equity: RSU vesting 25,25,25,25."
Glovo,9262901,https://www.linkedin.com/company/glovo-app,glovo,resolved,74000,85000,8,L3,Barcelona,2025-05,levels.fyi,https://www.levels.fyi/companies/glovo/salaries/software-engineer/locations/spain,2026-10-06,,https://glovoapp.com,,Milano,IT,"1,001-10,000",technology|internet|services|b2c,2015,"On-demand delivery service. Equity: RSU vesting 25,25,25,25."
Glovo,9262901,https://www.linkedin.com/company/glovo-app,glovo,resolved,74000,85000,8,L3,Barcelona,2025-01,levels.fyi,https://www.levels.fyi/companies/glovo/salaries/software-engineer/locations/spain,2026-10-06,,https://glovoapp.com,,Milano,IT,"1,001-10,000",technology|internet|services|b2c,2015,"On-demand delivery service. Equity: RSU vesting 25,25,25,25."
Glovo,9262901,https://www.linkedin.com/company/glovo-app,glovo,resolved,73000,84000,8,L3,Barcelona,2026-06,levels.fyi,https://www.levels.fyi/companies/glovo/salaries/software-engineer/locations/spain,2026-10-06,,https://glovoapp.com,,Milano,IT,"1,001-10,000",technology|internet|services|b2c,2015,"On-demand delivery service. Equity: RSU vesting 25,25,25,25."
Glovo,9262901,https://www.linkedin.com/company/glovo-app,glovo,resolved,73000,84000,5,L3,Barcelona,2022-06,levels.fyi,https://www.levels.fyi/companies/glovo/salaries/software-engineer/locations/spain,2026-10-06,,https://glovoapp.com,,Milano,IT,"1,001-10,000",technology|internet|services|b2c,2015,"On-demand delivery service. Equity: RSU vesting 25,25,25,25."
Glovo,9262901,https://www.linkedin.com/company/glovo-app,glovo,resolved,73000,81000,5,L3,Barcelona,2024-09,levels.fyi,https://www.levels.fyi/companies/glovo/salaries/software-engineer/locations/spain,2026-10-06,,https://glovoapp.com,,Milano,IT,"1,001-10,000",technology|internet|services|b2c,2015,"On-demand delivery service. Equity: RSU vesting 25,25,25,25."
Glovo,9262901,https://www.linkedin.com/company/glovo-app,glovo,resolved,73000,73000,8,L3,Barcelona,2023-08,levels.fyi,https://www.levels.fyi/companies/glovo/salaries/software-engineer/locations/spain,2026-10-06,,https://glovoapp.com,,Milano,IT,"1,001-10,000",technology|internet|services|b2c,2015,"On-demand delivery service. Equity: RSU vesting 25,25,25,25."
Glovo,9262901,https://www.linkedin.com/company/glovo-app,glovo,resolved,73000,73000,5,L3,Barcelona,2024-08,levels.fyi,https://www.levels.fyi/companies/glovo/salaries/software-engineer/locations/spain,2026-10-06,,https://glovoapp.com,,Milano,IT,"1,001-10,000",technology|internet|services|b2c,2015,"On-demand delivery service. Equity: RSU vesting 25,25,25,25."
Glovo,9262901,https://www.linkedin.com/company/glovo-app,glovo,resolved,72000,83000,6,L3,Barcelona,2024-05,levels.fyi,https://www.levels.fyi/companies/glovo/salaries/software-engineer/locations/spain,2026-10-06,,https://glovoapp.com,,Milano,IT,"1,001-10,000",technology|internet|services|b2c,2015,"On-demand delivery service. Equity: RSU vesting 25,25,25,25."
Glovo,9262901,https://www.linkedin.com/company/glovo-app,glovo,resolved,72000,83000,6,L3,Barcelona,2024-04,levels.fyi,https://www.levels.fyi/companies/glovo/salaries/software-engineer/locations/spain,2026-10-06,,https://glovoapp.com,,Milano,IT,"1,001-10,000",technology|internet|services|b2c,2015,"On-demand delivery service. Equity: RSU vesting 25,25,25,25."
Glovo,9262901,https://www.linkedin.com/company/glovo-app,glovo,resolved,72000,83000,5,L3,Barcelona,2023-06,levels.fyi,https://www.levels.fyi/companies/glovo/salaries/software-engineer/locations/spain,2026-10-06,,https://glovoapp.com,,Milano,IT,"1,001-10,000",technology|internet|services|b2c,2015,"On-demand delivery service. Equity: RSU vesting 25,25,25,25."
Glovo,9262901,https://www.linkedin.com/company/glovo-app,glovo,resolved,72000,82000,7,L3,Barcelona,2025-01,levels.fyi,https://www.levels.fyi/companies/glovo/salaries/software-engineer/locations/spain,2026-10-06,,https://glovoapp.com,,Milano,IT,"1,001-10,000",technology|internet|services|b2c,2015,"On-demand delivery service. Equity: RSU vesting 25,25,25,25."
Glovo,9262901,https://www.linkedin.com/company/glovo-app,glovo,resolved,72000,79000,7,L2,Madrid,2023-09,levels.fyi,https://www.levels.fyi/companies/glovo/salaries/software-engineer/locations/spain,2026-10-06,,https://glovoapp.com,,Milano,IT,"1,001-10,000",technology|internet|services|b2c,2015,"On-demand delivery service. Equity: RSU vesting 25,25,25,25."
Glovo,9262901,https://www.linkedin.com/company/glovo-app,glovo,resolved,72000,72000,5-10,,Barcelona,2025-07,levels.fyi,https://www.levels.fyi/companies/glovo/salaries/software-engineer/locations/spain,2026-10-06,,https://glovoapp.com,,Milano,IT,"1,001-10,000",technology|internet|services|b2c,2015,"On-demand delivery service. Equity: RSU vesting 25,25,25,25."
Glovo,9262901,https://www.linkedin.com/company/glovo-app,glovo,resolved,71000,78000,14,L2,Barcelona,2026-02,levels.fyi,https://www.levels.fyi/companies/glovo/salaries/software-engineer/locations/spain,2026-10-06,,https://glovoapp.com,,Milano,IT,"1,001-10,000",technology|internet|services|b2c,2015,"On-demand delivery service. Equity: RSU vesting 25,25,25,25."
Glovo,9262901,https://www.linkedin.com/company/glovo-app,glovo,resolved,71000,78000,14,L2,Barcelona,2025-10,levels.fyi,https://www.levels.fyi/companies/glovo/salaries/software-engineer/locations/spain,2026-10-06,,https://glovoapp.com,,Milano,IT,"1,001-10,000",technology|internet|services|b2c,2015,"On-demand delivery service. Equity: RSU vesting 25,25,25,25."
Glovo,9262901,https://www.linkedin.com/company/glovo-app,glovo,resolved,71000,74000,10,L2,Barcelona,2024-07,levels.fyi,https://www.levels.fyi/companies/glovo/salaries/software-engineer/locations/spain,2026-10-06,,https://glovoapp.com,,Milano,IT,"1,001-10,000",technology|internet|services|b2c,2015,"On-demand delivery service. Equity: RSU vesting 25,25,25,25."
Glovo,9262901,https://www.linkedin.com/company/glovo-app,glovo,resolved,70000,84000,10,L3,Barcelona,2023-04,levels.fyi,https://www.levels.fyi/companies/glovo/salaries/software-engineer/locations/spain,2026-10-06,,https://glovoapp.com,,Milano,IT,"1,001-10,000",technology|internet|services|b2c,2015,"On-demand delivery service. Equity: RSU vesting 25,25,25,25."
Glovo,9262901,https://www.linkedin.com/company/glovo-app,glovo,resolved,70000,81000,10,L3,Barcelona,2023-05,levels.fyi,https://www.levels.fyi/companies/glovo/salaries/software-engineer/locations/spain,2026-10-06,,https://glovoapp.com,,Milano,IT,"1,001-10,000",technology|internet|services|b2c,2015,"On-demand delivery service. Equity: RSU vesting 25,25,25,25."
Glovo,9262901,https://www.linkedin.com/company/glovo-app,glovo,resolved,70000,81000,5,L3,Barcelona,2024-06,levels.fyi,https://www.levels.fyi/companies/glovo/salaries/software-engineer/locations/spain,2026-10-06,,https://glovoapp.com,,Milano,IT,"1,001-10,000",technology|internet|services|b2c,2015,"On-demand delivery service. Equity: RSU vesting 25,25,25,25."
Glovo,9262901,https://www.linkedin.com/company/glovo-app,glovo,resolved,70000,80000,8,L3,Barcelona,2022-10,levels.fyi,https://www.levels.fyi/companies/glovo/salaries/software-engineer/locations/spain,2026-10-06,,https://glovoapp.com,,Milano,IT,"1,001-10,000",technology|internet|services|b2c,2015,"On-demand delivery service. Equity: RSU vesting 25,25,25,25."
Glovo,9262901,https://www.linkedin.com/company/glovo-app,glovo,resolved,70000,80000,7,L3,Barcelona,2025-11,levels.fyi,https://www.levels.fyi/companies/glovo/salaries/software-engineer/locations/spain,2026-10-06,,https://glovoapp.com,,Milano,IT,"1,001-10,000",technology|internet|services|b2c,2015,"On-demand delivery service. Equity: RSU vesting 25,25,25,25."
Glovo,9262901,https://www.linkedin.com/company/glovo-app,glovo,resolved,70000,80000,7,L3,Madrid,2022-10,levels.fyi,https://www.levels.fyi/companies/glovo/salaries/software-engineer/locations/spain,2026-10-06,,https://glovoapp.com,,Milano,IT,"1,001-10,000",technology|internet|services|b2c,2015,"On-demand delivery service. Equity: RSU vesting 25,25,25,25."
Glovo,9262901,https://www.linkedin.com/company/glovo-app,glovo,resolved,70000,77000,8,L2,Barcelona,2023-05,levels.fyi,https://www.levels.fyi/companies/glovo/salaries/software-engineer/locations/spain,2026-10-06,,https://glovoapp.com,,Milano,IT,"1,001-10,000",technology|internet|services|b2c,2015,"On-demand delivery service. Equity: RSU vesting 25,25,25,25."
Glovo,9262901,https://www.linkedin.com/company/glovo-app,glovo,resolved,70000,77000,6,L2,Madrid,2024-01,levels.fyi,https://www.levels.fyi/companies/glovo/salaries/software-engineer/locations/spain,2026-10-06,,https://glovoapp.com,,Milano,IT,"1,001-10,000",technology|internet|services|b2c,2015,"On-demand delivery service. Equity: RSU vesting 25,25,25,25."
Glovo,9262901,https://www.linkedin.com/company/glovo-app,glovo,resolved,70000,75000,7,L3,Barcelona,2022-07,levels.fyi,https://www.levels.fyi/companies/glovo/salaries/software-engineer/locations/spain,2026-10-06,,https://glovoapp.com,,Milano,IT,"1,001-10,000",technology|internet|services|b2c,2015,"On-demand delivery service. Equity: RSU vesting 25,25,25,25."
Glovo,9262901,https://www.linkedin.com/company/glovo-app,glovo,resolved,70000,73000,9,L3,Barcelona,2022-06,levels.fyi,https://www.levels.fyi/companies/glovo/salaries/software-engineer/locations/spain,2026-10-06,,https://glovoapp.com,,Milano,IT,"1,001-10,000",technology|internet|services|b2c,2015,"On-demand delivery service. Equity: RSU vesting 25,25,25,25."
Glovo,9262901,https://www.linkedin.com/company/glovo-app,glovo,resolved,70000,71250,7,L3,Barcelona,2025-10,levels.fyi,https://www.levels.fyi/companies/glovo/salaries/software-engineer/locations/spain,2026-10-06,,https://glovoapp.com,,Milano,IT,"1,001-10,000",technology|internet|services|b2c,2015,"On-demand delivery service. Equity: RSU vesting 25,25,25,25."
Glovo,9262901,https://www.linkedin.com/company/glovo-app,glovo,resolved,70000,70000,10,L4,Barcelona,2026-02,levels.fyi,https://www.levels.fyi/companies/glovo/salaries/software-engineer/locations/spain,2026-10-06,,https://glovoapp.com,,Milano,IT,"1,001-10,000",technology|internet|services|b2c,2015,"On-demand delivery service. Equity: RSU vesting 25,25,25,25."
Glovo,9262901,https://www.linkedin.com/company/glovo-app,glovo,resolved,70000,70000,10,L4,Barcelona,2025-05,levels.fyi,https://www.levels.fyi/companies/glovo/salaries/software-engineer/locations/spain,2026-10-06,,https://glovoapp.com,,Milano,IT,"1,001-10,000",technology|internet|services|b2c,2015,"On-demand delivery service. Equity: RSU vesting 25,25,25,25."
Glovo,9262901,https://www.linkedin.com/company/glovo-app,glovo,resolved,70000,70000,8,L2,Barcelona,2024-05,levels.fyi,https://www.levels.fyi/companies/glovo/salaries/software-engineer/locations/spain,2026-10-06,,https://glovoapp.com,,Milano,IT,"1,001-10,000",technology|internet|services|b2c,2015,"On-demand delivery service. Equity: RSU vesting 25,25,25,25."
Glovo,9262901,https://www.linkedin.com/company/glovo-app,glovo,resolved,70000,70000,8,L3,Barcelona,2024-01,levels.fyi,https://www.levels.fyi/companies/glovo/salaries/software-engineer/locations/spain,2026-10-06,,https://glovoapp.com,,Milano,IT,"1,001-10,000",technology|internet|services|b2c,2015,"On-demand delivery service. Equity: RSU vesting 25,25,25,25."
Glovo,9262901,https://www.linkedin.com/company/glovo-app,glovo,resolved,70000,70000,8,L3,Barcelona,2022-12,levels.fyi,https://www.levels.fyi/companies/glovo/salaries/software-engineer/locations/spain,2026-10-06,,https://glovoapp.com,,Milano,IT,"1,001-10,000",technology|internet|services|b2c,2015,"On-demand delivery service. Equity: RSU vesting 25,25,25,25."
Glovo,9262901,https://www.linkedin.com/company/glovo-app,glovo,resolved,69387,71522,7,L2,Barcelona,2023-10,levels.fyi,https://www.levels.fyi/companies/glovo/salaries/software-engineer/locations/spain,2026-10-06,,https://glovoapp.com,,Milano,IT,"1,001-10,000",technology|internet|services|b2c,2015,"On-demand delivery service. Equity: RSU vesting 25,25,25,25."
Glovo,9262901,https://www.linkedin.com/company/glovo-app,glovo,resolved,68000,77000,7,L3,Barcelona,2023-01,levels.fyi,https://www.levels.fyi/companies/glovo/salaries/software-engineer/locations/spain,2026-10-06,,https://glovoapp.com,,Milano,IT,"1,001-10,000",technology|internet|services|b2c,2015,"On-demand delivery service. Equity: RSU vesting 25,25,25,25."
Glovo,9262901,https://www.linkedin.com/company/glovo-app,glovo,resolved,67000,87000,7,L2,Barcelona,2023-09,levels.fyi,https://www.levels.fyi/companies/glovo/salaries/software-engineer/locations/spain,2026-10-06,,https://glovoapp.com,,Milano,IT,"1,001-10,000",technology|internet|services|b2c,2015,"On-demand delivery service. Equity: RSU vesting 25,25,25,25."
Glovo,9262901,https://www.linkedin.com/company/glovo-app,glovo,resolved,67000,75000,10,L2,Barcelona,2023-04,levels.fyi,https://www.levels.fyi/companies/glovo/salaries/software-engineer/locations/spain,2026-10-06,,https://glovoapp.com,,Milano,IT,"1,001-10,000",technology|internet|services|b2c,2015,"On-demand delivery service. Equity: RSU vesting 25,25,25,25."
Glovo,9262901,https://www.linkedin.com/company/glovo-app,glovo,resolved,67000,75000,8,L2,Barcelona,2025-03,levels.fyi,https://www.levels.fyi/companies/glovo/salaries/software-engineer/locations/spain,2026-10-06,,https://glovoapp.com,,Milano,IT,"1,001-10,000",technology|internet|services|b2c,2015,"On-demand delivery service. Equity: RSU vesting 25,25,25,25."
Glovo,9262901,https://www.linkedin.com/company/glovo-app,glovo,resolved,67000,74000,6,L2,Barcelona,2023-07,levels.fyi,https://www.levels.fyi/companies/glovo/salaries/software-engineer/locations/spain,2026-10-06,,https://glovoapp.com,,Milano,IT,"1,001-10,000",technology|internet|services|b2c,2015,"On-demand delivery service. Equity: RSU vesting 25,25,25,25."
Glovo,9262901,https://www.linkedin.com/company/glovo-app,glovo,resolved,67000,70000,8,L2,Barcelona,2025-01,levels.fyi,https://www.levels.fyi/companies/glovo/salaries/software-engineer/locations/spain,2026-10-06,,https://glovoapp.com,,Milano,IT,"1,001-10,000",technology|internet|services|b2c,2015,"On-demand delivery service. Equity: RSU vesting 25,25,25,25."
Glovo,9262901,https://www.linkedin.com/company/glovo-app,glovo,resolved,67000,67000,8,L2,Barcelona,2024-05,levels.fyi,https://www.levels.fyi/companies/glovo/salaries/software-engineer/locations/spain,2026-10-06,,https://glovoapp.com,,Milano,IT,"1,001-10,000",technology|internet|services|b2c,2015,"On-demand delivery service. Equity: RSU vesting 25,25,25,25."
Glovo,9262901,https://www.linkedin.com/company/glovo-app,glovo,resolved,66000,79000,5,L3,Barcelona,2022-02,levels.fyi,https://www.levels.fyi/companies/glovo/salaries/software-engineer/locations/spain,2026-10-06,,https://glovoapp.com,,Milano,IT,"1,001-10,000",technology|internet|services|b2c,2015,"On-demand delivery service. Equity: RSU vesting 25,25,25,25."
Glovo,9262901,https://www.linkedin.com/company/glovo-app,glovo,resolved,66000,73000,8,L2,Barcelona,2024-05,levels.fyi,https://www.levels.fyi/companies/glovo/salaries/software-engineer/locations/spain,2026-10-06,,https://glovoapp.com,,Milano,IT,"1,001-10,000",technology|internet|services|b2c,2015,"On-demand delivery service. Equity: RSU vesting 25,25,25,25."
Glovo,9262901,https://www.linkedin.com/company/glovo-app,glovo,resolved,66000,73000,7,L2,Madrid,2024-05,levels.fyi,https://www.levels.fyi/companies/glovo/salaries/software-engineer/locations/spain,2026-10-06,,https://glovoapp.com,,Milano,IT,"1,001-10,000",technology|internet|services|b2c,2015,"On-demand delivery service. Equity: RSU vesting 25,25,25,25."
Glovo,9262901,https://www.linkedin.com/company/glovo-app,glovo,resolved,66000,72000,8,L2,Barcelona,2026-04,levels.fyi,https://www.levels.fyi/companies/glovo/salaries/software-engineer/locations/spain,2026-10-06,,https://glovoapp.com,,Milano,IT,"1,001-10,000",technology|internet|services|b2c,2015,"On-demand delivery service. Equity: RSU vesting 25,25,25,25."
Glovo,9262901,https://www.linkedin.com/company/glovo-app,glovo,resolved,66000,72000,7,L2,Madrid,2023-09,levels.fyi,https://www.levels.fyi/companies/glovo/salaries/software-engineer/locations/spain,2026-10-06,,https://glovoapp.com,,Milano,IT,"1,001-10,000",technology|internet|services|b2c,2015,"On-demand delivery service. Equity: RSU vesting 25,25,25,25."
Glovo,9262901,https://www.linkedin.com/company/glovo-app,glovo,resolved,66000,66000,10,L2,Barcelona,2024-02,levels.fyi,https://www.levels.fyi/companies/glovo/salaries/software-engineer/locations/spain,2026-10-06,,https://glovoapp.com,,Milano,IT,"1,001-10,000",technology|internet|services|b2c,2015,"On-demand delivery service. Equity: RSU vesting 25,25,25,25."
Glovo,9262901,https://www.linkedin.com/company/glovo-app,glovo,resolved,65000,72000,7,L2,Barcelona,2024-05,levels.fyi,https://www.levels.fyi/companies/glovo/salaries/software-engineer/locations/spain,2026-10-06,,https://glovoapp.com,,Milano,IT,"1,001-10,000",technology|internet|services|b2c,2015,"On-demand delivery service. Equity: RSU vesting 25,25,25,25."
Glovo,9262901,https://www.linkedin.com/company/glovo-app,glovo,resolved,65000,71000,5,L2,Barcelona,2026-08,levels.fyi,https://www.levels.fyi/companies/glovo/salaries/software-engineer/locations/spain,2026-10-06,,https://glovoapp.com,,Milano,IT,"1,001-10,000",technology|internet|services|b2c,2015,"On-demand delivery service. Equity: RSU vesting 25,25,25,25."
Glovo,9262901,https://www.linkedin.com/company/glovo-app,glovo,resolved,65000,66750,7,L2,Barcelona,2025-09,levels.fyi,https://www.levels.fyi/companies/glovo/salaries/software-engineer/locations/spain,2026-10-06,,https://glovoapp.com,,Milano,IT,"1,001-10,000",technology|internet|services|b2c,2015,"On-demand delivery service. Equity: RSU vesting 25,25,25,25."
Glovo,9262901,https://www.linkedin.com/company/glovo-app,glovo,resolved,65000,66500,6,L2,Barcelona,2026-01,levels.fyi,https://www.levels.fyi/companies/glovo/salaries/software-engineer/locations/spain,2026-10-06,,https://glovoapp.com,,Milano,IT,"1,001-10,000",technology|internet|services|b2c,2015,"On-demand delivery service. Equity: RSU vesting 25,25,25,25."
Glovo,9262901,https://www.linkedin.com/company/glovo-app,glovo,resolved,65000,65000,7,L3,Barcelona,2023-02,levels.fyi,https://www.levels.fyi/companies/glovo/salaries/software-engineer/locations/spain,2026-10-06,,https://glovoapp.com,,Milano,IT,"1,001-10,000",technology|internet|services|b2c,2015,"On-demand delivery service. Equity: RSU vesting 25,25,25,25."
Glovo,9262901,https://www.linkedin.com/company/glovo-app,glovo,resolved,65000,65000,6,L3,Barcelona,2023-12,levels.fyi,https://www.levels.fyi/companies/glovo/salaries/software-engineer/locations/spain,2026-10-06,,https://glovoapp.com,,Milano,IT,"1,001-10,000",technology|internet|services|b2c,2015,"On-demand delivery service. Equity: RSU vesting 25,25,25,25."
Glovo,9262901,https://www.linkedin.com/company/glovo-app,glovo,resolved,65000,65000,5,L2,Barcelona,2026-07,levels.fyi,https://www.levels.fyi/companies/glovo/salaries/software-engineer/locations/spain,2026-10-06,,https://glovoapp.com,,Milano,IT,"1,001-10,000",technology|internet|services|b2c,2015,"On-demand delivery service. Equity: RSU vesting 25,25,25,25."
Glovo,9262901,https://www.linkedin.com/company/glovo-app,glovo,resolved,64000,70000,5,L2,Barcelona,2026-06,levels.fyi,https://www.levels.fyi/companies/glovo/salaries/software-engineer/locations/spain,2026-10-06,,https://glovoapp.com,,Milano,IT,"1,001-10,000",technology|internet|services|b2c,2015,"On-demand delivery service. Equity: RSU vesting 25,25,25,25."
Glovo,9262901,https://www.linkedin.com/company/glovo-app,glovo,resolved,64000,70000,5,L2,Barcelona,2026-06,levels.fyi,https://www.levels.fyi/companies/glovo/salaries/software-engineer/locations/spain,2026-10-06,,https://glovoapp.com,,Milano,IT,"1,001-10,000",technology|internet|services|b2c,2015,"On-demand delivery service. Equity: RSU vesting 25,25,25,25."
Glovo,9262901,https://www.linkedin.com/company/glovo-app,glovo,resolved,63000,69250,6,L2,Barcelona,2022-10,levels.fyi,https://www.levels.fyi/companies/glovo/salaries/software-engineer/locations/spain,2026-10-06,,https://glovoapp.com,,Milano,IT,"1,001-10,000",technology|internet|services|b2c,2015,"On-demand delivery service. Equity: RSU vesting 25,25,25,25."
Glovo,9262901,https://www.linkedin.com/company/glovo-app,glovo,resolved,63000,69000,8,L2,Barcelona,2023-12,levels.fyi,https://www.levels.fyi/companies/glovo/salaries/software-engineer/locations/spain,2026-10-06,,https://glovoapp.com,,Milano,IT,"1,001-10,000",technology|internet|services|b2c,2015,"On-demand delivery service. Equity: RSU vesting 25,25,25,25."
Glovo,9262901,https://www.linkedin.com/company/glovo-app,glovo,resolved,63000,69000,7,L2,Barcelona,2023-08,levels.fyi,https://www.levels.fyi/companies/glovo/salaries/software-engineer/locations/spain,2026-10-06,,https://glovoapp.com,,Milano,IT,"1,001-10,000",technology|internet|services|b2c,2015,"On-demand delivery service. Equity: RSU vesting 25,25,25,25."
Glovo,9262901,https://www.linkedin.com/company/glovo-app,glovo,resolved,63000,69000,5,L2,Barcelona,2023-12,levels.fyi,https://www.levels.fyi/companies/glovo/salaries/software-engineer/locations/spain,2026-10-06,,https://glovoapp.com,,Milano,IT,"1,001-10,000",technology|internet|services|b2c,2015,"On-demand delivery service. Equity: RSU vesting 25,25,25,25."
Glovo,9262901,https://www.linkedin.com/company/glovo-app,glovo,resolved,63000,63000,7,L2,Barcelona,2023-02,levels.fyi,https://www.levels.fyi/companies/glovo/salaries/software-engineer/locations/spain,2026-10-06,,https://glovoapp.com,,Milano,IT,"1,001-10,000",technology|internet|services|b2c,2015,"On-demand delivery service. Equity: RSU vesting 25,25,25,25."
Glovo,9262901,https://www.linkedin.com/company/glovo-app,glovo,resolved,62000,68000,6,L2,Barcelona,2024-03,levels.fyi,https://www.levels.fyi/companies/glovo/salaries/software-engineer/locations/spain,2026-10-06,,https://glovoapp.com,,Milano,IT,"1,001-10,000",technology|internet|services|b2c,2015,"On-demand delivery service. Equity: RSU vesting 25,25,25,25."
Glovo,9262901,https://www.linkedin.com/company/glovo-app,glovo,resolved,62000,68000,5,L2,Barcelona,2023-02,levels.fyi,https://www.levels.fyi/companies/glovo/salaries/software-engineer/locations/spain,2026-10-06,,https://glovoapp.com,,Milano,IT,"1,001-10,000",technology|internet|services|b2c,2015,"On-demand delivery service. Equity: RSU vesting 25,25,25,25."
Glovo,9262901,https://www.linkedin.com/company/glovo-app,glovo,resolved,62000,68000,5,L2,Barcelona,2022-11,levels.fyi,https://www.levels.fyi/companies/glovo/salaries/software-engineer/locations/spain,2026-10-06,,https://glovoapp.com,,Milano,IT,"1,001-10,000",technology|internet|services|b2c,2015,"On-demand delivery service. Equity: RSU vesting 25,25,25,25."
Glovo,9262901,https://www.linkedin.com/company/glovo-app,glovo,resolved,62000,62000,7,L2,Madrid,2024-07,levels.fyi,https://www.levels.fyi/companies/glovo/salaries/software-engineer/locations/spain,2026-10-06,,https://glovoapp.com,,Milano,IT,"1,001-10,000",technology|internet|services|b2c,2015,"On-demand delivery service. Equity: RSU vesting 25,25,25,25."
Glovo,9262901,https://www.linkedin.com/company/glovo-app,glovo,resolved,61390,70160,8,L3,Barcelona,2022-10,levels.fyi,https://www.levels.fyi/companies/glovo/salaries/software-engineer/locations/spain,2026-10-06,,https://glovoapp.com,,Milano,IT,"1,001-10,000",technology|internet|services|b2c,2015,"On-demand delivery service. Equity: RSU vesting 25,25,25,25."
Glovo,9262901,https://www.linkedin.com/company/glovo-app,glovo,resolved,61390,61390,5,L4,Barcelona,2024-03,levels.fyi,https://www.levels.fyi/companies/glovo/salaries/software-engineer/locations/spain,2026-10-06,,https://glovoapp.com,,Milano,IT,"1,001-10,000",technology|internet|services|b2c,2015,"On-demand delivery service. Equity: RSU vesting 25,25,25,25."
Glovo,9262901,https://www.linkedin.com/company/glovo-app,glovo,resolved,60000,66000,18,L2,Barcelona,2023-03,levels.fyi,https://www.levels.fyi/companies/glovo/salaries/software-engineer/locations/spain,2026-10-06,,https://glovoapp.com,,Milano,IT,"1,001-10,000",technology|internet|services|b2c,2015,"On-demand delivery service. Equity: RSU vesting 25,25,25,25."
Glovo,9262901,https://www.linkedin.com/company/glovo-app,glovo,resolved,60000,66000,7,L2,Barcelona,2026-02,levels.fyi,https://www.levels.fyi/companies/glovo/salaries/software-engineer/locations/spain,2026-10-06,,https://glovoapp.com,,Milano,IT,"1,001-10,000",technology|internet|services|b2c,2015,"On-demand delivery service. Equity: RSU vesting 25,25,25,25."
Glovo,9262901,https://www.linkedin.com/company/glovo-app,glovo,resolved,60000,66000,7,L2,Barcelona,2026-01,levels.fyi,https://www.levels.fyi/companies/glovo/salaries/software-engineer/locations/spain,2026-10-06,,https://glovoapp.com,,Milano,IT,"1,001-10,000",technology|internet|services|b2c,2015,"On-demand delivery service. Equity: RSU vesting 25,25,25,25."
Glovo,9262901,https://www.linkedin.com/company/glovo-app,glovo,resolved,60000,66000,7,L2,Barcelona,2024-02,levels.fyi,https://www.levels.fyi/companies/glovo/salaries/software-engineer/locations/spain,2026-10-06,,https://glovoapp.com,,Milano,IT,"1,001-10,000",technology|internet|services|b2c,2015,"On-demand delivery service. Equity: RSU vesting 25,25,25,25."
Glovo,9262901,https://www.linkedin.com/company/glovo-app,glovo,resolved,60000,65000,7,L2,Barcelona,2025-08,levels.fyi,https://www.levels.fyi/companies/glovo/salaries/software-engineer/locations/spain,2026-10-06,,https://glovoapp.com,,Milano,IT,"1,001-10,000",technology|internet|services|b2c,2015,"On-demand delivery service. Equity: RSU vesting 25,25,25,25."
Glovo,9262901,https://www.linkedin.com/company/glovo-app,glovo,resolved,60000,65000,6,L2,Barcelona,2025-07,levels.fyi,https://www.levels.fyi/companies/glovo/salaries/software-engineer/locations/spain,2026-10-06,,https://glovoapp.com,,Milano,IT,"1,001-10,000",technology|internet|services|b2c,2015,"On-demand delivery service. Equity: RSU vesting 25,25,25,25."
Glovo,9262901,https://www.linkedin.com/company/glovo-app,glovo,resolved,60000,61500,7,L2,Barcelona,2025-06,levels.fyi,https://www.levels.fyi/companies/glovo/salaries/software-engineer/locations/spain,2026-10-06,,https://glovoapp.com,,Milano,IT,"1,001-10,000",technology|internet|services|b2c,2015,"On-demand delivery service. Equity: RSU vesting 25,25,25,25."
Glovo,9262901,https://www.linkedin.com/company/glovo-app,glovo,resolved,60000,61000,6,L2,Barcelona,2025-12,levels.fyi,https://www.levels.fyi/companies/glovo/salaries/software-engineer/locations/spain,2026-10-06,,https://glovoapp.com,,Milano,IT,"1,001-10,000",technology|internet|services|b2c,2015,"On-demand delivery service. Equity: RSU vesting 25,25,25,25."
Glovo,9262901,https://www.linkedin.com/company/glovo-app,glovo,resolved,60000,60000,7,L3,Barcelona,2026-07,levels.fyi,https://www.levels.fyi/companies/glovo/salaries/software-engineer/locations/spain,2026-10-06,,https://glovoapp.com,,Milano,IT,"1,001-10,000",technology|internet|services|b2c,2015,"On-demand delivery service. Equity: RSU vesting 25,25,25,25."
Glovo,9262901,https://www.linkedin.com/company/glovo-app,glovo,resolved,60000,60000,7,L3,Barcelona,2025-08,levels.fyi,https://www.levels.fyi/companies/glovo/salaries/software-engineer/locations/spain,2026-10-06,,https://glovoapp.com,,Milano,IT,"1,001-10,000",technology|internet|services|b2c,2015,"On-demand delivery service. Equity: RSU vesting 25,25,25,25."
Glovo,9262901,https://www.linkedin.com/company/glovo-app,glovo,resolved,56000,66000,5,L2,Barcelona,2026-01,levels.fyi,https://www.levels.fyi/companies/glovo/salaries/software-engineer/locations/spain,2026-10-06,,https://glovoapp.com,,Milano,IT,"1,001-10,000",technology|internet|services|b2c,2015,"On-demand delivery service. Equity: RSU vesting 25,25,25,25."
Glovo,9262901,https://www.linkedin.com/company/glovo-app,glovo,resolved,56000,64000,7,L2,Barcelona,2022-04,levels.fyi,https://www.levels.fyi/companies/glovo/salaries/software-engineer/locations/spain,2026-10-06,,https://glovoapp.com,,Milano,IT,"1,001-10,000",technology|internet|services|b2c,2015,"On-demand delivery service. Equity: RSU vesting 25,25,25,25."
Glovo,9262901,https://www.linkedin.com/company/glovo-app,glovo,resolved,55000,60000,6,L2,Barcelona,2026-08,levels.fyi,https://www.levels.fyi/companies/glovo/salaries/software-engineer/locations/spain,2026-10-06,,https://glovoapp.com,,Milano,IT,"1,001-10,000",technology|internet|services|b2c,2015,"On-demand delivery service. Equity: RSU vesting 25,25,25,25."
Glovo,9262901,https://www.linkedin.com/company/glovo-app,glovo,resolved,55000,58000,6,L2,Barcelona,2023-02,levels.fyi,https://www.levels.fyi/companies/glovo/salaries/software-engineer/locations/spain,2026-10-06,,https://glovoapp.com,,Milano,IT,"1,001-10,000",technology|internet|services|b2c,2015,"On-demand delivery service. Equity: RSU vesting 25,25,25,25."
Glovo,9262901,https://www.linkedin.com/company/glovo-app,glovo,resolved,55000,55000,6,L2,Barcelona,2023-11,levels.fyi,https://www.levels.fyi/companies/glovo/salaries/software-engineer/locations/spain,2026-10-06,,https://glovoapp.com,,Milano,IT,"1,001-10,000",technology|internet|services|b2c,2015,"On-demand delivery service. Equity: RSU vesting 25,25,25,25."
Glovo,9262901,https://www.linkedin.com/company/glovo-app,glovo,resolved,55000,55000,6,L1,Barcelona,2022-12,levels.fyi,https://www.levels.fyi/companies/glovo/salaries/software-engineer/locations/spain,2026-10-06,,https://glovoapp.com,,Milano,IT,"1,001-10,000",technology|internet|services|b2c,2015,"On-demand delivery service. Equity: RSU vesting 25,25,25,25."
Glovo,9262901,https://www.linkedin.com/company/glovo-app,glovo,resolved,55000,55000,5,Medior,Barcelona,2022-10,levels.fyi,https://www.levels.fyi/companies/glovo/salaries/software-engineer/locations/spain,2026-10-06,,https://glovoapp.com,,Milano,IT,"1,001-10,000",technology|internet|services|b2c,2015,"On-demand delivery service. Equity: RSU vesting 25,25,25,25."
Glovo,9262901,https://www.linkedin.com/company/glovo-app,glovo,resolved,52000,57200,5,L2,Barcelona,2024-09,levels.fyi,https://www.levels.fyi/companies/glovo/salaries/software-engineer/locations/spain,2026-10-06,,https://glovoapp.com,,Milano,IT,"1,001-10,000",technology|internet|services|b2c,2015,"On-demand delivery service. Equity: RSU vesting 25,25,25,25."
Glovo,9262901,https://www.linkedin.com/company/glovo-app,glovo,resolved,50000,55000,5,L2,Barcelona,2025-12,levels.fyi,https://www.levels.fyi/companies/glovo/salaries/software-engineer/locations/spain,2026-10-06,,https://glovoapp.com,,Milano,IT,"1,001-10,000",technology|internet|services|b2c,2015,"On-demand delivery service. Equity: RSU vesting 25,25,25,25."
Glovo,9262901,https://www.linkedin.com/company/glovo-app,glovo,resolved,47000,47000,6,L3,Barcelona,2025-08,levels.fyi,https://www.levels.fyi/companies/glovo/salaries/software-engineer/locations/spain,2026-10-06,,https://glovoapp.com,,Milano,IT,"1,001-10,000",technology|internet|services|b2c,2015,"On-demand delivery service. Equity: RSU vesting 25,25,25,25."
Glovo,9262901,https://www.linkedin.com/company/glovo-app,glovo,resolved,35200,38600,8,L2,Barcelona,2023-04,levels.fyi,https://www.levels.fyi/companies/glovo/salaries/software-engineer/locations/spain,2026-10-06,,https://glovoapp.com,,Milano,IT,"1,001-10,000",technology|internet|services|b2c,2015,"On-demand delivery service. Equity: RSU vesting 25,25,25,25."
Google,1441|1594050,https://www.linkedin.com/company/google,google,resolved,166119,210418,7,L7,Madrid,2024-02,levels.fyi,https://www.levels.fyi/companies/google/salaries/software-engineer/locations/spain,2026-10-06,,,,,,,,,
Google,1441|1594050,https://www.linkedin.com/company/google,google,resolved,100000,160000,18,L5,Malaga,2024-06,levels.fyi,https://www.levels.fyi/companies/google/salaries/software-engineer/locations/spain,2026-10-06,,,,,,,,,
Google,1441|1594050,https://www.linkedin.com/company/google,google,resolved,100000,140000,7,L4,Vigo,2025-04,levels.fyi,https://www.levels.fyi/companies/google/salaries/software-engineer/locations/spain,2026-10-06,,,,,,,,,
Google,1441|1594050,https://www.linkedin.com/company/google,google,resolved,100000,140000,7,L3,Madrid,2024-07,levels.fyi,https://www.levels.fyi/companies/google/salaries/software-engineer/locations/spain,2026-10-06,,,,,,,,,
Google,1441|1594050,https://www.linkedin.com/company/google,google,resolved,100000,130000,22,L5,Malaga,2022-01,levels.fyi,https://www.levels.fyi/companies/google/salaries/software-engineer/locations/spain,2026-10-06,,,,,,,,,
Google,1441|1594050,https://www.linkedin.com/company/google,google,resolved,100000,100000,10,L3,Madrid,2026-03,levels.fyi,https://www.levels.fyi/companies/google/salaries/software-engineer/locations/spain,2026-10-06,,,,,,,,,
Google,1441|1594050,https://www.linkedin.com/company/google,google,resolved,91000,134650,7,L5,Madrid,2023-09,levels.fyi,https://www.levels.fyi/companies/google/salaries/software-engineer/locations/spain,2026-10-06,,,,,,,,,
Google,1441|1594050,https://www.linkedin.com/company/google,google,resolved,90000,186000,15,L5,Madrid,2025-02,levels.fyi,https://www.levels.fyi/companies/google/salaries/software-engineer/locations/spain,2026-10-06,,,,,,,,,
Google,1441|1594050,https://www.linkedin.com/company/google,google,resolved,88000,178000,17,L5,Malaga,2023-04,levels.fyi,https://www.levels.fyi/companies/google/salaries/software-engineer/locations/spain,2026-10-06,,,,,,,,,
Google,1441|1594050,https://www.linkedin.com/company/google,google,resolved,87700,114010,5,L4,Malaga,2022-11,levels.fyi,https://www.levels.fyi/companies/google/salaries/software-engineer/locations/spain,2026-10-06,,,,,,,,,
Google,1441|1594050,https://www.linkedin.com/company/google,google,resolved,74000,84000,13,L4,Barcelona,2023-01,levels.fyi,https://www.levels.fyi/companies/google/salaries/software-engineer/locations/spain,2026-10-06,,,,,,,,,
Google,1441|1594050,https://www.linkedin.com/company/google,google,resolved,69000,101000,7,L4,Madrid,2024-03,levels.fyi,https://www.levels.fyi/companies/google/salaries/software-engineer/locations/spain,2026-10-06,,,,,,,,,
Grafana Labs,11062162,https://www.linkedin.com/company/grafana-labs,grafana,resolved,120000,140000,30,Staff Software Engineer,Barcelona,2025-03,levels.fyi,https://www.levels.fyi/companies/grafana/salaries/software-engineer/locations/spain,2026-10-06,,,,,,,,,
Grafana Labs,11062162,https://www.linkedin.com/company/grafana-labs,grafana,resolved,116000,176000,10,Staff Software Engineer,Madrid,2026-10,levels.fyi,https://www.levels.fyi/companies/grafana/salaries/software-engineer/locations/spain,2026-10-06,,,,,,,,,
Grafana Labs,11062162,https://www.linkedin.com/company/grafana-labs,grafana,resolved,115000,155000,10,Staff Software Engineer,Madrid,2025-07,levels.fyi,https://www.levels.fyi/companies/grafana/salaries/software-engineer/locations/spain,2026-10-06,,,,,,,,,
Grafana Labs,11062162,https://www.linkedin.com/company/grafana-labs,grafana,resolved,115000,133750,8,L5,Madrid,2024-05,levels.fyi,https://www.levels.fyi/companies/grafana/salaries/software-engineer/locations/spain,2026-10-06,,,,,,,,,
Grafana Labs,11062162,https://www.linkedin.com/company/grafana-labs,grafana,resolved,115000,115000,9,Staff Software Engineer,Madrid,2026-07,levels.fyi,https://www.levels.fyi/companies/grafana/salaries/software-engineer/locations/spain,2026-10-06,,,,,,,,,
Grafana Labs,11062162,https://www.linkedin.com/company/grafana-labs,grafana,resolved,110000,122500,13,Staff Software Engineer,Madrid,2025-11,levels.fyi,https://www.levels.fyi/companies/grafana/salaries/software-engineer/locations/spain,2026-10-06,,,,,,,,,
Grafana Labs,11062162,https://www.linkedin.com/company/grafana-labs,grafana,resolved,103000,103000,7,L4,Barcelona,2023-11,levels.fyi,https://www.levels.fyi/companies/grafana/salaries/software-engineer/locations/spain,2026-10-06,,,,,,,,,
Grafana Labs,11062162,https://www.linkedin.com/company/grafana-labs,grafana,resolved,100000,100000,7,Senior Software Engineer 1,Madrid,2025-06,levels.fyi,https://www.levels.fyi/companies/grafana/salaries/software-engineer/locations/spain,2026-10-06,,,,,,,,,
Grafana Labs,11062162,https://www.linkedin.com/company/grafana-labs,grafana,resolved,93000,103000,14,Senior Software Engineer 1,Madrid,2024-06,levels.fyi,https://www.levels.fyi/companies/grafana/salaries/software-engineer/locations/spain,2026-10-06,,,,,,,,,
Grafana Labs,11062162,https://www.linkedin.com/company/grafana-labs,grafana,resolved,75000,75000,6,L3,Barcelona,2024-09,levels.fyi,https://www.levels.fyi/companies/grafana/salaries/software-engineer/locations/spain,2026-10-06,,,,,,,,,
Grafana Labs,11062162,https://www.linkedin.com/company/grafana-labs,grafana,resolved,65000,65000,6,Senior Software Engineer 1,Madrid,2024-09,levels.fyi,https://www.levels.fyi/companies/grafana/salaries/software-engineer/locations/spain,2026-10-06,,,,,,,,,
Hopin,105238356,https://www.linkedin.com/company/retail-innovation-week,hopin,resolved,142000,142000,10,Senior Staff,Barcelona,2024-09,levels.fyi,https://www.levels.fyi/companies/hopin/salaries/software-engineer/locations/spain,2026-10-06,,,,,,,,,
Hopin,105238356,https://www.linkedin.com/company/retail-innovation-week,hopin,resolved,120000,120000,14,Staff,Barcelona,2024-05,levels.fyi,https://www.levels.fyi/companies/hopin/salaries/software-engineer/locations/spain,2026-10-06,,,,,,,,,
Hopin,105238356,https://www.linkedin.com/company/retail-innovation-week,hopin,resolved,120000,120000,10,Staff,Barcelona,2023-01,levels.fyi,https://www.levels.fyi/companies/hopin/salaries/software-engineer/locations/spain,2026-10-06,,,,,,,,,
HPE,,https://www.linkedin.com/company/hewlett-packard-enterprise,hpe,resolved,90000,90000,10,,Barcelona,2025-05,levels.fyi,https://www.levels.fyi/companies/hpe/salaries/software-engineer/locations/spain,2026-10-06,,,,,,,,,
HPE,,https://www.linkedin.com/company/hewlett-packard-enterprise,hpe,resolved,64000,86000,17,L6,Barcelona,2022-05,levels.fyi,https://www.levels.fyi/companies/hpe/salaries/software-engineer/locations/spain,2026-10-06,,,,,,,,,
HPE,,https://www.linkedin.com/company/hewlett-packard-enterprise,hpe,resolved,64000,84000,10,Senior Software Engineer,Madrid,2025-10,levels.fyi,https://www.levels.fyi/companies/hpe/salaries/software-engineer/locations/spain,2026-10-06,,,,,,,,,
HPE,,https://www.linkedin.com/company/hewlett-packard-enterprise,hpe,resolved,64000,84000,10,Senior Software Engineer,Madrid,2025-10,levels.fyi,https://www.levels.fyi/companies/hpe/salaries/software-engineer/locations/spain,2026-10-06,,,,,,,,,
HPE,,https://www.linkedin.com/company/hewlett-packard-enterprise,hpe,resolved,63000,73000,15,L4,Barcelona,2024-09,levels.fyi,https://www.levels.fyi/companies/hpe/salaries/software-engineer/locations/spain,2026-10-06,,,,,,,,,
HPE,,https://www.linkedin.com/company/hewlett-packard-enterprise,hpe,resolved,60000,67000,20,Specialist,Barcelona,2024-06,levels.fyi,https://www.levels.fyi/companies/hpe/salaries/software-engineer/locations/spain,2026-10-06,,,,,,,,,
HPE,,https://www.linkedin.com/company/hewlett-packard-enterprise,hpe,resolved,60000,63000,20,Specialist,Barcelona,2024-03,levels.fyi,https://www.levels.fyi/companies/hpe/salaries/software-engineer/locations/spain,2026-10-06,,,,,,,,,
HPE,,https://www.linkedin.com/company/hewlett-packard-enterprise,hpe,resolved,60000,60000,7,L3,Barcelona,2026-01,levels.fyi,https://www.levels.fyi/companies/hpe/salaries/software-engineer/locations/spain,2026-10-06,,,,,,,,,
HPE,,https://www.linkedin.com/company/hewlett-packard-enterprise,hpe,resolved,58000,62200,7,Specialist,Barcelona,2026-04,levels.fyi,https://www.levels.fyi/companies/hpe/salaries/software-engineer/locations/spain,2026-10-06,,,,,,,,,
HPE,,https://www.linkedin.com/company/hewlett-packard-enterprise,hpe,resolved,58000,58000,13,Specialist,Barcelona,2023-02,levels.fyi,https://www.levels.fyi/companies/hpe/salaries/software-engineer/locations/spain,2026-10-06,,,,,,,,,
HPE,,https://www.linkedin.com/company/hewlett-packard-enterprise,hpe,resolved,55800,59600,14,Specialist,Barcelona,2024-04,levels.fyi,https://www.levels.fyi/companies/hpe/salaries/software-engineer/locations/spain,2026-10-06,,,,,,,,,
HPE,,https://www.linkedin.com/company/hewlett-packard-enterprise,hpe,resolved,54000,60000,10,L2,Barcelona,2024-08,levels.fyi,https://www.levels.fyi/companies/hpe/salaries/software-engineer/locations/spain,2026-10-06,,,,,,,,,
HPE,,https://www.linkedin.com/company/hewlett-packard-enterprise,hpe,resolved,54000,54000,7,L3,Barcelona,2026-07,levels.fyi,https://www.levels.fyi/companies/hpe/salaries/software-engineer/locations/spain,2026-10-06,,,,,,,,,
HPE,,https://www.linkedin.com/company/hewlett-packard-enterprise,hpe,resolved,49000,49000,11,Specialist,Madrid,2026-01,levels.fyi,https://www.levels.fyi/companies/hpe/salaries/software-engineer/locations/spain,2026-10-06,,,,,,,,,
HPE,,https://www.linkedin.com/company/hewlett-packard-enterprise,hpe,resolved,47358,47358,12,Specialist,Barcelona,2022-11,levels.fyi,https://www.levels.fyi/companies/hpe/salaries/software-engineer/locations/spain,2026-10-06,,,,,,,,,
HPE,,https://www.linkedin.com/company/hewlett-packard-enterprise,hpe,resolved,45200,53400,22,Specialist,Barcelona,2020-02,levels.fyi,https://www.levels.fyi/companies/hpe/salaries/software-engineer/locations/spain,2026-10-06,,,,,,,,,
HPE,,https://www.linkedin.com/company/hewlett-packard-enterprise,hpe,resolved,31000,31000,5,Specialist,Madrid,2024-05,levels.fyi,https://www.levels.fyi/companies/hpe/salaries/software-engineer/locations/spain,2026-10-06,,,,,,,,,
IBM,1009,https://www.linkedin.com/company/ibm,ibm,resolved,92000,142000,10,Senior Engineer,Barcelona,2026-09,levels.fyi,https://www.levels.fyi/companies/ibm/salaries/software-engineer/locations/spain,2026-10-06,,,,,,,,,
IBM,1009,https://www.linkedin.com/company/ibm,ibm,resolved,92000,122000,15,Senior Engineer,Barcelona,2025-12,levels.fyi,https://www.levels.fyi/companies/ibm/salaries/software-engineer/locations/spain,2026-10-06,,,,,,,,,
IBM,1009,https://www.linkedin.com/company/ibm,ibm,resolved,90000,90000,23,Associate Engineer,Madrid,2022-03,levels.fyi,https://www.levels.fyi/companies/ibm/salaries/software-engineer/locations/spain,2026-10-06,,,,,,,,,
IBM,1009,https://www.linkedin.com/company/ibm,ibm,resolved,89000,89000,32,Advisory Engineer,Barcelona,2026-01,levels.fyi,https://www.levels.fyi/companies/ibm/salaries/software-engineer/locations/spain,2026-10-06,,,,,,,,,
IBM,1009,https://www.linkedin.com/company/ibm,ibm,resolved,86000,86000,10,Senior Engineer,Barcelona,2025-07,levels.fyi,https://www.levels.fyi/companies/ibm/salaries/software-engineer/locations/spain,2026-10-06,,,,,,,,,
IBM,1009,https://www.linkedin.com/company/ibm,ibm,resolved,76000,76000,15,Advisory Engineer,Madrid,2026-04,levels.fyi,https://www.levels.fyi/companies/ibm/salaries/software-engineer/locations/spain,2026-10-06,,,,,,,,,
IBM,1009,https://www.linkedin.com/company/ibm,ibm,resolved,60000,60000,5,Senior Engineer,Madrid,2025-03,levels.fyi,https://www.levels.fyi/companies/ibm/salaries/software-engineer/locations/spain,2026-10-06,,,,,,,,,
IBM,1009,https://www.linkedin.com/company/ibm,ibm,resolved,40000,40000,5,Staff Engineer,Madrid,2022-08,levels.fyi,https://www.levels.fyi/companies/ibm/salaries/software-engineer/locations/spain,2026-10-06,,,,,,,,,
IFS,164301,https://www.linkedin.com/company/ifs,ifs,resolved,60000,66000,5,Senior,Madrid,2025-08,levels.fyi,https://www.levels.fyi/companies/ifs/salaries/software-engineer/locations/spain,2026-10-06,,,,,,,,,
IKEA,2743,https://www.linkedin.com/company/ikea,ikea,resolved,67000,73000,12,Senior Software Engineer,Madrid,2024-12,levels.fyi,https://www.levels.fyi/companies/ikea/salaries/software-engineer/locations/spain,2026-10-06,,https://www.ikea.com,,Delft,NL,"10,001+",e-commerce|retail|consumer-discretionary|b2c,1943,
IKEA,2743,https://www.linkedin.com/company/ikea,ikea,resolved,62000,68000,12,Senior,Madrid,2021-03,levels.fyi,https://www.levels.fyi/companies/ikea/salaries/software-engineer/locations/spain,2026-10-06,,https://www.ikea.com,,Delft,NL,"10,001+",e-commerce|retail|consumer-discretionary|b2c,1943,
IKEA,2743,https://www.linkedin.com/company/ikea,ikea,resolved,47000,47000,14,Software Engineer,Madrid,2024-02,levels.fyi,https://www.levels.fyi/companies/ikea/salaries/software-engineer/locations/spain,2026-10-06,,https://www.ikea.com,,Delft,NL,"10,001+",e-commerce|retail|consumer-discretionary|b2c,1943,
ING,2594164,https://www.linkedin.com/company/ing,ing,resolved,60000,60000,7,L3,Madrid,2023-12,levels.fyi,https://www.levels.fyi/companies/ing/salaries/software-engineer/locations/spain,2026-10-06,,,,,,,,,
ING,2594164,https://www.linkedin.com/company/ing,ing,resolved,58400,58400,9,Software Engineer 4,Madrid,2024-04,levels.fyi,https://www.levels.fyi/companies/ing/salaries/software-engineer/locations/spain,2026-10-06,,,,,,,,,
ING,2594164,https://www.linkedin.com/company/ing,ing,resolved,57000,63000,13,Software Engineer 3,Madrid,2026-08,levels.fyi,https://www.levels.fyi/companies/ing/salaries/software-engineer/locations/spain,2026-10-06,,,,,,,,,
ING,2594164,https://www.linkedin.com/company/ing,ing,resolved,54785,58320,7,8,Madrid,2021-12,levels.fyi,https://www.levels.fyi/companies/ing/salaries/software-engineer/locations/spain,2026-10-06,,,,,,,,,
ING,2594164,https://www.linkedin.com/company/ing,ing,resolved,54000,62000,15,Software Engineer 3,Madrid,2025-08,levels.fyi,https://www.levels.fyi/companies/ing/salaries/software-engineer/locations/spain,2026-10-06,,,,,,,,,
ING,2594164,https://www.linkedin.com/company/ing,ing,resolved,52620,61390,5,Software Engineer 3,Madrid,2024-04,levels.fyi,https://www.levels.fyi/companies/ing/salaries/software-engineer/locations/spain,2026-10-06,,,,,,,,,
Intel,1053,https://www.linkedin.com/company/intel-corporation,intel,resolved,100000,111000,10,Grade 7,Barcelona,2025-06,levels.fyi,https://www.levels.fyi/companies/intel/salaries/software-engineer/locations/spain,2026-10-06,,,,,,,,,
Intel,1053,https://www.linkedin.com/company/intel-corporation,intel,resolved,75000,82000,10,Grade 7,Barcelona,2025-03,levels.fyi,https://www.levels.fyi/companies/intel/salaries/software-engineer/locations/spain,2026-10-06,,,,,,,,,
Intellias,49445,https://www.linkedin.com/company/intellias,intellias,resolved,80000,80000,8,Senior,Malaga,2025-11,levels.fyi,https://www.levels.fyi/companies/intellias/salaries/software-engineer/locations/spain,2026-10-06,,,,,,,,,
Intellias,49445,https://www.linkedin.com/company/intellias,intellias,resolved,79000,79000,5-10,Senior Software Engineer,Malaga,2024-10,levels.fyi,https://www.levels.fyi/companies/intellias/salaries/software-engineer/locations/spain,2026-10-06,,,,,,,,,
Intellias,49445,https://www.linkedin.com/company/intellias,intellias,resolved,78000,78000,8,Senior,Malaga,2026-04,levels.fyi,https://www.levels.fyi/companies/intellias/salaries/software-engineer/locations/spain,2026-10-06,,,,,,,,,
Intellias,49445,https://www.linkedin.com/company/intellias,intellias,resolved,78000,78000,7,L5,Malaga,2025-09,levels.fyi,https://www.levels.fyi/companies/intellias/salaries/software-engineer/locations/spain,2026-10-06,,,,,,,,,
Intellias,49445,https://www.linkedin.com/company/intellias,intellias,resolved,78000,78000,6,Middle,Malaga,2024-05,levels.fyi,https://www.levels.fyi/companies/intellias/salaries/software-engineer/locations/spain,2026-10-06,,,,,,,,,
Intellias,49445,https://www.linkedin.com/company/intellias,intellias,resolved,78000,78000,6,L4,Malaga,2024-03,levels.fyi,https://www.levels.fyi/companies/intellias/salaries/software-engineer/locations/spain,2026-10-06,,,,,,,,,
Intellias,49445,https://www.linkedin.com/company/intellias,intellias,resolved,70160,70160,5,L3,Madrid,2023-12,levels.fyi,https://www.levels.fyi/companies/intellias/salaries/software-engineer/locations/spain,2026-10-06,,,,,,,,,
Intellias,49445,https://www.linkedin.com/company/intellias,intellias,resolved,43850,43850,6,L3,Barcelona,2023-03,levels.fyi,https://www.levels.fyi/companies/intellias/salaries/software-engineer/locations/spain,2026-10-06,,,,,,,,,
Intellias,49445,https://www.linkedin.com/company/intellias,intellias,resolved,42000,42000,5,L3,Sevilla,2025-11,levels.fyi,https://www.levels.fyi/companies/intellias/salaries/software-engineer/locations/spain,2026-10-06,,,,,,,,,
Invent.us,,https://www.linkedin.com/company/invent-ai-for-retail,inventus,resolved,60000,60000,12,Старший,Barcelona,2026-08,levels.fyi,https://www.levels.fyi/companies/inventus/salaries/software-engineer/locations/spain,2026-10-06,,,,,,,,,
Janea Systems,,https://www.linkedin.com/company/janea-systems,janea-systems,resolved,100000,100000,9,Lead,Madrid,2026-08,levels.fyi,https://www.levels.fyi/companies/janea-systems/salaries/software-engineer/locations/spain,2026-10-06,,,,,,,,,
Janea Systems,,https://www.linkedin.com/company/janea-systems,janea-systems,resolved,60000,60000,7,,Madrid,2024-09,levels.fyi,https://www.levels.fyi/companies/janea-systems/salaries/software-engineer/locations/spain,2026-10-06,,,,,,,,,
Job&Talent,296493,https://www.linkedin.com/company/jobandtalent,jobandtalent,resolved,90000,90000,15,L06,Madrid,2023-09,levels.fyi,https://www.levels.fyi/companies/jobandtalent/salaries/software-engineer/locations/spain,2026-10-06,,,,,,,,,
Job&Talent,296493,https://www.linkedin.com/company/jobandtalent,jobandtalent,resolved,90000,90000,11+,,Madrid,2025-02,levels.fyi,https://www.levels.fyi/companies/jobandtalent/salaries/software-engineer/locations/spain,2026-10-06,,,,,,,,,
Job&Talent,296493,https://www.linkedin.com/company/jobandtalent,jobandtalent,resolved,86000,86000,12,Senior,Madrid,2024-02,levels.fyi,https://www.levels.fyi/companies/jobandtalent/salaries/software-engineer/locations/spain,2026-10-06,,,,,,,,,
Job&Talent,296493,https://www.linkedin.com/company/jobandtalent,jobandtalent,resolved,84000,84000,6,Senior,Madrid,2026-04,levels.fyi,https://www.levels.fyi/companies/jobandtalent/salaries/software-engineer/locations/spain,2026-10-06,,,,,,,,,
Job&Talent,296493,https://www.linkedin.com/company/jobandtalent,jobandtalent,resolved,84000,84000,5-10,L2,Madrid,2023-03,levels.fyi,https://www.levels.fyi/companies/jobandtalent/salaries/software-engineer/locations/spain,2026-10-06,,,,,,,,,
Job&Talent,296493,https://www.linkedin.com/company/jobandtalent,jobandtalent,resolved,78000,78000,8,Senior,Madrid,2025-01,levels.fyi,https://www.levels.fyi/companies/jobandtalent/salaries/software-engineer/locations/spain,2026-10-06,,,,,,,,,
Job&Talent,296493,https://www.linkedin.com/company/jobandtalent,jobandtalent,resolved,75000,75000,5-10,,Madrid,2022-08,levels.fyi,https://www.levels.fyi/companies/jobandtalent/salaries/software-engineer/locations/spain,2026-10-06,,,,,,,,,
Job&Talent,296493,https://www.linkedin.com/company/jobandtalent,jobandtalent,resolved,70000,70000,8,Regular,Madrid,2024-03,levels.fyi,https://www.levels.fyi/companies/jobandtalent/salaries/software-engineer/locations/spain,2026-10-06,,,,,,,,,
Job&Talent,296493,https://www.linkedin.com/company/jobandtalent,jobandtalent,resolved,65000,65000,8,Senior,Madrid,2023-08,levels.fyi,https://www.levels.fyi/companies/jobandtalent/salaries/software-engineer/locations/spain,2026-10-06,,,,,,,,,
Job&Talent,296493,https://www.linkedin.com/company/jobandtalent,jobandtalent,resolved,60000,60000,8,L5,Madrid,2023-01,levels.fyi,https://www.levels.fyi/companies/jobandtalent/salaries/software-engineer/locations/spain,2026-10-06,,,,,,,,,
JPMorgan Chase,,https://www.linkedin.com/company/jpmorganchase,jpmorgan-chase,resolved,160000,180000,6,Vice President,Madrid,2026-04,levels.fyi,https://www.levels.fyi/companies/jpmorgan-chase/salaries/software-engineer/locations/spain,2026-10-06,,,,,,,,,
JPMorgan Chase,,https://www.linkedin.com/company/jpmorganchase,jpmorgan-chase,resolved,95000,110000,15,Vice President,Madrid,2026-08,levels.fyi,https://www.levels.fyi/companies/jpmorgan-chase/salaries/software-engineer/locations/spain,2026-10-06,,,,,,,,,
JPMorgan Chase,,https://www.linkedin.com/company/jpmorganchase,jpmorgan-chase,resolved,90000,112000,5,Senior Associate,Madrid,2025-10,levels.fyi,https://www.levels.fyi/companies/jpmorgan-chase/salaries/software-engineer/locations/spain,2026-10-06,,,,,,,,,
JPMorgan Chase,,https://www.linkedin.com/company/jpmorganchase,jpmorgan-chase,resolved,70000,70000,10,Senior Associate,Madrid,2026-02,levels.fyi,https://www.levels.fyi/companies/jpmorgan-chase/salaries/software-engineer/locations/spain,2026-10-06,,,,,,,,,
Kabilio,,https://www.linkedin.com/company/kabilio,kabilio,resolved,60000,60000,6,Senior,Barcelona,2026-09,levels.fyi,https://www.levels.fyi/companies/kabilio/salaries/software-engineer/locations/spain,2026-10-06,,,,,,,,,
Keysight Technologies,3812750,https://www.linkedin.com/company/keysight-technologies,keysight,resolved,62000,66000,7,L3,Barcelona,2025-12,levels.fyi,https://www.levels.fyi/companies/keysight/salaries/software-engineer/locations/spain,2026-10-06,,,,,,,,,
Keysight Technologies,3812750,https://www.linkedin.com/company/keysight-technologies,keysight,resolved,61000,83000,16,L2,Malaga,2022-07,levels.fyi,https://www.levels.fyi/companies/keysight/salaries/software-engineer/locations/spain,2026-10-06,,,,,,,,,
Keysight Technologies,3812750,https://www.linkedin.com/company/keysight-technologies,keysight,resolved,60000,62000,6,L3,Barcelona,2025-03,levels.fyi,https://www.levels.fyi/companies/keysight/salaries/software-engineer/locations/spain,2026-10-06,,,,,,,,,
Keysight Technologies,3812750,https://www.linkedin.com/company/keysight-technologies,keysight,resolved,60000,61200,5,L4,Barcelona,2025-02,levels.fyi,https://www.levels.fyi/companies/keysight/salaries/software-engineer/locations/spain,2026-10-06,,,,,,,,,
King,230546,https://www.linkedin.com/company/king,king,resolved,85000,102000,9,Principal,Barcelona,2024-08,levels.fyi,https://www.levels.fyi/companies/king/salaries/software-engineer/locations/spain,2026-10-06,,,,,,,,,
King,230546,https://www.linkedin.com/company/king,king,resolved,80000,95000,5-10,Principal Engineer,Barcelona,2025-12,levels.fyi,https://www.levels.fyi/companies/king/salaries/software-engineer/locations/spain,2026-10-06,,,,,,,,,
King,230546,https://www.linkedin.com/company/king,king,resolved,70000,80000,11,Senior Software Engineer,Barcelona,2023-10,levels.fyi,https://www.levels.fyi/companies/king/salaries/software-engineer/locations/spain,2026-10-06,,,,,,,,,
King,230546,https://www.linkedin.com/company/king,king,resolved,63000,69500,11,Senior,Barcelona,2024-10,levels.fyi,https://www.levels.fyi/companies/king/salaries/software-engineer/locations/spain,2026-10-06,,,,,,,,,
King,230546,https://www.linkedin.com/company/king,king,resolved,62000,72000,17,Senior,Barcelona,2025-05,levels.fyi,https://www.levels.fyi/companies/king/salaries/software-engineer/locations/spain,2026-10-06,,,,,,,,,
King,230546,https://www.linkedin.com/company/king,king,resolved,60000,60000,10,Senior,Barcelona,2024-01,levels.fyi,https://www.levels.fyi/companies/king/salaries/software-engineer/locations/spain,2026-10-06,,,,,,,,,
King,230546,https://www.linkedin.com/company/king,king,resolved,55000,63000,5-10,,Barcelona,2025-12,levels.fyi,https://www.levels.fyi/companies/king/salaries/software-engineer/locations/spain,2026-10-06,,,,,,,,,
King,230546,https://www.linkedin.com/company/king,king,resolved,55000,60000,10,Senior,Barcelona,2024-04,levels.fyi,https://www.levels.fyi/companies/king/salaries/software-engineer/locations/spain,2026-10-06,,,,,,,,,
Klarna,748731,https://www.linkedin.com/company/klarna,klarna,resolved,70000,71750,15,L3,Madrid,2022-03,levels.fyi,https://www.levels.fyi/companies/klarna/salaries/software-engineer/locations/spain,2026-10-06,,,,,,,,,
Klarna,748731,https://www.linkedin.com/company/klarna,klarna,resolved,61000,66000,7,L3,Madrid,2022-11,levels.fyi,https://www.levels.fyi/companies/klarna/salaries/software-engineer/locations/spain,2026-10-06,,,,,,,,,
Klarna,748731,https://www.linkedin.com/company/klarna,klarna,resolved,60000,60000,14,L3,Madrid,2025-11,levels.fyi,https://www.levels.fyi/companies/klarna/salaries/software-engineer/locations/spain,2026-10-06,,,,,,,,,
Klarna,748731,https://www.linkedin.com/company/klarna,klarna,resolved,58000,63000,10,L3,Barcelona,2024-04,levels.fyi,https://www.levels.fyi/companies/klarna/salaries/software-engineer/locations/spain,2026-10-06,,,,,,,,,
Klarna,748731,https://www.linkedin.com/company/klarna,klarna,resolved,58000,63000,10,L3,Barcelona,2024-02,levels.fyi,https://www.levels.fyi/companies/klarna/salaries/software-engineer/locations/spain,2026-10-06,,,,,,,,,
Klarna,748731,https://www.linkedin.com/company/klarna,klarna,resolved,52000,55000,7,L2,Madrid,2024-05,levels.fyi,https://www.levels.fyi/companies/klarna/salaries/software-engineer/locations/spain,2026-10-06,,,,,,,,,
Klarna,748731,https://www.linkedin.com/company/klarna,klarna,resolved,52000,55000,6,L2,Madrid,2023-01,levels.fyi,https://www.levels.fyi/companies/klarna/salaries/software-engineer/locations/spain,2026-10-06,,,,,,,,,
Klarna,748731,https://www.linkedin.com/company/klarna,klarna,resolved,50866,55251,10,L3,Barcelona,2024-03,levels.fyi,https://www.levels.fyi/companies/klarna/salaries/software-engineer/locations/spain,2026-10-06,,,,,,,,,
Kraken,3787845,https://www.linkedin.com/company/krakenfx,kraken,resolved,84000,84000,10,L3,Madrid,2020-09,levels.fyi,https://www.levels.fyi/companies/kraken/salaries/software-engineer/locations/spain,2026-10-06,,,,,,,,,
Lucid Software,1214453,https://www.linkedin.com/company/lucidsoftware,lucid,resolved,76000,86000,10,Senior Software Engineer 1,Sevilla,2025-05,levels.fyi,https://www.levels.fyi/companies/lucid/salaries/software-engineer/locations/spain,2026-10-06,,,,,,,,,
Manychat,11058494,https://www.linkedin.com/company/manychat,manychat,resolved,112000,120000,20,L3,Barcelona,2024-09,levels.fyi,https://www.levels.fyi/companies/manychat/salaries/software-engineer/locations/spain,2026-10-06,,,,,,,,,
Manychat,11058494,https://www.linkedin.com/company/manychat,manychat,resolved,100000,100000,10,Senior Backend Engineer,Barcelona,2025-06,levels.fyi,https://www.levels.fyi/companies/manychat/salaries/software-engineer/locations/spain,2026-10-06,,,,,,,,,
Manychat,11058494,https://www.linkedin.com/company/manychat,manychat,resolved,90000,90000,15,L3,Barcelona,2026-02,levels.fyi,https://www.levels.fyi/companies/manychat/salaries/software-engineer/locations/spain,2026-10-06,,,,,,,,,
Manychat,11058494,https://www.linkedin.com/company/manychat,manychat,resolved,90000,90000,10,L5,Barcelona,2024-07,levels.fyi,https://www.levels.fyi/companies/manychat/salaries/software-engineer/locations/spain,2026-10-06,,,,,,,,,
Manychat,11058494,https://www.linkedin.com/company/manychat,manychat,resolved,85000,87500,10,Senior,Barcelona,2026-03,levels.fyi,https://www.levels.fyi/companies/manychat/salaries/software-engineer/locations/spain,2026-10-06,,,,,,,,,
Manychat,11058494,https://www.linkedin.com/company/manychat,manychat,resolved,81000,81000,7,Senior,Barcelona,2026-03,levels.fyi,https://www.levels.fyi/companies/manychat/salaries/software-engineer/locations/spain,2026-10-06,,,,,,,,,
Manychat,11058494,https://www.linkedin.com/company/manychat,manychat,resolved,75000,75000,5,Senior,Barcelona,2025-04,levels.fyi,https://www.levels.fyi/companies/manychat/salaries/software-engineer/locations/spain,2026-10-06,,,,,,,,,
Manychat,11058494,https://www.linkedin.com/company/manychat,manychat,resolved,72000,72000,10,L3,Barcelona,2025-01,levels.fyi,https://www.levels.fyi/companies/manychat/salaries/software-engineer/locations/spain,2026-10-06,,,,,,,,,
Manychat,11058494,https://www.linkedin.com/company/manychat,manychat,resolved,72000,72000,7,L3,Barcelona,2023-02,levels.fyi,https://www.levels.fyi/companies/manychat/salaries/software-engineer/locations/spain,2026-10-06,,,,,,,,,
Manychat,11058494,https://www.linkedin.com/company/manychat,manychat,resolved,71000,71000,5-10,,Barcelona,2024-05,levels.fyi,https://www.levels.fyi/companies/manychat/salaries/software-engineer/locations/spain,2026-10-06,,,,,,,,,
Materialise,,https://www.linkedin.com/company/materialise,materialise,resolved,63000,63000,29,,Barcelona,2026-07,levels.fyi,https://www.levels.fyi/companies/materialise/salaries/software-engineer/locations/spain,2026-10-06,,,,,,,,,
Materialise,,https://www.linkedin.com/company/materialise,materialise,resolved,63000,63000,29,Senior,Barcelona,2026-05,levels.fyi,https://www.levels.fyi/companies/materialise/salaries/software-engineer/locations/spain,2026-10-06,,,,,,,,,
Materialise,,https://www.linkedin.com/company/materialise,materialise,resolved,60800,60800,10,,Barcelona,2026-09,levels.fyi,https://www.levels.fyi/companies/materialise/salaries/software-engineer/locations/spain,2026-10-06,,,,,,,,,
Materialise,,https://www.linkedin.com/company/materialise,materialise,resolved,45000,45000,7,,Barcelona,2025-09,levels.fyi,https://www.levels.fyi/companies/materialise/salaries/software-engineer/locations/spain,2026-10-06,,,,,,,,,
Medallia,49697,https://www.linkedin.com/company/medallia-inc.,medallia,resolved,100000,100000,5,L5,Madrid,2026-02,levels.fyi,https://www.levels.fyi/companies/medallia/salaries/software-engineer/locations/spain,2026-10-06,,,,,,,,,
Medallia,49697,https://www.linkedin.com/company/medallia-inc.,medallia,resolved,100000,100000,5,L5,Madrid,2025-04,levels.fyi,https://www.levels.fyi/companies/medallia/salaries/software-engineer/locations/spain,2026-10-06,,,,,,,,,
Medallia,49697,https://www.linkedin.com/company/medallia-inc.,medallia,resolved,93000,93000,15,Staff,Madrid,2023-02,levels.fyi,https://www.levels.fyi/companies/medallia/salaries/software-engineer/locations/spain,2026-10-06,,,,,,,,,
Medallia,49697,https://www.linkedin.com/company/medallia-inc.,medallia,resolved,91000,91000,15,Staff Engineer,Madrid,2025-02,levels.fyi,https://www.levels.fyi/companies/medallia/salaries/software-engineer/locations/spain,2026-10-06,,,,,,,,,
Medallia,49697,https://www.linkedin.com/company/medallia-inc.,medallia,resolved,90000,90000,10,Staff Engineer,Madrid,2025-03,levels.fyi,https://www.levels.fyi/companies/medallia/salaries/software-engineer/locations/spain,2026-10-06,,,,,,,,,
Medallia,49697,https://www.linkedin.com/company/medallia-inc.,medallia,resolved,55000,55000,7,L2,Madrid,2022-08,levels.fyi,https://www.levels.fyi/companies/medallia/salaries/software-engineer/locations/spain,2026-10-06,,,,,,,,,
Mercadona,,https://www.linkedin.com/company/mercadona,mercadona,resolved,70000,70000,5,E2,Madrid,2026-08,levels.fyi,https://www.levels.fyi/companies/mercadona/salaries/software-engineer/locations/spain,2026-10-06,,,,,,,,,
Mercadona,,https://www.linkedin.com/company/mercadona,mercadona,resolved,70000,70000,5-10,Senior,Valencia,2026-08,levels.fyi,https://www.levels.fyi/companies/mercadona/salaries/software-engineer/locations/spain,2026-10-06,,,,,,,,,
Mercadona,,https://www.linkedin.com/company/mercadona,mercadona,resolved,68000,73000,5-10,,Madrid,2023-08,levels.fyi,https://www.levels.fyi/companies/mercadona/salaries/software-engineer/locations/spain,2026-10-06,,,,,,,,,
Mercadona,,https://www.linkedin.com/company/mercadona,mercadona,resolved,51000,56000,6,Mid,Valencia,2026-05,levels.fyi,https://www.levels.fyi/companies/mercadona/salaries/software-engineer/locations/spain,2026-10-06,,,,,,,,,
Mercadona,,https://www.linkedin.com/company/mercadona,mercadona,resolved,50000,57600,5,T3,Santander,2026-01,levels.fyi,https://www.levels.fyi/companies/mercadona/salaries/software-engineer/locations/spain,2026-10-06,,,,,,,,,
Mercadona,,https://www.linkedin.com/company/mercadona,mercadona,resolved,50000,50000,6,L3,Valencia,2024-04,levels.fyi,https://www.levels.fyi/companies/mercadona/salaries/software-engineer/locations/spain,2026-10-06,,,,,,,,,
Mercadona,,https://www.linkedin.com/company/mercadona,mercadona,resolved,48000,48000,7,L3,Valencia,2026-10,levels.fyi,https://www.levels.fyi/companies/mercadona/salaries/software-engineer/locations/spain,2026-10-06,,,,,,,,,
Mercadona,,https://www.linkedin.com/company/mercadona,mercadona,resolved,46000,46000,7,L3,Vigo,2026-06,levels.fyi,https://www.levels.fyi/companies/mercadona/salaries/software-engineer/locations/spain,2026-10-06,,,,,,,,,
Mercadona,,https://www.linkedin.com/company/mercadona,mercadona,resolved,45000,45000,15,Senior,Madrid,2023-11,levels.fyi,https://www.levels.fyi/companies/mercadona/salaries/software-engineer/locations/spain,2026-10-06,,,,,,,,,
Mercadona,,https://www.linkedin.com/company/mercadona,mercadona,resolved,44000,47600,5-10,,Valencia,2023-09,levels.fyi,https://www.levels.fyi/companies/mercadona/salaries/software-engineer/locations/spain,2026-10-06,,,,,,,,,
Mercadona,,https://www.linkedin.com/company/mercadona,mercadona,resolved,34400,34400,5-10,,Valencia,2026-01,levels.fyi,https://www.levels.fyi/companies/mercadona/salaries/software-engineer/locations/spain,2026-10-06,,,,,,,,,
Meta,10667|78833680,https://www.linkedin.com/company/facebook,facebook,resolved,140000,920000,25,E6,Barcelona,2026-01,levels.fyi,https://www.levels.fyi/companies/meta/salaries/software-engineer/locations/spain,2026-10-06,,,,,,,,,
Meta,10667|78833680,https://www.linkedin.com/company/facebook,facebook,resolved,130000,356000,10,E6,Madrid,2022-04,levels.fyi,https://www.levels.fyi/companies/meta/salaries/software-engineer/locations/spain,2026-10-06,,,,,,,,,
Meta,10667|78833680,https://www.linkedin.com/company/facebook,facebook,resolved,126000,348000,15,E6,Valencia,2022-11,levels.fyi,https://www.levels.fyi/companies/meta/salaries/software-engineer/locations/spain,2026-10-06,,,,,,,,,
Meta,10667|78833680,https://www.linkedin.com/company/facebook,facebook,resolved,110000,256000,15,E5,Madrid,2024-10,levels.fyi,https://www.levels.fyi/companies/meta/salaries/software-engineer/locations/spain,2026-10-06,,,,,,,,,
Meta,10667|78833680,https://www.linkedin.com/company/facebook,facebook,resolved,107000,237000,12,E5,Barcelona,2023-11,levels.fyi,https://www.levels.fyi/companies/meta/salaries/software-engineer/locations/spain,2026-10-06,,,,,,,,,
Meta,10667|78833680,https://www.linkedin.com/company/facebook,facebook,resolved,107000,186000,12,E5,Barcelona,2023-05,levels.fyi,https://www.levels.fyi/companies/meta/salaries/software-engineer/locations/spain,2026-10-06,,,,,,,,,
Meta,10667|78833680,https://www.linkedin.com/company/facebook,facebook,resolved,105000,170750,10,E5,Madrid,2023-01,levels.fyi,https://www.levels.fyi/companies/facebook/salaries/software-engineer/locations/spain,2026-10-06,,,,,,,,,
Meta,10667|78833680,https://www.linkedin.com/company/facebook,facebook,resolved,103000,171000,22,E5,Valencia,2023-02,levels.fyi,https://www.levels.fyi/companies/meta/salaries/software-engineer/locations/spain,2026-10-06,,,,,,,,,
Meta,10667|78833680,https://www.linkedin.com/company/facebook,facebook,resolved,103000,168000,13,E5,Barcelona,2023-05,levels.fyi,https://www.levels.fyi/companies/meta/salaries/software-engineer/locations/spain,2026-10-06,,,,,,,,,
Meta,10667|78833680,https://www.linkedin.com/company/facebook,facebook,resolved,100000,167000,16,E5,Madrid,2022-03,levels.fyi,https://www.levels.fyi/companies/meta/salaries/software-engineer/locations/spain,2026-10-06,,,,,,,,,
Meta,10667|78833680,https://www.linkedin.com/company/facebook,facebook,resolved,100000,100000,20,E5,Valencia,2024-01,levels.fyi,https://www.levels.fyi/companies/meta/salaries/software-engineer/locations/spain,2026-10-06,,,,,,,,,
Meta,10667|78833680,https://www.linkedin.com/company/facebook,facebook,resolved,79000,129600,5,E4,Madrid,2022-06,levels.fyi,https://www.levels.fyi/companies/meta/salaries/software-engineer/locations/spain,2026-10-06,,,,,,,,,
Mews,2574959,https://www.linkedin.com/company/mewssystems,mews,resolved,80000,90000,6,L3,Barcelona,2026-04,levels.fyi,https://www.levels.fyi/companies/mews/salaries/software-engineer/locations/spain,2026-10-06,,,,,,,,,
Mews,2574959,https://www.linkedin.com/company/mewssystems,mews,resolved,80000,90000,5,L3,Barcelona,2025-06,levels.fyi,https://www.levels.fyi/companies/mews/salaries/software-engineer/locations/spain,2026-10-06,,,,,,,,,
Mews,2574959,https://www.linkedin.com/company/mewssystems,mews,resolved,72000,72000,6,IC4,Barcelona,2025-01,levels.fyi,https://www.levels.fyi/companies/mews/salaries/software-engineer/locations/spain,2026-10-06,,,,,,,,,
Mews,2574959,https://www.linkedin.com/company/mewssystems,mews,resolved,67000,69000,7,L3,Madrid,2026-07,levels.fyi,https://www.levels.fyi/companies/mews/salaries/software-engineer/locations/spain,2026-10-06,,,,,,,,,
Mews,2574959,https://www.linkedin.com/company/mewssystems,mews,resolved,67000,67000,6,L3,Malaga,2026-07,levels.fyi,https://www.levels.fyi/companies/mews/salaries/software-engineer/locations/spain,2026-10-06,,,,,,,,,
Mews,2574959,https://www.linkedin.com/company/mewssystems,mews,resolved,67000,67000,5-10,,Barcelona,2026-07,levels.fyi,https://www.levels.fyi/companies/mews/salaries/software-engineer/locations/spain,2026-10-06,,,,,,,,,
Mews,2574959,https://www.linkedin.com/company/mewssystems,mews,resolved,60200,60200,12,IC3,Barcelona,2026-07,levels.fyi,https://www.levels.fyi/companies/mews/salaries/software-engineer/locations/spain,2026-10-06,,,,,,,,,
Mews,2574959,https://www.linkedin.com/company/mewssystems,mews,resolved,59000,59000,10,IC3,Madrid,2025-09,levels.fyi,https://www.levels.fyi/companies/mews/salaries/software-engineer/locations/spain,2026-10-06,,,,,,,,,
Mews,2574959,https://www.linkedin.com/company/mewssystems,mews,resolved,57000,57000,8,IC3,Barcelona,2024-10,levels.fyi,https://www.levels.fyi/companies/mews/salaries/software-engineer/locations/spain,2026-10-06,,,,,,,,,
MGM Resorts International,,https://www.linkedin.com/company/mgm-resorts-international,mgm-resorts-international,resolved,55000,55000,9,Mid,Malaga,2026-09,levels.fyi,https://www.levels.fyi/companies/mgm-resorts-international/salaries/software-engineer/locations/spain,2026-10-06,,,,,,,,,
MGM Resorts International,,https://www.linkedin.com/company/mgm-resorts-international,mgm-resorts-international,resolved,50000,50000,9,C3,Malaga,2025-01,levels.fyi,https://www.levels.fyi/companies/mgm-resorts-international/salaries/software-engineer/locations/spain,2026-10-06,,,,,,,,,
Microsoft,1035,https://www.linkedin.com/company/microsoft,microsoft,resolved,128000,178000,7,Principal SDE,Madrid,2026-08,levels.fyi,https://www.levels.fyi/companies/microsoft/salaries/software-engineer/locations/spain,2026-10-06,,,,,,,,,
Microsoft,1035,https://www.linkedin.com/company/microsoft,microsoft,resolved,117000,224000,19,Principal SDE,Barcelona,2025-08,levels.fyi,https://www.levels.fyi/companies/microsoft/salaries/software-engineer/locations/spain,2026-10-06,,,,,,,,,
Microsoft,1035,https://www.linkedin.com/company/microsoft,microsoft,resolved,110000,175000,13,Principal SDE,Barcelona,2025-10,levels.fyi,https://www.levels.fyi/companies/microsoft/salaries/software-engineer/locations/spain,2026-10-06,,,,,,,,,
Microsoft,1035,https://www.linkedin.com/company/microsoft,microsoft,resolved,109000,177000,12,Principal SDE,Barcelona,2026-06,levels.fyi,https://www.levels.fyi/companies/microsoft/salaries/software-engineer/locations/spain,2026-10-06,,,,,,,,,
Microsoft,1035,https://www.linkedin.com/company/microsoft,microsoft,resolved,109000,161000,8,Principal SDE,Madrid,2026-06,levels.fyi,https://www.levels.fyi/companies/microsoft/salaries/software-engineer/locations/spain,2026-10-06,,,,,,,,,
Microsoft,1035,https://www.linkedin.com/company/microsoft,microsoft,resolved,108000,176000,10,Principal SDE,Madrid,2025-08,levels.fyi,https://www.levels.fyi/companies/microsoft/salaries/software-engineer/locations/spain,2026-10-06,,,,,,,,,
Microsoft,1035,https://www.linkedin.com/company/microsoft,microsoft,resolved,103000,140000,17,64,Madrid,2024-09,levels.fyi,https://www.levels.fyi/companies/microsoft/salaries/software-engineer/locations/spain,2026-10-06,,,,,,,,,
Microsoft,1035,https://www.linkedin.com/company/microsoft,microsoft,resolved,101000,159000,25,64,Barcelona,2025-08,levels.fyi,https://www.levels.fyi/companies/microsoft/salaries/software-engineer/locations/spain,2026-10-06,,,,,,,,,
Microsoft,1035,https://www.linkedin.com/company/microsoft,microsoft,resolved,100000,140000,12,64,Barcelona,2024-06,levels.fyi,https://www.levels.fyi/companies/microsoft/salaries/software-engineer/locations/spain,2026-10-06,,,,,,,,,
Microsoft,1035,https://www.linkedin.com/company/microsoft,microsoft,resolved,100000,140000,8,64,Madrid,2024-01,levels.fyi,https://www.levels.fyi/companies/microsoft/salaries/software-engineer/locations/spain,2026-10-06,,,,,,,,,
Microsoft,1035,https://www.linkedin.com/company/microsoft,microsoft,resolved,100000,130000,10,64,Barcelona,2023-04,levels.fyi,https://www.levels.fyi/companies/microsoft/salaries/software-engineer/locations/spain,2026-10-06,,,,,,,,,
Microsoft,1035,https://www.linkedin.com/company/microsoft,microsoft,resolved,95000,165000,12,64,Madrid,2023-05,levels.fyi,https://www.levels.fyi/companies/microsoft/salaries/software-engineer/locations/spain,2026-10-06,,,,,,,,,
Microsoft,1035,https://www.linkedin.com/company/microsoft,microsoft,resolved,95000,140000,28,64,Barcelona,2026-08,levels.fyi,https://www.levels.fyi/companies/microsoft/salaries/software-engineer/locations/spain,2026-10-06,,,,,,,,,
Microsoft,1035,https://www.linkedin.com/company/microsoft,microsoft,resolved,94000,219000,18,64,Barcelona,2024-04,levels.fyi,https://www.levels.fyi/companies/microsoft/salaries/software-engineer/locations/spain,2026-10-06,,,,,,,,,
Microsoft,1035,https://www.linkedin.com/company/microsoft,microsoft,resolved,94000,164100,8,Senior SDE,Barcelona,2024-11,levels.fyi,https://www.levels.fyi/companies/microsoft/salaries/software-engineer/locations/spain,2026-10-06,,,,,,,,,
Microsoft,1035,https://www.linkedin.com/company/microsoft,microsoft,resolved,94000,152000,17,64,Barcelona,2023-02,levels.fyi,https://www.levels.fyi/companies/microsoft/salaries/software-engineer/locations/spain,2026-10-06,,,,,,,,,
Microsoft,1035,https://www.linkedin.com/company/microsoft,microsoft,resolved,94000,119000,10,64,Barcelona,2026-06,levels.fyi,https://www.levels.fyi/companies/microsoft/salaries/software-engineer/locations/spain,2026-10-06,,,,,,,,,
Microsoft,1035,https://www.linkedin.com/company/microsoft,microsoft,resolved,92000,135000,10,64,Barcelona,2025-07,levels.fyi,https://www.levels.fyi/companies/microsoft/salaries/software-engineer/locations/spain,2026-10-06,,,,,,,,,
Microsoft,1035,https://www.linkedin.com/company/microsoft,microsoft,resolved,92000,132000,15,64,Barcelona,2026-09,levels.fyi,https://www.levels.fyi/companies/microsoft/salaries/software-engineer/locations/spain,2026-10-06,,,,,,,,,
Microsoft,1035,https://www.linkedin.com/company/microsoft,microsoft,resolved,92000,124000,9,Senior SDE,Barcelona,2025-05,levels.fyi,https://www.levels.fyi/companies/microsoft/salaries/software-engineer/locations/spain,2026-10-06,,,,,,,,,
Microsoft,1035,https://www.linkedin.com/company/microsoft,microsoft,resolved,90000,120000,13,64,Barcelona,2025-08,levels.fyi,https://www.levels.fyi/companies/microsoft/salaries/software-engineer/locations/spain,2026-10-06,,,,,,,,,
Microsoft,1035,https://www.linkedin.com/company/microsoft,microsoft,resolved,88000,133000,10,63,Barcelona,2024-10,levels.fyi,https://www.levels.fyi/companies/microsoft/salaries/software-engineer/locations/spain,2026-10-06,,,,,,,,,
Microsoft,1035,https://www.linkedin.com/company/microsoft,microsoft,resolved,87000,118000,14,Senior SDE,Barcelona,2025-09,levels.fyi,https://www.levels.fyi/companies/microsoft/salaries/software-engineer/locations/spain,2026-10-06,,,,,,,,,
Microsoft,1035,https://www.linkedin.com/company/microsoft,microsoft,resolved,83000,123000,25,64,Barcelona,2022-07,levels.fyi,https://www.levels.fyi/companies/microsoft/salaries/software-engineer/locations/spain,2026-10-06,,,,,,,,,
Microsoft,1035,https://www.linkedin.com/company/microsoft,microsoft,resolved,82000,148000,15,Principal SDE,Madrid,2025-02,levels.fyi,https://www.levels.fyi/companies/microsoft/salaries/software-engineer/locations/spain,2026-10-06,,,,,,,,,
Microsoft,1035,https://www.linkedin.com/company/microsoft,microsoft,resolved,80317,106640,8,62,Barcelona,2026-05,levels.fyi,https://www.levels.fyi/companies/microsoft/salaries/software-engineer/locations/spain,2026-10-06,,,,,,,,,
Microsoft,1035,https://www.linkedin.com/company/microsoft,microsoft,resolved,80000,118000,13,62,Barcelona,2024-01,levels.fyi,https://www.levels.fyi/companies/microsoft/salaries/software-engineer/locations/spain,2026-10-06,,,,,,,,,
Microsoft,1035,https://www.linkedin.com/company/microsoft,microsoft,resolved,78000,103450,20,Senior SDE,Barcelona,2024-04,levels.fyi,https://www.levels.fyi/companies/microsoft/salaries/software-engineer/locations/spain,2026-10-06,,,,,,,,,
Microsoft,1035,https://www.linkedin.com/company/microsoft,microsoft,resolved,77000,139000,5,62,Barcelona,2022-08,levels.fyi,https://www.levels.fyi/companies/microsoft/salaries/software-engineer/locations/spain,2026-10-06,,,,,,,,,
Microsoft,1035,https://www.linkedin.com/company/microsoft,microsoft,resolved,77000,132250,5,62,Barcelona,2022-06,levels.fyi,https://www.levels.fyi/companies/microsoft/salaries/software-engineer/locations/spain,2026-10-06,,,,,,,,,
Microsoft,1035,https://www.linkedin.com/company/microsoft,microsoft,resolved,75000,124000,12,62,Barcelona,2022-08,levels.fyi,https://www.levels.fyi/companies/microsoft/salaries/software-engineer/locations/spain,2026-10-06,,,,,,,,,
Microsoft,1035,https://www.linkedin.com/company/microsoft,microsoft,resolved,74000,107000,12,62,Barcelona,2023-02,levels.fyi,https://www.levels.fyi/companies/microsoft/salaries/software-engineer/locations/spain,2026-10-06,,,,,,,,,
Microsoft,1035,https://www.linkedin.com/company/microsoft,microsoft,resolved,70160,127165,12,Senior SDE,Barcelona,2023-01,levels.fyi,https://www.levels.fyi/companies/microsoft/salaries/software-engineer/locations/spain,2026-10-06,,,,,,,,,
Microsoft,1035,https://www.linkedin.com/company/microsoft,microsoft,resolved,67000,95000,7,62,Barcelona,2025-04,levels.fyi,https://www.levels.fyi/companies/microsoft/salaries/software-engineer/locations/spain,2026-10-06,,,,,,,,,
Microsoft,1035,https://www.linkedin.com/company/microsoft,microsoft,resolved,67000,87000,7,62,Barcelona,2026-01,levels.fyi,https://www.levels.fyi/companies/microsoft/salaries/software-engineer/locations/spain,2026-10-06,,,,,,,,,
Microsoft,1035,https://www.linkedin.com/company/microsoft,microsoft,resolved,62267,105766,7,62,Barcelona,2022-09,levels.fyi,https://www.levels.fyi/companies/microsoft/salaries/software-engineer/locations/spain,2026-10-06,,,,,,,,,
Microsoft,1035,https://www.linkedin.com/company/microsoft,microsoft,resolved,60000,72000,9,SDE,Barcelona,2025-03,levels.fyi,https://www.levels.fyi/companies/microsoft/salaries/software-engineer/locations/spain,2026-10-06,,,,,,,,,
Microsoft,1035,https://www.linkedin.com/company/microsoft,microsoft,resolved,60000,60000,5,SDE,Madrid,2023-02,levels.fyi,https://www.levels.fyi/companies/microsoft/salaries/software-engineer/locations/spain,2026-10-06,,,,,,,,,
Microsoft,1035,https://www.linkedin.com/company/microsoft,microsoft,resolved,59636,116641,7,SDE II,Barcelona,2024-04,levels.fyi,https://www.levels.fyi/companies/microsoft/salaries/software-engineer/locations/spain,2026-10-06,,,,,,,,,
Microsoft,1035,https://www.linkedin.com/company/microsoft,microsoft,resolved,55000,95000,6,60,Barcelona,2025-03,levels.fyi,https://www.levels.fyi/companies/microsoft/salaries/software-engineer/locations/spain,2026-10-06,,,,,,,,,
Microsoft,1035,https://www.linkedin.com/company/microsoft,microsoft,resolved,55000,80000,5,60,Barcelona,2024-05,levels.fyi,https://www.levels.fyi/companies/microsoft/salaries/software-engineer/locations/spain,2026-10-06,,,,,,,,,
Microsoft,1035,https://www.linkedin.com/company/microsoft,microsoft,resolved,54000,72000,5,SDE II,Barcelona,2026-02,levels.fyi,https://www.levels.fyi/companies/microsoft/salaries/software-engineer/locations/spain,2026-10-06,,,,,,,,,
Midokura,,https://www.linkedin.com/company/midokura,midokura,resolved,85000,170000,12,L3,Barcelona,2022-05,levels.fyi,https://www.levels.fyi/companies/midokura/salaries/software-engineer/locations/spain,2026-10-06,,,,,,,,,
Midokura,,https://www.linkedin.com/company/midokura,midokura,resolved,74000,77000,12,L3,Barcelona,2026-09,levels.fyi,https://www.levels.fyi/companies/midokura/salaries/software-engineer/locations/spain,2026-10-06,,,,,,,,,
Midokura,,https://www.linkedin.com/company/midokura,midokura,resolved,47000,51700,6,L2,Barcelona,2021-04,levels.fyi,https://www.levels.fyi/companies/midokura/salaries/software-engineer/locations/spain,2026-10-06,,,,,,,,,
Mirantis,7793,https://www.linkedin.com/company/mirantis,mirantis,resolved,100000,100000,7,L3,Madrid,2025-11,levels.fyi,https://www.levels.fyi/companies/mirantis/salaries/software-engineer/locations/spain,2026-10-06,,,,,,,,,
Mirantis,7793,https://www.linkedin.com/company/mirantis,mirantis,resolved,81000,81000,10,Senior Engineer,Madrid,2026-03,levels.fyi,https://www.levels.fyi/companies/mirantis/salaries/software-engineer/locations/spain,2026-10-06,,,,,,,,,
Mirantis,7793,https://www.linkedin.com/company/mirantis,mirantis,resolved,80000,80000,10,Senior,Madrid,2025-04,levels.fyi,https://www.levels.fyi/companies/mirantis/salaries/software-engineer/locations/spain,2026-10-06,,,,,,,,,
Mirantis,7793,https://www.linkedin.com/company/mirantis,mirantis,resolved,80000,80000,10,Senior,Madrid,2025-01,levels.fyi,https://www.levels.fyi/companies/mirantis/salaries/software-engineer/locations/spain,2026-10-06,,,,,,,,,
Mirantis,7793,https://www.linkedin.com/company/mirantis,mirantis,resolved,65000,65000,7,L4,Madrid,2023-07,levels.fyi,https://www.levels.fyi/companies/mirantis/salaries/software-engineer/locations/spain,2026-10-06,,,,,,,,,
Mirantis,7793,https://www.linkedin.com/company/mirantis,mirantis,resolved,55000,55000,5,L2,Valencia,2024-01,levels.fyi,https://www.levels.fyi/companies/mirantis/salaries/software-engineer/locations/spain,2026-10-06,,,,,,,,,
Mitek Systems,395288,https://www.linkedin.com/company/miteksystems,mitek-systems,resolved,83000,104000,11+,,Barcelona,2023-01,levels.fyi,https://www.levels.fyi/companies/mitek-systems/salaries/software-engineer/locations/spain,2026-10-06,,,,,,,,,
Mitek Systems,395288,https://www.linkedin.com/company/miteksystems,mitek-systems,resolved,80000,91000,10,L3,Barcelona,2025-09,levels.fyi,https://www.levels.fyi/companies/mitek-systems/salaries/software-engineer/locations/spain,2026-10-06,,,,,,,,,
Mitek Systems,395288,https://www.linkedin.com/company/miteksystems,mitek-systems,resolved,75000,80000,14,Senior Machine Learning Engineer,Barcelona,2025-11,levels.fyi,https://www.levels.fyi/companies/mitek-systems/salaries/software-engineer/locations/spain,2026-10-06,,,,,,,,,
Mitek Systems,395288,https://www.linkedin.com/company/miteksystems,mitek-systems,resolved,71000,81000,15,Senior,Barcelona,2022-04,levels.fyi,https://www.levels.fyi/companies/mitek-systems/salaries/software-engineer/locations/spain,2026-10-06,,,,,,,,,
Mitek Systems,395288,https://www.linkedin.com/company/miteksystems,mitek-systems,resolved,70000,85000,6,Senior,Barcelona,2025-10,levels.fyi,https://www.levels.fyi/companies/mitek-systems/salaries/software-engineer/locations/spain,2026-10-06,,,,,,,,,
Mitek Systems,395288,https://www.linkedin.com/company/miteksystems,mitek-systems,resolved,68000,68000,5,Senior,Barcelona,2023-03,levels.fyi,https://www.levels.fyi/companies/mitek-systems/salaries/software-engineer/locations/spain,2026-10-06,,,,,,,,,
Mitek Systems,395288,https://www.linkedin.com/company/miteksystems,mitek-systems,resolved,66000,76000,5-10,L3,Barcelona,2023-02,levels.fyi,https://www.levels.fyi/companies/mitek-systems/salaries/software-engineer/locations/spain,2026-10-06,,,,,,,,,
Mitek Systems,395288,https://www.linkedin.com/company/miteksystems,mitek-systems,resolved,65000,69000,7,L3,Barcelona,2025-11,levels.fyi,https://www.levels.fyi/companies/mitek-systems/salaries/software-engineer/locations/spain,2026-10-06,,,,,,,,,
Mitek Systems,395288,https://www.linkedin.com/company/miteksystems,mitek-systems,resolved,64000,66000,5,Senior,Barcelona,2026-08,levels.fyi,https://www.levels.fyi/companies/mitek-systems/salaries/software-engineer/locations/spain,2026-10-06,,,,,,,,,
Mitek Systems,395288,https://www.linkedin.com/company/miteksystems,mitek-systems,resolved,52000,52000,5,Mid,Barcelona,2024-12,levels.fyi,https://www.levels.fyi/companies/mitek-systems/salaries/software-engineer/locations/spain,2026-10-06,,,,,,,,,
Mitek Systems,395288,https://www.linkedin.com/company/miteksystems,mitek-systems,resolved,50000,55000,7,,Barcelona,2025-01,levels.fyi,https://www.levels.fyi/companies/mitek-systems/salaries/software-engineer/locations/spain,2026-10-06,,,,,,,,,
Mitek Systems,395288,https://www.linkedin.com/company/miteksystems,mitek-systems,resolved,45000,59600,5,,Barcelona,2022-07,levels.fyi,https://www.levels.fyi/companies/mitek-systems/salaries/software-engineer/locations/spain,2026-10-06,,,,,,,,,
Mobalytics,,https://www.linkedin.com/company/mobalytics,mobalytics,resolved,150000,150000,17,L3,Bilbao,2026-09,levels.fyi,https://www.levels.fyi/companies/mobalytics/salaries/software-engineer/locations/spain,2026-10-06,,,,,,,,,
Monzo,,https://www.linkedin.com/company/monzo,monzo,resolved,82000,82000,5,L3,Barcelona,2026-08,levels.fyi,https://www.levels.fyi/companies/monzo/salaries/software-engineer/locations/spain,2026-10-06,,,,,,,,,
Monzo,,https://www.linkedin.com/company/monzo,monzo,resolved,80000,80000,5,L3,Barcelona,2026-08,levels.fyi,https://www.levels.fyi/companies/monzo/salaries/software-engineer/locations/spain,2026-10-06,,,,,,,,,
Monzo,,https://www.linkedin.com/company/monzo,monzo,resolved,65000,65000,6,L2,Barcelona,2026-06,levels.fyi,https://www.levels.fyi/companies/monzo/salaries/software-engineer/locations/spain,2026-10-06,,,,,,,,,
MoonPay,12596773,https://www.linkedin.com/company/moonpay,moonpay,resolved,80000,92250,6,Senior,Madrid,2025-10,levels.fyi,https://www.levels.fyi/companies/moonpay/salaries/software-engineer/locations/spain,2026-10-06,,,,,,,,,
MoonPay,12596773,https://www.linkedin.com/company/moonpay,moonpay,resolved,60000,80000,5,L3,Madrid,2025-04,levels.fyi,https://www.levels.fyi/companies/moonpay/salaries/software-engineer/locations/spain,2026-10-06,,,,,,,,,
Mozilla,13948,https://www.linkedin.com/company/mozilla-corporation,mozilla,resolved,78000,103000,14,P4,Madrid,2020-09,levels.fyi,https://www.levels.fyi/companies/mozilla/salaries/software-engineer/locations/spain,2026-10-06,,,,,,,,,
Multiverse Computing,18863453,https://www.linkedin.com/company/multiversecomputing,multiverse-computing,resolved,60000,60000,5-10,L5,San Sebastian,2024-01,levels.fyi,https://www.levels.fyi/companies/multiverse-computing/salaries/software-engineer/locations/spain,2026-10-06,,,,,,,,,
Multiverse Computing,18863453,https://www.linkedin.com/company/multiversecomputing,multiverse-computing,resolved,55000,62000,8,L5,San Sebastian,2023-09,levels.fyi,https://www.levels.fyi/companies/multiverse-computing/salaries/software-engineer/locations/spain,2026-10-06,,,,,,,,,
Multiverse Computing,18863453,https://www.linkedin.com/company/multiversecomputing,multiverse-computing,resolved,55000,61000,5-10,L2,Madrid,2026-06,levels.fyi,https://www.levels.fyi/companies/multiverse-computing/salaries/software-engineer/locations/spain,2026-10-06,,,,,,,,,
Multiverse Computing,18863453,https://www.linkedin.com/company/multiversecomputing,multiverse-computing,resolved,45000,49400,5-10,L1,San Sebastian,2026-09,levels.fyi,https://www.levels.fyi/companies/multiverse-computing/salaries/software-engineer/locations/spain,2026-10-06,,,,,,,,,
Multiverse Computing,18863453,https://www.linkedin.com/company/multiversecomputing,multiverse-computing,resolved,40000,44000,5,Junior,San Sebastian,2023-06,levels.fyi,https://www.levels.fyi/companies/multiverse-computing/salaries/software-engineer/locations/spain,2026-10-06,,,,,,,,,
N26,3116425,https://www.linkedin.com/company/n26,n26,resolved,123000,223000,15,L6,Barcelona,2022-11,levels.fyi,https://www.levels.fyi/companies/n26/salaries/software-engineer/locations/spain,2026-10-06,,https://n26.com,,Berlin,DE,"1,001-10,000",financial-services|consulting-professional-services|mobile|b2b,2013,"Mobile bank with real-time tracking. Equity: RSU vesting 25,25,25,25|25/1,25/12,25/12,25/12."
N26,3116425,https://www.linkedin.com/company/n26,n26,resolved,122000,202000,15,L6,Barcelona,2023-12,levels.fyi,https://www.levels.fyi/companies/n26/salaries/software-engineer/locations/spain,2026-10-06,,https://n26.com,,Berlin,DE,"1,001-10,000",financial-services|consulting-professional-services|mobile|b2b,2013,"Mobile bank with real-time tracking. Equity: RSU vesting 25,25,25,25|25/1,25/12,25/12,25/12."
N26,3116425,https://www.linkedin.com/company/n26,n26,resolved,116000,216000,11,L6,Barcelona,2023-02,levels.fyi,https://www.levels.fyi/companies/n26/salaries/software-engineer/locations/spain,2026-10-06,,https://n26.com,,Berlin,DE,"1,001-10,000",financial-services|consulting-professional-services|mobile|b2b,2013,"Mobile bank with real-time tracking. Equity: RSU vesting 25,25,25,25|25/1,25/12,25/12,25/12."
N26,3116425,https://www.linkedin.com/company/n26,n26,resolved,101000,101000,10,L5,Barcelona,2025-01,levels.fyi,https://www.levels.fyi/companies/n26/salaries/software-engineer/locations/spain,2026-10-06,,https://n26.com,,Berlin,DE,"1,001-10,000",financial-services|consulting-professional-services|mobile|b2b,2013,"Mobile bank with real-time tracking. Equity: RSU vesting 25,25,25,25|25/1,25/12,25/12,25/12."
N26,3116425,https://www.linkedin.com/company/n26,n26,resolved,100000,115750,15,L5,Barcelona,2023-07,levels.fyi,https://www.levels.fyi/companies/n26/salaries/software-engineer/locations/spain,2026-10-06,,https://n26.com,,Berlin,DE,"1,001-10,000",financial-services|consulting-professional-services|mobile|b2b,2013,"Mobile bank with real-time tracking. Equity: RSU vesting 25,25,25,25|25/1,25/12,25/12,25/12."
N26,3116425,https://www.linkedin.com/company/n26,n26,resolved,100000,100000,10,L5,Barcelona,2024-10,levels.fyi,https://www.levels.fyi/companies/n26/salaries/software-engineer/locations/spain,2026-10-06,,https://n26.com,,Berlin,DE,"1,001-10,000",financial-services|consulting-professional-services|mobile|b2b,2013,"Mobile bank with real-time tracking. Equity: RSU vesting 25,25,25,25|25/1,25/12,25/12,25/12."
N26,3116425,https://www.linkedin.com/company/n26,n26,resolved,97000,137000,10,L5,Barcelona,2024-05,levels.fyi,https://www.levels.fyi/companies/n26/salaries/software-engineer/locations/spain,2026-10-06,,https://n26.com,,Berlin,DE,"1,001-10,000",financial-services|consulting-professional-services|mobile|b2b,2013,"Mobile bank with real-time tracking. Equity: RSU vesting 25,25,25,25|25/1,25/12,25/12,25/12."
N26,3116425,https://www.linkedin.com/company/n26,n26,resolved,95000,95000,10,L4,Barcelona,2026-03,levels.fyi,https://www.levels.fyi/companies/n26/salaries/software-engineer/locations/spain,2026-10-06,,https://n26.com,,Berlin,DE,"1,001-10,000",financial-services|consulting-professional-services|mobile|b2b,2013,"Mobile bank with real-time tracking. Equity: RSU vesting 25,25,25,25|25/1,25/12,25/12,25/12."
N26,3116425,https://www.linkedin.com/company/n26,n26,resolved,95000,95000,10,L5,Barcelona,2024-03,levels.fyi,https://www.levels.fyi/companies/n26/salaries/software-engineer/locations/spain,2026-10-06,,https://n26.com,,Berlin,DE,"1,001-10,000",financial-services|consulting-professional-services|mobile|b2b,2013,"Mobile bank with real-time tracking. Equity: RSU vesting 25,25,25,25|25/1,25/12,25/12,25/12."
N26,3116425,https://www.linkedin.com/company/n26,n26,resolved,95000,95000,7,L4,Barcelona,2025-11,levels.fyi,https://www.levels.fyi/companies/n26/salaries/software-engineer/locations/spain,2026-10-06,,https://n26.com,,Berlin,DE,"1,001-10,000",financial-services|consulting-professional-services|mobile|b2b,2013,"Mobile bank with real-time tracking. Equity: RSU vesting 25,25,25,25|25/1,25/12,25/12,25/12."
N26,3116425,https://www.linkedin.com/company/n26,n26,resolved,85000,85000,15,L4,Barcelona,2026-04,levels.fyi,https://www.levels.fyi/companies/n26/salaries/software-engineer/locations/spain,2026-10-06,,https://n26.com,,Berlin,DE,"1,001-10,000",financial-services|consulting-professional-services|mobile|b2b,2013,"Mobile bank with real-time tracking. Equity: RSU vesting 25,25,25,25|25/1,25/12,25/12,25/12."
N26,3116425,https://www.linkedin.com/company/n26,n26,resolved,84000,84000,15,L4,Barcelona,2026-02,levels.fyi,https://www.levels.fyi/companies/n26/salaries/software-engineer/locations/spain,2026-10-06,,https://n26.com,,Berlin,DE,"1,001-10,000",financial-services|consulting-professional-services|mobile|b2b,2013,"Mobile bank with real-time tracking. Equity: RSU vesting 25,25,25,25|25/1,25/12,25/12,25/12."
N26,3116425,https://www.linkedin.com/company/n26,n26,resolved,82000,82000,8,L4,Barcelona,2025-01,levels.fyi,https://www.levels.fyi/companies/n26/salaries/software-engineer/locations/spain,2026-10-06,,https://n26.com,,Berlin,DE,"1,001-10,000",financial-services|consulting-professional-services|mobile|b2b,2013,"Mobile bank with real-time tracking. Equity: RSU vesting 25,25,25,25|25/1,25/12,25/12,25/12."
N26,3116425,https://www.linkedin.com/company/n26,n26,resolved,81000,81000,12,L4,Barcelona,2023-08,levels.fyi,https://www.levels.fyi/companies/n26/salaries/software-engineer/locations/spain,2026-10-06,,https://n26.com,,Berlin,DE,"1,001-10,000",financial-services|consulting-professional-services|mobile|b2b,2013,"Mobile bank with real-time tracking. Equity: RSU vesting 25,25,25,25|25/1,25/12,25/12,25/12."
N26,3116425,https://www.linkedin.com/company/n26,n26,resolved,80000,88000,6,L3,Barcelona,2024-01,levels.fyi,https://www.levels.fyi/companies/n26/salaries/software-engineer/locations/spain,2026-10-06,,https://n26.com,,Berlin,DE,"1,001-10,000",financial-services|consulting-professional-services|mobile|b2b,2013,"Mobile bank with real-time tracking. Equity: RSU vesting 25,25,25,25|25/1,25/12,25/12,25/12."
N26,3116425,https://www.linkedin.com/company/n26,n26,resolved,80000,80000,8,L4,Barcelona,2025-08,levels.fyi,https://www.levels.fyi/companies/n26/salaries/software-engineer/locations/spain,2026-10-06,,https://n26.com,,Berlin,DE,"1,001-10,000",financial-services|consulting-professional-services|mobile|b2b,2013,"Mobile bank with real-time tracking. Equity: RSU vesting 25,25,25,25|25/1,25/12,25/12,25/12."
N26,3116425,https://www.linkedin.com/company/n26,n26,resolved,80000,80000,8,L4,Barcelona,2023-06,levels.fyi,https://www.levels.fyi/companies/n26/salaries/software-engineer/locations/spain,2026-10-06,,https://n26.com,,Berlin,DE,"1,001-10,000",financial-services|consulting-professional-services|mobile|b2b,2013,"Mobile bank with real-time tracking. Equity: RSU vesting 25,25,25,25|25/1,25/12,25/12,25/12."
N26,3116425,https://www.linkedin.com/company/n26,n26,resolved,80000,80000,7,L4,Barcelona,2023-10,levels.fyi,https://www.levels.fyi/companies/n26/salaries/software-engineer/locations/spain,2026-10-06,,https://n26.com,,Berlin,DE,"1,001-10,000",financial-services|consulting-professional-services|mobile|b2b,2013,"Mobile bank with real-time tracking. Equity: RSU vesting 25,25,25,25|25/1,25/12,25/12,25/12."
N26,3116425,https://www.linkedin.com/company/n26,n26,resolved,78000,78000,15,L4,Barcelona,2025-02,levels.fyi,https://www.levels.fyi/companies/n26/salaries/software-engineer/locations/spain,2026-10-06,,https://n26.com,,Berlin,DE,"1,001-10,000",financial-services|consulting-professional-services|mobile|b2b,2013,"Mobile bank with real-time tracking. Equity: RSU vesting 25,25,25,25|25/1,25/12,25/12,25/12."
N26,3116425,https://www.linkedin.com/company/n26,n26,resolved,78000,78000,11,L4,Barcelona,2024-01,levels.fyi,https://www.levels.fyi/companies/n26/salaries/software-engineer/locations/spain,2026-10-06,,https://n26.com,,Berlin,DE,"1,001-10,000",financial-services|consulting-professional-services|mobile|b2b,2013,"Mobile bank with real-time tracking. Equity: RSU vesting 25,25,25,25|25/1,25/12,25/12,25/12."
N26,3116425,https://www.linkedin.com/company/n26,n26,resolved,78000,78000,10,L5,Barcelona,2020-09,levels.fyi,https://www.levels.fyi/companies/n26/salaries/software-engineer/locations/spain,2026-10-06,,https://n26.com,,Berlin,DE,"1,001-10,000",financial-services|consulting-professional-services|mobile|b2b,2013,"Mobile bank with real-time tracking. Equity: RSU vesting 25,25,25,25|25/1,25/12,25/12,25/12."
N26,3116425,https://www.linkedin.com/company/n26,n26,resolved,77000,98000,8,L4,Barcelona,2025-07,levels.fyi,https://www.levels.fyi/companies/n26/salaries/software-engineer/locations/spain,2026-10-06,,https://n26.com,,Berlin,DE,"1,001-10,000",financial-services|consulting-professional-services|mobile|b2b,2013,"Mobile bank with real-time tracking. Equity: RSU vesting 25,25,25,25|25/1,25/12,25/12,25/12."
N26,3116425,https://www.linkedin.com/company/n26,n26,resolved,77000,97000,8,L4,Barcelona,2025-12,levels.fyi,https://www.levels.fyi/companies/n26/salaries/software-engineer/locations/spain,2026-10-06,,https://n26.com,,Berlin,DE,"1,001-10,000",financial-services|consulting-professional-services|mobile|b2b,2013,"Mobile bank with real-time tracking. Equity: RSU vesting 25,25,25,25|25/1,25/12,25/12,25/12."
N26,3116425,https://www.linkedin.com/company/n26,n26,resolved,77000,77000,15,L4,Barcelona,2025-06,levels.fyi,https://www.levels.fyi/companies/n26/salaries/software-engineer/locations/spain,2026-10-06,,https://n26.com,,Berlin,DE,"1,001-10,000",financial-services|consulting-professional-services|mobile|b2b,2013,"Mobile bank with real-time tracking. Equity: RSU vesting 25,25,25,25|25/1,25/12,25/12,25/12."
N26,3116425,https://www.linkedin.com/company/n26,n26,resolved,77000,77000,8,L4,Barcelona,2024-11,levels.fyi,https://www.levels.fyi/companies/n26/salaries/software-engineer/locations/spain,2026-10-06,,https://n26.com,,Berlin,DE,"1,001-10,000",financial-services|consulting-professional-services|mobile|b2b,2013,"Mobile bank with real-time tracking. Equity: RSU vesting 25,25,25,25|25/1,25/12,25/12,25/12."
N26,3116425,https://www.linkedin.com/company/n26,n26,resolved,77000,77000,8,L4,Barcelona,2023-09,levels.fyi,https://www.levels.fyi/companies/n26/salaries/software-engineer/locations/spain,2026-10-06,,https://n26.com,,Berlin,DE,"1,001-10,000",financial-services|consulting-professional-services|mobile|b2b,2013,"Mobile bank with real-time tracking. Equity: RSU vesting 25,25,25,25|25/1,25/12,25/12,25/12."
N26,3116425,https://www.linkedin.com/company/n26,n26,resolved,77000,77000,7,L4,Barcelona,2024-11,levels.fyi,https://www.levels.fyi/companies/n26/salaries/software-engineer/locations/spain,2026-10-06,,https://n26.com,,Berlin,DE,"1,001-10,000",financial-services|consulting-professional-services|mobile|b2b,2013,"Mobile bank with real-time tracking. Equity: RSU vesting 25,25,25,25|25/1,25/12,25/12,25/12."
N26,3116425,https://www.linkedin.com/company/n26,n26,resolved,77000,77000,7,L4,Barcelona,2023-02,levels.fyi,https://www.levels.fyi/companies/n26/salaries/software-engineer/locations/spain,2026-10-06,,https://n26.com,,Berlin,DE,"1,001-10,000",financial-services|consulting-professional-services|mobile|b2b,2013,"Mobile bank with real-time tracking. Equity: RSU vesting 25,25,25,25|25/1,25/12,25/12,25/12."
N26,3116425,https://www.linkedin.com/company/n26,n26,resolved,76000,86000,8,L4,Barcelona,2026-09,levels.fyi,https://www.levels.fyi/companies/n26/salaries/software-engineer/locations/spain,2026-10-06,,https://n26.com,,Berlin,DE,"1,001-10,000",financial-services|consulting-professional-services|mobile|b2b,2013,"Mobile bank with real-time tracking. Equity: RSU vesting 25,25,25,25|25/1,25/12,25/12,25/12."
N26,3116425,https://www.linkedin.com/company/n26,n26,resolved,75000,75000,13,L4,Barcelona,2023-07,levels.fyi,https://www.levels.fyi/companies/n26/salaries/software-engineer/locations/spain,2026-10-06,,https://n26.com,,Berlin,DE,"1,001-10,000",financial-services|consulting-professional-services|mobile|b2b,2013,"Mobile bank with real-time tracking. Equity: RSU vesting 25,25,25,25|25/1,25/12,25/12,25/12."
N26,3116425,https://www.linkedin.com/company/n26,n26,resolved,75000,75000,10,L3,Barcelona,2024-11,levels.fyi,https://www.levels.fyi/companies/n26/salaries/software-engineer/locations/spain,2026-10-06,,https://n26.com,,Berlin,DE,"1,001-10,000",financial-services|consulting-professional-services|mobile|b2b,2013,"Mobile bank with real-time tracking. Equity: RSU vesting 25,25,25,25|25/1,25/12,25/12,25/12."
N26,3116425,https://www.linkedin.com/company/n26,n26,resolved,71000,71000,7,L3,Barcelona,2026-05,levels.fyi,https://www.levels.fyi/companies/n26/salaries/software-engineer/locations/spain,2026-10-06,,https://n26.com,,Berlin,DE,"1,001-10,000",financial-services|consulting-professional-services|mobile|b2b,2013,"Mobile bank with real-time tracking. Equity: RSU vesting 25,25,25,25|25/1,25/12,25/12,25/12."
N26,3116425,https://www.linkedin.com/company/n26,n26,resolved,71000,71000,6,L3,Barcelona,2026-08,levels.fyi,https://www.levels.fyi/companies/n26/salaries/software-engineer/locations/spain,2026-10-06,,https://n26.com,,Berlin,DE,"1,001-10,000",financial-services|consulting-professional-services|mobile|b2b,2013,"Mobile bank with real-time tracking. Equity: RSU vesting 25,25,25,25|25/1,25/12,25/12,25/12."
N26,3116425,https://www.linkedin.com/company/n26,n26,resolved,70000,80000,9,L3,Barcelona,2023-07,levels.fyi,https://www.levels.fyi/companies/n26/salaries/software-engineer/locations/spain,2026-10-06,,https://n26.com,,Berlin,DE,"1,001-10,000",financial-services|consulting-professional-services|mobile|b2b,2013,"Mobile bank with real-time tracking. Equity: RSU vesting 25,25,25,25|25/1,25/12,25/12,25/12."
N26,3116425,https://www.linkedin.com/company/n26,n26,resolved,70000,79000,5,L3,Barcelona,2023-08,levels.fyi,https://www.levels.fyi/companies/n26/salaries/software-engineer/locations/spain,2026-10-06,,https://n26.com,,Berlin,DE,"1,001-10,000",financial-services|consulting-professional-services|mobile|b2b,2013,"Mobile bank with real-time tracking. Equity: RSU vesting 25,25,25,25|25/1,25/12,25/12,25/12."
N26,3116425,https://www.linkedin.com/company/n26,n26,resolved,70000,78000,7,L3,Barcelona,2024-07,levels.fyi,https://www.levels.fyi/companies/n26/salaries/software-engineer/locations/spain,2026-10-06,,https://n26.com,,Berlin,DE,"1,001-10,000",financial-services|consulting-professional-services|mobile|b2b,2013,"Mobile bank with real-time tracking. Equity: RSU vesting 25,25,25,25|25/1,25/12,25/12,25/12."
N26,3116425,https://www.linkedin.com/company/n26,n26,resolved,70000,70000,10,L3,Barcelona,2023-01,levels.fyi,https://www.levels.fyi/companies/n26/salaries/software-engineer/locations/spain,2026-10-06,,https://n26.com,,Berlin,DE,"1,001-10,000",financial-services|consulting-professional-services|mobile|b2b,2013,"Mobile bank with real-time tracking. Equity: RSU vesting 25,25,25,25|25/1,25/12,25/12,25/12."
N26,3116425,https://www.linkedin.com/company/n26,n26,resolved,70000,70000,10,L2,Barcelona,2022-04,levels.fyi,https://www.levels.fyi/companies/n26/salaries/software-engineer/locations/spain,2026-10-06,,https://n26.com,,Berlin,DE,"1,001-10,000",financial-services|consulting-professional-services|mobile|b2b,2013,"Mobile bank with real-time tracking. Equity: RSU vesting 25,25,25,25|25/1,25/12,25/12,25/12."
N26,3116425,https://www.linkedin.com/company/n26,n26,resolved,69000,69000,5,L3,Barcelona,2025-07,levels.fyi,https://www.levels.fyi/companies/n26/salaries/software-engineer/locations/spain,2026-10-06,,https://n26.com,,Berlin,DE,"1,001-10,000",financial-services|consulting-professional-services|mobile|b2b,2013,"Mobile bank with real-time tracking. Equity: RSU vesting 25,25,25,25|25/1,25/12,25/12,25/12."
N26,3116425,https://www.linkedin.com/company/n26,n26,resolved,68000,68000,5,L3,Barcelona,2025-06,levels.fyi,https://www.levels.fyi/companies/n26/salaries/software-engineer/locations/spain,2026-10-06,,https://n26.com,,Berlin,DE,"1,001-10,000",financial-services|consulting-professional-services|mobile|b2b,2013,"Mobile bank with real-time tracking. Equity: RSU vesting 25,25,25,25|25/1,25/12,25/12,25/12."
N26,3116425,https://www.linkedin.com/company/n26,n26,resolved,68000,68000,5,L3,Barcelona,2025-02,levels.fyi,https://www.levels.fyi/companies/n26/salaries/software-engineer/locations/spain,2026-10-06,,https://n26.com,,Berlin,DE,"1,001-10,000",financial-services|consulting-professional-services|mobile|b2b,2013,"Mobile bank with real-time tracking. Equity: RSU vesting 25,25,25,25|25/1,25/12,25/12,25/12."
N26,3116425,https://www.linkedin.com/company/n26,n26,resolved,67000,67002,5,L3,Barcelona,2024-12,levels.fyi,https://www.levels.fyi/companies/n26/salaries/software-engineer/locations/spain,2026-10-06,,https://n26.com,,Berlin,DE,"1,001-10,000",financial-services|consulting-professional-services|mobile|b2b,2013,"Mobile bank with real-time tracking. Equity: RSU vesting 25,25,25,25|25/1,25/12,25/12,25/12."
N26,3116425,https://www.linkedin.com/company/n26,n26,resolved,67000,67000,15,L4,Barcelona,2020-10,levels.fyi,https://www.levels.fyi/companies/n26/salaries/software-engineer/locations/spain,2026-10-06,,https://n26.com,,Berlin,DE,"1,001-10,000",financial-services|consulting-professional-services|mobile|b2b,2013,"Mobile bank with real-time tracking. Equity: RSU vesting 25,25,25,25|25/1,25/12,25/12,25/12."
N26,3116425,https://www.linkedin.com/company/n26,n26,resolved,67000,67000,6,L3,Barcelona,2026-01,levels.fyi,https://www.levels.fyi/companies/n26/salaries/software-engineer/locations/spain,2026-10-06,,https://n26.com,,Berlin,DE,"1,001-10,000",financial-services|consulting-professional-services|mobile|b2b,2013,"Mobile bank with real-time tracking. Equity: RSU vesting 25,25,25,25|25/1,25/12,25/12,25/12."
N26,3116425,https://www.linkedin.com/company/n26,n26,resolved,65000,65000,5,L3,Barcelona,2026-01,levels.fyi,https://www.levels.fyi/companies/n26/salaries/software-engineer/locations/spain,2026-10-06,,https://n26.com,,Berlin,DE,"1,001-10,000",financial-services|consulting-professional-services|mobile|b2b,2013,"Mobile bank with real-time tracking. Equity: RSU vesting 25,25,25,25|25/1,25/12,25/12,25/12."
N26,3116425,https://www.linkedin.com/company/n26,n26,resolved,64000,64000,8,L3,Barcelona,2023-05,levels.fyi,https://www.levels.fyi/companies/n26/salaries/software-engineer/locations/spain,2026-10-06,,https://n26.com,,Berlin,DE,"1,001-10,000",financial-services|consulting-professional-services|mobile|b2b,2013,"Mobile bank with real-time tracking. Equity: RSU vesting 25,25,25,25|25/1,25/12,25/12,25/12."
N26,3116425,https://www.linkedin.com/company/n26,n26,resolved,50000,50000,6,L3,Barcelona,2021-09,levels.fyi,https://www.levels.fyi/companies/n26/salaries/software-engineer/locations/spain,2026-10-06,,https://n26.com,,Berlin,DE,"1,001-10,000",financial-services|consulting-professional-services|mobile|b2b,2013,"Mobile bank with real-time tracking. Equity: RSU vesting 25,25,25,25|25/1,25/12,25/12,25/12."
NEORIS,,https://www.linkedin.com/company/epamneoris,neoris,resolved,84000,84000,5,Senior,Barcelona,2025-01,levels.fyi,https://www.levels.fyi/companies/neoris/salaries/software-engineer/locations/spain,2026-10-06,,,,,,,,,
NEORIS,,https://www.linkedin.com/company/epamneoris,neoris,resolved,78930,78930,18,,Madrid,2022-09,levels.fyi,https://www.levels.fyi/companies/neoris/salaries/software-engineer/locations/spain,2026-10-06,,,,,,,,,
NEORIS,,https://www.linkedin.com/company/epamneoris,neoris,resolved,50000,50000,15,L5,Madrid,2026-06,levels.fyi,https://www.levels.fyi/companies/neoris/salaries/software-engineer/locations/spain,2026-10-06,,,,,,,,,
NEORIS,,https://www.linkedin.com/company/epamneoris,neoris,resolved,40000,40000,15,,Madrid,2022-04,levels.fyi,https://www.levels.fyi/companies/neoris/salaries/software-engineer/locations/spain,2026-10-06,,,,,,,,,
New Relic,426253,https://www.linkedin.com/company/new-relic-inc-,new-relic,resolved,120000,120000,20,P5,Barcelona,2026-02,levels.fyi,https://www.levels.fyi/companies/new-relic/salaries/software-engineer/locations/spain,2026-10-06,,,,,,,,,
New Relic,426253,https://www.linkedin.com/company/new-relic-inc-,new-relic,resolved,120000,120000,18,P4,Barcelona,2025-08,levels.fyi,https://www.levels.fyi/companies/new-relic/salaries/software-engineer/locations/spain,2026-10-06,,,,,,,,,
New Relic,426253,https://www.linkedin.com/company/new-relic-inc-,new-relic,resolved,117000,165000,15,Principal Software Engineer,Barcelona,2021-12,levels.fyi,https://www.levels.fyi/companies/new-relic/salaries/software-engineer/locations/spain,2026-10-06,,,,,,,,,
New Relic,426253,https://www.linkedin.com/company/new-relic-inc-,new-relic,resolved,112000,116000,10,P4,Barcelona,2026-03,levels.fyi,https://www.levels.fyi/companies/new-relic/salaries/software-engineer/locations/spain,2026-10-06,,,,,,,,,
New Relic,426253,https://www.linkedin.com/company/new-relic-inc-,new-relic,resolved,108000,148000,5-10,Lead Software Engineer,Barcelona,2022-07,levels.fyi,https://www.levels.fyi/companies/new-relic/salaries/software-engineer/locations/spain,2026-10-06,,,,,,,,,
New Relic,426253,https://www.linkedin.com/company/new-relic-inc-,new-relic,resolved,99000,142000,11,P4,Barcelona,2022-12,levels.fyi,https://www.levels.fyi/companies/new-relic/salaries/software-engineer/locations/spain,2026-10-06,,,,,,,,,
New Relic,426253,https://www.linkedin.com/company/new-relic-inc-,new-relic,resolved,96000,104000,18,P4,Barcelona,2025-06,levels.fyi,https://www.levels.fyi/companies/new-relic/salaries/software-engineer/locations/spain,2026-10-06,,,,,,,,,
New Relic,426253,https://www.linkedin.com/company/new-relic-inc-,new-relic,resolved,95000,153000,6,P4,Barcelona,2023-08,levels.fyi,https://www.levels.fyi/companies/new-relic/salaries/software-engineer/locations/spain,2026-10-06,,,,,,,,,
New Relic,426253,https://www.linkedin.com/company/new-relic-inc-,new-relic,resolved,90000,102000,15,P4,Barcelona,2025-04,levels.fyi,https://www.levels.fyi/companies/new-relic/salaries/software-engineer/locations/spain,2026-10-06,,,,,,,,,
New Relic,426253,https://www.linkedin.com/company/new-relic-inc-,new-relic,resolved,90000,96000,12,P4,Madrid,2025-08,levels.fyi,https://www.levels.fyi/companies/new-relic/salaries/software-engineer/locations/spain,2026-10-06,,,,,,,,,
New Relic,426253,https://www.linkedin.com/company/new-relic-inc-,new-relic,resolved,90000,95000,10,P3,Madrid,2025-09,levels.fyi,https://www.levels.fyi/companies/new-relic/salaries/software-engineer/locations/spain,2026-10-06,,,,,,,,,
New Relic,426253,https://www.linkedin.com/company/new-relic-inc-,new-relic,resolved,90000,90000,10,P3,Barcelona,2024-01,levels.fyi,https://www.levels.fyi/companies/new-relic/salaries/software-engineer/locations/spain,2026-10-06,,,,,,,,,
New Relic,426253,https://www.linkedin.com/company/new-relic-inc-,new-relic,resolved,87000,94000,12,P4,Malaga,2025-08,levels.fyi,https://www.levels.fyi/companies/new-relic/salaries/software-engineer/locations/spain,2026-10-06,,,,,,,,,
New Relic,426253,https://www.linkedin.com/company/new-relic-inc-,new-relic,resolved,84000,101000,15,P4,Barcelona,2024-05,levels.fyi,https://www.levels.fyi/companies/new-relic/salaries/software-engineer/locations/spain,2026-10-06,,,,,,,,,
New Relic,426253,https://www.linkedin.com/company/new-relic-inc-,new-relic,resolved,83000,102000,19,P4,Barcelona,2024-04,levels.fyi,https://www.levels.fyi/companies/new-relic/salaries/software-engineer/locations/spain,2026-10-06,,,,,,,,,
New Relic,426253,https://www.linkedin.com/company/new-relic-inc-,new-relic,resolved,83000,102000,18,P4,Barcelona,2023-09,levels.fyi,https://www.levels.fyi/companies/new-relic/salaries/software-engineer/locations/spain,2026-10-06,,,,,,,,,
New Relic,426253,https://www.linkedin.com/company/new-relic-inc-,new-relic,resolved,82000,99000,10,P4,Oviedo,2024-04,levels.fyi,https://www.levels.fyi/companies/new-relic/salaries/software-engineer/locations/spain,2026-10-06,,,,,,,,,
New Relic,426253,https://www.linkedin.com/company/new-relic-inc-,new-relic,resolved,80000,105000,15,P3,Barcelona,2022-12,levels.fyi,https://www.levels.fyi/companies/new-relic/salaries/software-engineer/locations/spain,2026-10-06,,,,,,,,,
New Relic,426253,https://www.linkedin.com/company/new-relic-inc-,new-relic,resolved,80000,100000,7,P3,Barcelona,2024-01,levels.fyi,https://www.levels.fyi/companies/new-relic/salaries/software-engineer/locations/spain,2026-10-06,,,,,,,,,
New Relic,426253,https://www.linkedin.com/company/new-relic-inc-,new-relic,resolved,80000,92000,9,P4,Barcelona,2023-01,levels.fyi,https://www.levels.fyi/companies/new-relic/salaries/software-engineer/locations/spain,2026-10-06,,,,,,,,,
New Relic,426253,https://www.linkedin.com/company/new-relic-inc-,new-relic,resolved,80000,84000,8,P2,Barcelona,2025-02,levels.fyi,https://www.levels.fyi/companies/new-relic/salaries/software-engineer/locations/spain,2026-10-06,,,,,,,,,
New Relic,426253,https://www.linkedin.com/company/new-relic-inc-,new-relic,resolved,79000,104000,10,Senior,Barcelona,2022-08,levels.fyi,https://www.levels.fyi/companies/new-relic/salaries/software-engineer/locations/spain,2026-10-06,,,,,,,,,
New Relic,426253,https://www.linkedin.com/company/new-relic-inc-,new-relic,resolved,76000,95000,10,P3,Barcelona,2024-10,levels.fyi,https://www.levels.fyi/companies/new-relic/salaries/software-engineer/locations/spain,2026-10-06,,,,,,,,,
New Relic,426253,https://www.linkedin.com/company/new-relic-inc-,new-relic,resolved,76000,93000,18,P4,Barcelona,2023-09,levels.fyi,https://www.levels.fyi/companies/new-relic/salaries/software-engineer/locations/spain,2026-10-06,,,,,,,,,
New Relic,426253,https://www.linkedin.com/company/new-relic-inc-,new-relic,resolved,74000,91000,10,P3,Barcelona,2022-08,levels.fyi,https://www.levels.fyi/companies/new-relic/salaries/software-engineer/locations/spain,2026-10-06,,,,,,,,,
New Relic,426253,https://www.linkedin.com/company/new-relic-inc-,new-relic,resolved,74000,84000,10,P4,Gijon,2023-01,levels.fyi,https://www.levels.fyi/companies/new-relic/salaries/software-engineer/locations/spain,2026-10-06,,,,,,,,,
New Relic,426253,https://www.linkedin.com/company/new-relic-inc-,new-relic,resolved,72000,76000,5,P4,Barcelona,2026-04,levels.fyi,https://www.levels.fyi/companies/new-relic/salaries/software-engineer/locations/spain,2026-10-06,,,,,,,,,
New Relic,426253,https://www.linkedin.com/company/new-relic-inc-,new-relic,resolved,71263,92362,10,P2,Barcelona,2025-08,levels.fyi,https://www.levels.fyi/companies/new-relic/salaries/software-engineer/locations/spain,2026-10-06,,,,,,,,,
New Relic,426253,https://www.linkedin.com/company/new-relic-inc-,new-relic,resolved,70000,90000,10,P4,Barcelona,2023-06,levels.fyi,https://www.levels.fyi/companies/new-relic/salaries/software-engineer/locations/spain,2026-10-06,,,,,,,,,
New Relic,426253,https://www.linkedin.com/company/new-relic-inc-,new-relic,resolved,70000,74000,8,P2,Barcelona,2025-05,levels.fyi,https://www.levels.fyi/companies/new-relic/salaries/software-engineer/locations/spain,2026-10-06,,,,,,,,,
New Relic,426253,https://www.linkedin.com/company/new-relic-inc-,new-relic,resolved,70000,74000,7,P2,Barcelona,2025-03,levels.fyi,https://www.levels.fyi/companies/new-relic/salaries/software-engineer/locations/spain,2026-10-06,,,,,,,,,
New Relic,426253,https://www.linkedin.com/company/new-relic-inc-,new-relic,resolved,70000,70000,8,P2,Madrid,2026-08,levels.fyi,https://www.levels.fyi/companies/new-relic/salaries/software-engineer/locations/spain,2026-10-06,,,,,,,,,
New Relic,426253,https://www.linkedin.com/company/new-relic-inc-,new-relic,resolved,69000,91450,7,P2,Barcelona,2022-05,levels.fyi,https://www.levels.fyi/companies/new-relic/salaries/software-engineer/locations/spain,2026-10-06,,,,,,,,,
New Relic,426253,https://www.linkedin.com/company/new-relic-inc-,new-relic,resolved,69000,84000,15,P2,Barcelona,2025-09,levels.fyi,https://www.levels.fyi/companies/new-relic/salaries/software-engineer/locations/spain,2026-10-06,,,,,,,,,
New Relic,426253,https://www.linkedin.com/company/new-relic-inc-,new-relic,resolved,67000,87017,6,P2,Barcelona,2023-02,levels.fyi,https://www.levels.fyi/companies/new-relic/salaries/software-engineer/locations/spain,2026-10-06,,,,,,,,,
New Relic,426253,https://www.linkedin.com/company/new-relic-inc-,new-relic,resolved,65000,104000,6,P4,Barcelona,2022-02,levels.fyi,https://www.levels.fyi/companies/new-relic/salaries/software-engineer/locations/spain,2026-10-06,,,,,,,,,
New Relic,426253,https://www.linkedin.com/company/new-relic-inc-,new-relic,resolved,65000,77000,10,P3,Barcelona,2022-12,levels.fyi,https://www.levels.fyi/companies/new-relic/salaries/software-engineer/locations/spain,2026-10-06,,,,,,,,,
New Relic,426253,https://www.linkedin.com/company/new-relic-inc-,new-relic,resolved,62000,65000,5,P2,Barcelona,2026-09,levels.fyi,https://www.levels.fyi/companies/new-relic/salaries/software-engineer/locations/spain,2026-10-06,,,,,,,,,
New Relic,426253,https://www.linkedin.com/company/new-relic-inc-,new-relic,resolved,58000,105000,7,P1,Barcelona,2021-09,levels.fyi,https://www.levels.fyi/companies/new-relic/salaries/software-engineer/locations/spain,2026-10-06,,,,,,,,,
New Relic,426253,https://www.linkedin.com/company/new-relic-inc-,new-relic,resolved,56600,59400,5,P2,Barcelona,2026-01,levels.fyi,https://www.levels.fyi/companies/new-relic/salaries/software-engineer/locations/spain,2026-10-06,,,,,,,,,
New Relic,426253,https://www.linkedin.com/company/new-relic-inc-,new-relic,resolved,52600,60800,9,P2,Barcelona,2021-02,levels.fyi,https://www.levels.fyi/companies/new-relic/salaries/software-engineer/locations/spain,2026-10-06,,,,,,,,,
New Relic,426253,https://www.linkedin.com/company/new-relic-inc-,new-relic,resolved,49200,61000,9,P3,Barcelona,2020-08,levels.fyi,https://www.levels.fyi/companies/new-relic/salaries/software-engineer/locations/spain,2026-10-06,,,,,,,,,
New Relic,426253,https://www.linkedin.com/company/new-relic-inc-,new-relic,resolved,42200,49600,6,P1,Barcelona,2020-05,levels.fyi,https://www.levels.fyi/companies/new-relic/salaries/software-engineer/locations/spain,2026-10-06,,,,,,,,,
New Work SE,28513290,https://www.linkedin.com/company/new-work-se,new-work-se,resolved,80000,80000,5-10,Staff Engineer,Barcelona,2024-03,levels.fyi,https://www.levels.fyi/companies/new-work-se/salaries/software-engineer/locations/spain,2026-10-06,,http://www.new-work.se,,Hamburg,DE,"1,001-10,000",internet,2003,
New Work SE,28513290,https://www.linkedin.com/company/new-work-se,new-work-se,resolved,68500,68500,10,Senior,Barcelona,2024-10,levels.fyi,https://www.levels.fyi/companies/new-work-se/salaries/software-engineer/locations/spain,2026-10-06,,http://www.new-work.se,,Hamburg,DE,"1,001-10,000",internet,2003,
New Work SE,28513290,https://www.linkedin.com/company/new-work-se,new-work-se,resolved,68000,68000,10,Senior,Barcelona,2025-04,levels.fyi,https://www.levels.fyi/companies/new-work-se/salaries/software-engineer/locations/spain,2026-10-06,,http://www.new-work.se,,Hamburg,DE,"1,001-10,000",internet,2003,
New Work SE,28513290,https://www.linkedin.com/company/new-work-se,new-work-se,resolved,65000,65000,7,Senior,Barcelona,2023-06,levels.fyi,https://www.levels.fyi/companies/new-work-se/salaries/software-engineer/locations/spain,2026-10-06,,http://www.new-work.se,,Hamburg,DE,"1,001-10,000",internet,2003,
New Work SE,28513290,https://www.linkedin.com/company/new-work-se,new-work-se,resolved,45400,45400,6,L3,Barcelona,2024-08,levels.fyi,https://www.levels.fyi/companies/new-work-se/salaries/software-engineer/locations/spain,2026-10-06,,http://www.new-work.se,,Hamburg,DE,"1,001-10,000",internet,2003,
New Work SE,28513290,https://www.linkedin.com/company/new-work-se,new-work-se,resolved,44600,44600,5,L2,Barcelona,2023-05,levels.fyi,https://www.levels.fyi/companies/new-work-se/salaries/software-engineer/locations/spain,2026-10-06,,http://www.new-work.se,,Hamburg,DE,"1,001-10,000",internet,2003,
Nexthink,92771,https://www.linkedin.com/company/nexthink,nexthink,resolved,75000,75000,15,6,Madrid,2025-01,levels.fyi,https://www.levels.fyi/companies/nexthink/salaries/software-engineer/locations/spain,2026-10-06,,,,,,,,,
Nexthink,92771,https://www.linkedin.com/company/nexthink,nexthink,resolved,65000,69000,15,Senior,Madrid,2025-01,levels.fyi,https://www.levels.fyi/companies/nexthink/salaries/software-engineer/locations/spain,2026-10-06,,,,,,,,,
Nexthink,92771,https://www.linkedin.com/company/nexthink,nexthink,resolved,63321,65468,10,C5,Madrid,2023-09,levels.fyi,https://www.levels.fyi/companies/nexthink/salaries/software-engineer/locations/spain,2026-10-06,,,,,,,,,
Nexthink,92771,https://www.linkedin.com/company/nexthink,nexthink,resolved,60000,63000,10,L3,Madrid,2023-12,levels.fyi,https://www.levels.fyi/companies/nexthink/salaries/software-engineer/locations/spain,2026-10-06,,,,,,,,,
Nexthink,92771,https://www.linkedin.com/company/nexthink,nexthink,resolved,60000,63000,5-10,,Madrid,2022-12,levels.fyi,https://www.levels.fyi/companies/nexthink/salaries/software-engineer/locations/spain,2026-10-06,,,,,,,,,
Nexthink,92771,https://www.linkedin.com/company/nexthink,nexthink,resolved,59600,61200,14,L3,Madrid,2021-06,levels.fyi,https://www.levels.fyi/companies/nexthink/salaries/software-engineer/locations/spain,2026-10-06,,,,,,,,,
Nexthink,92771,https://www.linkedin.com/company/nexthink,nexthink,resolved,53000,55000,8,Senior,Madrid,2022-10,levels.fyi,https://www.levels.fyi/companies/nexthink/salaries/software-engineer/locations/spain,2026-10-06,,,,,,,,,
Numa,,https://www.linkedin.com/company/numa-stays,numa,resolved,75000,75000,9,L5,Valencia,2026-07,levels.fyi,https://www.levels.fyi/companies/numa/salaries/software-engineer/locations/spain,2026-10-06,,,,,,,,,
Numa,,https://www.linkedin.com/company/numa-stays,numa,resolved,75000,75000,9,L5,Valencia,2026-06,levels.fyi,https://www.levels.fyi/companies/numa/salaries/software-engineer/locations/spain,2026-10-06,,,,,,,,,
Ocado Group,165276,https://www.linkedin.com/company/ocadogroup,ocado-group,resolved,83000,95000,5,E3,Barcelona,2024-11,levels.fyi,https://www.levels.fyi/companies/ocado-group/salaries/software-engineer/locations/spain,2026-10-06,,,,,,,,,
Ocado Group,165276,https://www.linkedin.com/company/ocadogroup,ocado-group,resolved,75000,82000,17,E2,Barcelona,2026-03,levels.fyi,https://www.levels.fyi/companies/ocado-group/salaries/software-engineer/locations/spain,2026-10-06,,,,,,,,,
Ocado Group,165276,https://www.linkedin.com/company/ocadogroup,ocado-group,resolved,71000,78000,12,E2,Barcelona,2026-06,levels.fyi,https://www.levels.fyi/companies/ocado-group/salaries/software-engineer/locations/spain,2026-10-06,,,,,,,,,
Ocado Group,165276,https://www.linkedin.com/company/ocadogroup,ocado-group,resolved,68000,75000,12,E2,Barcelona,2024-05,levels.fyi,https://www.levels.fyi/companies/ocado-group/salaries/software-engineer/locations/spain,2026-10-06,,,,,,,,,
Ocado Group,165276,https://www.linkedin.com/company/ocadogroup,ocado-group,resolved,66000,67000,10,E2,Barcelona,2022-01,levels.fyi,https://www.levels.fyi/companies/ocado-group/salaries/software-engineer/locations/spain,2026-10-06,,,,,,,,,
Ocado Group,165276,https://www.linkedin.com/company/ocadogroup,ocado-group,resolved,66000,66000,12,E3,Barcelona,2025-10,levels.fyi,https://www.levels.fyi/companies/ocado-group/salaries/software-engineer/locations/spain,2026-10-06,,,,,,,,,
Ocado Group,165276,https://www.linkedin.com/company/ocadogroup,ocado-group,resolved,65000,65000,8,E3,Barcelona,2026-06,levels.fyi,https://www.levels.fyi/companies/ocado-group/salaries/software-engineer/locations/spain,2026-10-06,,,,,,,,,
Ocado Group,165276,https://www.linkedin.com/company/ocadogroup,ocado-group,resolved,64470,64470,8,E2,Barcelona,2026-05,levels.fyi,https://www.levels.fyi/companies/ocado-group/salaries/software-engineer/locations/spain,2026-10-06,,,,,,,,,
Ocado Group,165276,https://www.linkedin.com/company/ocadogroup,ocado-group,resolved,64000,67000,7,E2,Barcelona,2026-05,levels.fyi,https://www.levels.fyi/companies/ocado-group/salaries/software-engineer/locations/spain,2026-10-06,,,,,,,,,
Ocado Group,165276,https://www.linkedin.com/company/ocadogroup,ocado-group,resolved,62000,67000,9,L5,Barcelona,2023-01,levels.fyi,https://www.levels.fyi/companies/ocado-group/salaries/software-engineer/locations/spain,2026-10-06,,,,,,,,,
Ocado Group,165276,https://www.linkedin.com/company/ocadogroup,ocado-group,resolved,60000,60000,10,E3,Barcelona,2023-04,levels.fyi,https://www.levels.fyi/companies/ocado-group/salaries/software-engineer/locations/spain,2026-10-06,,,,,,,,,
Ocado Group,165276,https://www.linkedin.com/company/ocadogroup,ocado-group,resolved,60000,60000,6,E2,Barcelona,2025-01,levels.fyi,https://www.levels.fyi/companies/ocado-group/salaries/software-engineer/locations/spain,2026-10-06,,,,,,,,,
Ocado Group,165276,https://www.linkedin.com/company/ocadogroup,ocado-group,resolved,58000,58000,5-10,Senior,Barcelona,2022-02,levels.fyi,https://www.levels.fyi/companies/ocado-group/salaries/software-engineer/locations/spain,2026-10-06,,,,,,,,,
Ocado Group,165276,https://www.linkedin.com/company/ocadogroup,ocado-group,resolved,56600,62200,7,E1,Barcelona,2024-06,levels.fyi,https://www.levels.fyi/companies/ocado-group/salaries/software-engineer/locations/spain,2026-10-06,,,,,,,,,
Ocado Group,165276,https://www.linkedin.com/company/ocadogroup,ocado-group,resolved,56000,57200,10,E2,Barcelona,2023-03,levels.fyi,https://www.levels.fyi/companies/ocado-group/salaries/software-engineer/locations/spain,2026-10-06,,,,,,,,,
Ocado Group,165276,https://www.linkedin.com/company/ocadogroup,ocado-group,resolved,55000,55000,5,E2,Barcelona,2025-01,levels.fyi,https://www.levels.fyi/companies/ocado-group/salaries/software-engineer/locations/spain,2026-10-06,,,,,,,,,
Ocado Group,165276,https://www.linkedin.com/company/ocadogroup,ocado-group,resolved,55000,55000,5,E2,Barcelona,2024-06,levels.fyi,https://www.levels.fyi/companies/ocado-group/salaries/software-engineer/locations/spain,2026-10-06,,,,,,,,,
Ocado Group,165276,https://www.linkedin.com/company/ocadogroup,ocado-group,resolved,54600,55400,5,E3,Barcelona,2021-08,levels.fyi,https://www.levels.fyi/companies/ocado-group/salaries/software-engineer/locations/spain,2026-10-06,,,,,,,,,
Ocado Group,165276,https://www.linkedin.com/company/ocadogroup,ocado-group,resolved,54000,54400,6,E2,Barcelona,2022-03,levels.fyi,https://www.levels.fyi/companies/ocado-group/salaries/software-engineer/locations/spain,2026-10-06,,,,,,,,,
Ocado Group,165276,https://www.linkedin.com/company/ocadogroup,ocado-group,resolved,51000,56000,5,E2,Barcelona,2023-11,levels.fyi,https://www.levels.fyi/companies/ocado-group/salaries/software-engineer/locations/spain,2026-10-06,,,,,,,,,
Ocado Group,165276,https://www.linkedin.com/company/ocadogroup,ocado-group,resolved,50200,50200,7,E2,Barcelona,2019-07,levels.fyi,https://www.levels.fyi/companies/ocado-group/salaries/software-engineer/locations/spain,2026-10-06,,,,,,,,,
Ocado Group,165276,https://www.linkedin.com/company/ocadogroup,ocado-group,resolved,49000,55000,6,E2,Barcelona,2026-03,levels.fyi,https://www.levels.fyi/companies/ocado-group/salaries/software-engineer/locations/spain,2026-10-06,,,,,,,,,
Ocado Group,165276,https://www.linkedin.com/company/ocadogroup,ocado-group,resolved,45000,45000,5,E2,Barcelona,2022-05,levels.fyi,https://www.levels.fyi/companies/ocado-group/salaries/software-engineer/locations/spain,2026-10-06,,,,,,,,,
Oracle,1028,https://www.linkedin.com/company/oracle,oracle,resolved,98000,106000,10,IC-4,Barcelona,2025-02,levels.fyi,https://www.levels.fyi/companies/oracle/salaries/software-engineer/locations/spain,2026-10-06,,,,,,,,,
Oracle,1028,https://www.linkedin.com/company/oracle,oracle,resolved,80000,100000,25,IC-4,Barcelona,2026-07,levels.fyi,https://www.levels.fyi/companies/oracle/salaries/software-engineer/locations/spain,2026-10-06,,,,,,,,,
Oracle,1028,https://www.linkedin.com/company/oracle,oracle,resolved,80000,98250,14,IC-4,Madrid,2024-03,levels.fyi,https://www.levels.fyi/companies/oracle/salaries/software-engineer/locations/spain,2026-10-06,,,,,,,,,
Oracle,1028,https://www.linkedin.com/company/oracle,oracle,resolved,76000,91000,20,IC-4,Madrid,2025-10,levels.fyi,https://www.levels.fyi/companies/oracle/salaries/software-engineer/locations/spain,2026-10-06,,,,,,,,,
Oracle,1028,https://www.linkedin.com/company/oracle,oracle,resolved,70000,90000,13,IC-4,Barcelona,2022-05,levels.fyi,https://www.levels.fyi/companies/oracle/salaries/software-engineer/locations/spain,2026-10-06,,,,,,,,,
Oracle,1028,https://www.linkedin.com/company/oracle,oracle,resolved,69000,81000,14,IC-4,Barcelona,2021-05,levels.fyi,https://www.levels.fyi/companies/oracle/salaries/software-engineer/locations/spain,2026-10-06,,,,,,,,,
Oracle,1028,https://www.linkedin.com/company/oracle,oracle,resolved,63000,88000,14,IC-3,Barcelona,2024-05,levels.fyi,https://www.levels.fyi/companies/oracle/salaries/software-engineer/locations/spain,2026-10-06,,,,,,,,,
Oracle,1028,https://www.linkedin.com/company/oracle,oracle,resolved,62000,77000,7,IC-3,Barcelona,2026-06,levels.fyi,https://www.levels.fyi/companies/oracle/salaries/software-engineer/locations/spain,2026-10-06,,,,,,,,,
Oracle,1028,https://www.linkedin.com/company/oracle,oracle,resolved,62000,75000,7,IC-3,Barcelona,2026-08,levels.fyi,https://www.levels.fyi/companies/oracle/salaries/software-engineer/locations/spain,2026-10-06,,,,,,,,,
Oracle,1028,https://www.linkedin.com/company/oracle,oracle,resolved,60000,68000,5,IC-3,Barcelona,2026-04,levels.fyi,https://www.levels.fyi/companies/oracle/salaries/software-engineer/locations/spain,2026-10-06,,,,,,,,,
Oracle,1028,https://www.linkedin.com/company/oracle,oracle,resolved,60000,65000,15,IC-3,Barcelona,2023-12,levels.fyi,https://www.levels.fyi/companies/oracle/salaries/software-engineer/locations/spain,2026-10-06,,,,,,,,,
Oracle,1028,https://www.linkedin.com/company/oracle,oracle,resolved,60000,62500,5,IC-3,Madrid,2024-05,levels.fyi,https://www.levels.fyi/companies/oracle/salaries/software-engineer/locations/spain,2026-10-06,,,,,,,,,
Oracle,1028,https://www.linkedin.com/company/oracle,oracle,resolved,55000,60000,16,IC-3,Barcelona,2021-06,levels.fyi,https://www.levels.fyi/companies/oracle/salaries/software-engineer/locations/spain,2026-10-06,,,,,,,,,
Oracle,1028,https://www.linkedin.com/company/oracle,oracle,resolved,53497,59636,5,IC-3,Madrid,2023-02,levels.fyi,https://www.levels.fyi/companies/oracle/salaries/software-engineer/locations/spain,2026-10-06,,,,,,,,,
Oracle,1028,https://www.linkedin.com/company/oracle,oracle,resolved,53000,61000,7,IC-3,Barcelona,2024-08,levels.fyi,https://www.levels.fyi/companies/oracle/salaries/software-engineer/locations/spain,2026-10-06,,,,,,,,,
Oracle,1028,https://www.linkedin.com/company/oracle,oracle,resolved,50000,61495,5,IC-2,Barcelona,2024-10,levels.fyi,https://www.levels.fyi/companies/oracle/salaries/software-engineer/locations/spain,2026-10-06,,,,,,,,,
Oracle,1028,https://www.linkedin.com/company/oracle,oracle,resolved,50000,50000,14,IC-4,Madrid,2024-08,levels.fyi,https://www.levels.fyi/companies/oracle/salaries/software-engineer/locations/spain,2026-10-06,,,,,,,,,
Oracle,1028,https://www.linkedin.com/company/oracle,oracle,resolved,47400,53650,5,IC-3,Barcelona,2021-07,levels.fyi,https://www.levels.fyi/companies/oracle/salaries/software-engineer/locations/spain,2026-10-06,,,,,,,,,
Oracle,1028,https://www.linkedin.com/company/oracle,oracle,resolved,32000,32000,8,IC-2,Barcelona,2025-02,levels.fyi,https://www.levels.fyi/companies/oracle/salaries/software-engineer/locations/spain,2026-10-06,,,,,,,,,
Palo Alto Networks,30086,https://www.linkedin.com/company/palo-alto-networks,palo-alto-networks,resolved,100000,205000,20,Principal Engineer,Madrid,2025-03,levels.fyi,https://www.levels.fyi/companies/palo-alto-networks/salaries/software-engineer/locations/spain,2026-10-06,,,,,,,,,
Palo Alto Networks,30086,https://www.linkedin.com/company/palo-alto-networks,palo-alto-networks,resolved,75000,109000,9,Sr Staff Engineer,Barcelona,2025-10,levels.fyi,https://www.levels.fyi/companies/palo-alto-networks/salaries/software-engineer/locations/spain,2026-10-06,,,,,,,,,
Paradigma Digital,,https://www.linkedin.com/company/paradigma-digital,paradigma-digital,resolved,62000,62000,9,Senior,Sevilla,2026-07,levels.fyi,https://www.levels.fyi/companies/paradigma-digital/salaries/software-engineer/locations/spain,2026-10-06,,,,,,,,,
Paradigma Digital,,https://www.linkedin.com/company/paradigma-digital,paradigma-digital,resolved,60000,60000,9,Senior,Madrid,2025-09,levels.fyi,https://www.levels.fyi/companies/paradigma-digital/salaries/software-engineer/locations/spain,2026-10-06,,,,,,,,,
Paradigma Digital,,https://www.linkedin.com/company/paradigma-digital,paradigma-digital,resolved,56600,56600,8,L3,Madrid,2024-06,levels.fyi,https://www.levels.fyi/companies/paradigma-digital/salaries/software-engineer/locations/spain,2026-10-06,,,,,,,,,
Paradigma Digital,,https://www.linkedin.com/company/paradigma-digital,paradigma-digital,resolved,55000,55000,5,Senior,Madrid,2024-04,levels.fyi,https://www.levels.fyi/companies/paradigma-digital/salaries/software-engineer/locations/spain,2026-10-06,,,,,,,,,
Paradigma Digital,,https://www.linkedin.com/company/paradigma-digital,paradigma-digital,resolved,54000,54000,15,Senior,Madrid,2025-05,levels.fyi,https://www.levels.fyi/companies/paradigma-digital/salaries/software-engineer/locations/spain,2026-10-06,,,,,,,,,
Paradigma Digital,,https://www.linkedin.com/company/paradigma-digital,paradigma-digital,resolved,50000,50000,7,2-3,Zaragoza,2025-03,levels.fyi,https://www.levels.fyi/companies/paradigma-digital/salaries/software-engineer/locations/spain,2026-10-06,,,,,,,,,
Paradigma Digital,,https://www.linkedin.com/company/paradigma-digital,paradigma-digital,resolved,40000,40000,6,L2,Madrid,2022-02,levels.fyi,https://www.levels.fyi/companies/paradigma-digital/salaries/software-engineer/locations/spain,2026-10-06,,,,,,,,,
Parser Digital,,https://www.linkedin.com/company/parser,parser-digital,resolved,75000,75000,13,Senior,Madrid,2026-09,levels.fyi,https://www.levels.fyi/companies/parser-digital/salaries/software-engineer/locations/spain,2026-10-06,,,,,,,,,
Parser Digital,,https://www.linkedin.com/company/parser,parser-digital,resolved,72000,72000,7,L3,Madrid,2026-08,levels.fyi,https://www.levels.fyi/companies/parser-digital/salaries/software-engineer/locations/spain,2026-10-06,,,,,,,,,
Parser Digital,,https://www.linkedin.com/company/parser,parser-digital,resolved,72000,72000,7,L3,Madrid,2026-04,levels.fyi,https://www.levels.fyi/companies/parser-digital/salaries/software-engineer/locations/spain,2026-10-06,,,,,,,,,
Parser Digital,,https://www.linkedin.com/company/parser,parser-digital,resolved,70000,70000,7,L2,Madrid,2026-09,levels.fyi,https://www.levels.fyi/companies/parser-digital/salaries/software-engineer/locations/spain,2026-10-06,,,,,,,,,
Parser Digital,,https://www.linkedin.com/company/parser,parser-digital,resolved,60000,60000,7,,Madrid,2024-01,levels.fyi,https://www.levels.fyi/companies/parser-digital/salaries/software-engineer/locations/spain,2026-10-06,,,,,,,,,
Partium,,https://www.linkedin.com/company/partium-io,partium,resolved,69000,69000,7,Senior,Barcelona,2026-07,levels.fyi,https://www.levels.fyi/companies/partium/salaries/software-engineer/locations/spain,2026-10-06,,,,,,,,,
Partium,,https://www.linkedin.com/company/partium-io,partium,resolved,65000,65000,9,L3,Barcelona,2025-10,levels.fyi,https://www.levels.fyi/companies/partium/salaries/software-engineer/locations/spain,2026-10-06,,,,,,,,,
Partium,,https://www.linkedin.com/company/partium-io,partium,resolved,64000,64000,8,,Barcelona,2023-11,levels.fyi,https://www.levels.fyi/companies/partium/salaries/software-engineer/locations/spain,2026-10-06,,,,,,,,,
PayFit,6436622,https://www.linkedin.com/company/payfit,payfit,resolved,79000,79000,11+,,Barcelona,2026-01,levels.fyi,https://www.levels.fyi/companies/payfit/salaries/software-engineer/locations/spain,2026-10-06,,,,,,,,,
PayFit,6436622,https://www.linkedin.com/company/payfit,payfit,resolved,79000,79000,10,Senior,Barcelona,2025-07,levels.fyi,https://www.levels.fyi/companies/payfit/salaries/software-engineer/locations/spain,2026-10-06,,,,,,,,,
PayFit,6436622,https://www.linkedin.com/company/payfit,payfit,resolved,70000,70000,9,L3,Barcelona,2024-08,levels.fyi,https://www.levels.fyi/companies/payfit/salaries/software-engineer/locations/spain,2026-10-06,,,,,,,,,
Pearson,2137,https://www.linkedin.com/company/pearson,pearson,resolved,75000,75000,7,Senior Software Engineer,Madrid,2024-07,levels.fyi,https://www.levels.fyi/companies/pearson/salaries/software-engineer/locations/spain,2026-10-06,,,,,,,,,
Pearson,2137,https://www.linkedin.com/company/pearson,pearson,resolved,70000,78000,6,Senior Software Engineer,Madrid,2026-01,levels.fyi,https://www.levels.fyi/companies/pearson/salaries/software-engineer/locations/spain,2026-10-06,,,,,,,,,
Pearson,2137,https://www.linkedin.com/company/pearson,pearson,resolved,55000,55000,9,Software Engineer,Madrid,2026-07,levels.fyi,https://www.levels.fyi/companies/pearson/salaries/software-engineer/locations/spain,2026-10-06,,,,,,,,,
Pennylane,,https://www.linkedin.com/company/pennylaneaccounting,pennylane,resolved,80000,90000,11+,,Barcelona,2026-08,levels.fyi,https://www.levels.fyi/companies/pennylane/salaries/software-engineer/locations/spain,2026-10-06,,,,,,,,,
Pennylane,,https://www.linkedin.com/company/pennylaneaccounting,pennylane,resolved,77000,84000,16,Confirmed,Barcelona,2026-07,levels.fyi,https://www.levels.fyi/companies/pennylane/salaries/software-engineer/locations/spain,2026-10-06,,,,,,,,,
Perk,9310632,https://www.linkedin.com/company/perk,perk,resolved,86000,99000,11+,,Barcelona,2026-07,levels.fyi,https://www.levels.fyi/companies/perk/salaries/software-engineer/locations/spain,2026-10-06,,,,,,,,,
Perk,9310632,https://www.linkedin.com/company/perk,perk,resolved,78000,78000,10,L4,Barcelona,2026-05,levels.fyi,https://www.levels.fyi/companies/perk/salaries/software-engineer/locations/spain,2026-10-06,,,,,,,,,
Personio,10180448,https://www.linkedin.com/company/personio,personio,resolved,135000,230000,11+,,Barcelona,2024-03,levels.fyi,https://www.levels.fyi/companies/personio/salaries/software-engineer/locations/spain,2026-10-06,,,,,,,,,
Personio,10180448,https://www.linkedin.com/company/personio,personio,resolved,135000,203750,15,L7,Barcelona,2023-11,levels.fyi,https://www.levels.fyi/companies/personio/salaries/software-engineer/locations/spain,2026-10-06,,,,,,,,,
Personio,10180448,https://www.linkedin.com/company/personio,personio,resolved,111000,151000,15,L6,Madrid,2025-08,levels.fyi,https://www.levels.fyi/companies/personio/salaries/software-engineer/locations/spain,2026-10-06,,,,,,,,,
Personio,10180448,https://www.linkedin.com/company/personio,personio,resolved,101000,116000,11,L5B,Madrid,2026-09,levels.fyi,https://www.levels.fyi/companies/personio/salaries/software-engineer/locations/spain,2026-10-06,,,,,,,,,
Personio,10180448,https://www.linkedin.com/company/personio,personio,resolved,97000,97000,10,L5B,Madrid,2025-06,levels.fyi,https://www.levels.fyi/companies/personio/salaries/software-engineer/locations/spain,2026-10-06,,,,,,,,,
Personio,10180448,https://www.linkedin.com/company/personio,personio,resolved,95000,95000,8,L5B,Madrid,2025-03,levels.fyi,https://www.levels.fyi/companies/personio/salaries/software-engineer/locations/spain,2026-10-06,,,,,,,,,
Personio,10180448,https://www.linkedin.com/company/personio,personio,resolved,93000,93000,9,L5B,Madrid,2025-02,levels.fyi,https://www.levels.fyi/companies/personio/salaries/software-engineer/locations/spain,2026-10-06,,,,,,,,,
Personio,10180448,https://www.linkedin.com/company/personio,personio,resolved,90000,112500,15,Tech Lead,Barcelona,2022-12,levels.fyi,https://www.levels.fyi/companies/personio/salaries/software-engineer/locations/spain,2026-10-06,,,,,,,,,
Personio,10180448,https://www.linkedin.com/company/personio,personio,resolved,80000,80000,7,L5,Madrid,2025-04,levels.fyi,https://www.levels.fyi/companies/personio/salaries/software-engineer/locations/spain,2026-10-06,,,,,,,,,
Personio,10180448,https://www.linkedin.com/company/personio,personio,resolved,77000,96000,13,L5,Madrid,2025-05,levels.fyi,https://www.levels.fyi/companies/personio/salaries/software-engineer/locations/spain,2026-10-06,,,,,,,,,
Personio,10180448,https://www.linkedin.com/company/personio,personio,resolved,75000,75000,8,L5,Madrid,2024-01,levels.fyi,https://www.levels.fyi/companies/personio/salaries/software-engineer/locations/spain,2026-10-06,,,,,,,,,
Personio,10180448,https://www.linkedin.com/company/personio,personio,resolved,73000,86000,6,L5,Madrid,2025-12,levels.fyi,https://www.levels.fyi/companies/personio/salaries/software-engineer/locations/spain,2026-10-06,,,,,,,,,
Personio,10180448,https://www.linkedin.com/company/personio,personio,resolved,70000,82000,11,L5,Madrid,2024-08,levels.fyi,https://www.levels.fyi/companies/personio/salaries/software-engineer/locations/spain,2026-10-06,,,,,,,,,
Personio,10180448,https://www.linkedin.com/company/personio,personio,resolved,65000,75000,10,L5,Madrid,2024-01,levels.fyi,https://www.levels.fyi/companies/personio/salaries/software-engineer/locations/spain,2026-10-06,,,,,,,,,
Personio,10180448,https://www.linkedin.com/company/personio,personio,resolved,63000,63000,8,L4,Madrid,2023-10,levels.fyi,https://www.levels.fyi/companies/personio/salaries/software-engineer/locations/spain,2026-10-06,,,,,,,,,
Personio,10180448,https://www.linkedin.com/company/personio,personio,resolved,60000,64000,15,L4,Madrid,2024-02,levels.fyi,https://www.levels.fyi/companies/personio/salaries/software-engineer/locations/spain,2026-10-06,,,,,,,,,
Personio,10180448,https://www.linkedin.com/company/personio,personio,resolved,60000,64000,15,L4,Madrid,2023-08,levels.fyi,https://www.levels.fyi/companies/personio/salaries/software-engineer/locations/spain,2026-10-06,,,,,,,,,
Personio,10180448,https://www.linkedin.com/company/personio,personio,resolved,60000,60000,7,L4,Madrid,2025-05,levels.fyi,https://www.levels.fyi/companies/personio/salaries/software-engineer/locations/spain,2026-10-06,,,,,,,,,
Personio,10180448,https://www.linkedin.com/company/personio,personio,resolved,56000,66000,6,L4,Madrid,2023-11,levels.fyi,https://www.levels.fyi/companies/personio/salaries/software-engineer/locations/spain,2026-10-06,,,,,,,,,
Personio,10180448,https://www.linkedin.com/company/personio,personio,resolved,54000,62000,6,Professional Engineer,Madrid,2023-05,levels.fyi,https://www.levels.fyi/companies/personio/salaries/software-engineer/locations/spain,2026-10-06,,,,,,,,,
Personio,10180448,https://www.linkedin.com/company/personio,personio,resolved,45000,45000,13,L4,Madrid,2022-07,levels.fyi,https://www.levels.fyi/companies/personio/salaries/software-engineer/locations/spain,2026-10-06,,,,,,,,,
Personio,10180448,https://www.linkedin.com/company/personio,personio,resolved,45000,45000,13,L4,Madrid,2021-07,levels.fyi,https://www.levels.fyi/companies/personio/salaries/software-engineer/locations/spain,2026-10-06,,,,,,,,,
Picsart,3007630,https://www.linkedin.com/company/picsart,picsart,resolved,85000,85000,10,L5,Barcelona,2025-05,levels.fyi,https://www.levels.fyi/companies/picsart/salaries/software-engineer/locations/spain,2026-10-06,,,,,,,,,
Picsart,3007630,https://www.linkedin.com/company/picsart,picsart,resolved,83000,83000,14,Senior,Barcelona,2023-02,levels.fyi,https://www.levels.fyi/companies/picsart/salaries/software-engineer/locations/spain,2026-10-06,,,,,,,,,
Picsart,3007630,https://www.linkedin.com/company/picsart,picsart,resolved,80000,80000,16,L2,Barcelona,2026-05,levels.fyi,https://www.levels.fyi/companies/picsart/salaries/software-engineer/locations/spain,2026-10-06,,,,,,,,,
Picsart,3007630,https://www.linkedin.com/company/picsart,picsart,resolved,77000,77000,17,L3,Barcelona,2025-01,levels.fyi,https://www.levels.fyi/companies/picsart/salaries/software-engineer/locations/spain,2026-10-06,,,,,,,,,
Picsart,3007630,https://www.linkedin.com/company/picsart,picsart,resolved,64000,70000,8,,Bilbao,2022-10,levels.fyi,https://www.levels.fyi/companies/picsart/salaries/software-engineer/locations/spain,2026-10-06,,,,,,,,,
Playtomic,,https://www.linkedin.com/company/playtomic,playtomic,resolved,62000,62000,11+,L2,Madrid,2026-09,levels.fyi,https://www.levels.fyi/companies/playtomic/salaries/software-engineer/locations/spain,2026-10-06,,,,,,,,,
Playtomic,,https://www.linkedin.com/company/playtomic,playtomic,resolved,57000,57000,5-10,L2,Madrid,2025-12,levels.fyi,https://www.levels.fyi/companies/playtomic/salaries/software-engineer/locations/spain,2026-10-06,,,,,,,,,
Playtomic,,https://www.linkedin.com/company/playtomic,playtomic,resolved,57000,57000,5-10,L2,Madrid,2025-12,levels.fyi,https://www.levels.fyi/companies/playtomic/salaries/software-engineer/locations/spain,2026-10-06,,,,,,,,,
Playtomic,,https://www.linkedin.com/company/playtomic,playtomic,resolved,55000,55000,5-10,,Madrid,2023-08,levels.fyi,https://www.levels.fyi/companies/playtomic/salaries/software-engineer/locations/spain,2026-10-06,,,,,,,,,
Playtomic,,https://www.linkedin.com/company/playtomic,playtomic,resolved,48000,48000,5-10,,Madrid,2023-05,levels.fyi,https://www.levels.fyi/companies/playtomic/salaries/software-engineer/locations/spain,2026-10-06,,,,,,,,,
Pleo,10275909,https://www.linkedin.com/company/pleo-company,pleo,resolved,105000,105000,15,Senior Software Engineer,Barcelona,2025-01,levels.fyi,https://www.levels.fyi/companies/pleo/salaries/software-engineer/locations/spain,2026-10-06,,,,,,,,,
Pleo,10275909,https://www.linkedin.com/company/pleo-company,pleo,resolved,89000,89000,12,8,Barcelona,2026-02,levels.fyi,https://www.levels.fyi/companies/pleo/salaries/software-engineer/locations/spain,2026-10-06,,,,,,,,,
Pleo,10275909,https://www.linkedin.com/company/pleo-company,pleo,resolved,89000,89000,5-10,L8,Barcelona,2025-05,levels.fyi,https://www.levels.fyi/companies/pleo/salaries/software-engineer/locations/spain,2026-10-06,,,,,,,,,
Pleo,10275909,https://www.linkedin.com/company/pleo-company,pleo,resolved,87000,87000,7,Senior,Barcelona,2026-06,levels.fyi,https://www.levels.fyi/companies/pleo/salaries/software-engineer/locations/spain,2026-10-06,,,,,,,,,
Pleo,10275909,https://www.linkedin.com/company/pleo-company,pleo,resolved,87000,87000,6,Senior,Barcelona,2024-09,levels.fyi,https://www.levels.fyi/companies/pleo/salaries/software-engineer/locations/spain,2026-10-06,,,,,,,,,
Preply,2762432,https://www.linkedin.com/company/preply,preply,resolved,120000,120000,5-10,P8,Barcelona,2025-11,levels.fyi,https://www.levels.fyi/companies/preply/salaries/software-engineer/locations/spain,2026-10-06,,,,,,,,,
Preply,2762432,https://www.linkedin.com/company/preply,preply,resolved,116000,116000,10,P7,Barcelona,2026-08,levels.fyi,https://www.levels.fyi/companies/preply/salaries/software-engineer/locations/spain,2026-10-06,,,,,,,,,
Preply,2762432,https://www.linkedin.com/company/preply,preply,resolved,112000,112000,9,P7,Barcelona,2025-09,levels.fyi,https://www.levels.fyi/companies/preply/salaries/software-engineer/locations/spain,2026-10-06,,,,,,,,,
Preply,2762432,https://www.linkedin.com/company/preply,preply,resolved,100000,109000,10,P7,Barcelona,2021-12,levels.fyi,https://www.levels.fyi/companies/preply/salaries/software-engineer/locations/spain,2026-10-06,,,,,,,,,
Preply,2762432,https://www.linkedin.com/company/preply,preply,resolved,95000,95000,8,P7,Barcelona,2023-10,levels.fyi,https://www.levels.fyi/companies/preply/salaries/software-engineer/locations/spain,2026-10-06,,,,,,,,,
Preply,2762432,https://www.linkedin.com/company/preply,preply,resolved,90000,92500,15,Senior,Barcelona,2023-08,levels.fyi,https://www.levels.fyi/companies/preply/salaries/software-engineer/locations/spain,2026-10-06,,,,,,,,,
Preply,2762432,https://www.linkedin.com/company/preply,preply,resolved,90000,90000,10,Senior,Barcelona,2025-03,levels.fyi,https://www.levels.fyi/companies/preply/salaries/software-engineer/locations/spain,2026-10-06,,,,,,,,,
Preply,2762432,https://www.linkedin.com/company/preply,preply,resolved,89000,92934,6,P6,Barcelona,2026-06,levels.fyi,https://www.levels.fyi/companies/preply/salaries/software-engineer/locations/spain,2026-10-06,,,,,,,,,
Preply,2762432,https://www.linkedin.com/company/preply,preply,resolved,83000,83000,11,L3,Barcelona,2025-10,levels.fyi,https://www.levels.fyi/companies/preply/salaries/software-engineer/locations/spain,2026-10-06,,,,,,,,,
Preply,2762432,https://www.linkedin.com/company/preply,preply,resolved,82000,82000,8,6,Barcelona,2024-11,levels.fyi,https://www.levels.fyi/companies/preply/salaries/software-engineer/locations/spain,2026-10-06,,,,,,,,,
Preply,2762432,https://www.linkedin.com/company/preply,preply,resolved,82000,82000,5-10,6,Barcelona,2025-04,levels.fyi,https://www.levels.fyi/companies/preply/salaries/software-engineer/locations/spain,2026-10-06,,,,,,,,,
Preply,2762432,https://www.linkedin.com/company/preply,preply,resolved,78000,84239,12,P7,Barcelona,2024-03,levels.fyi,https://www.levels.fyi/companies/preply/salaries/software-engineer/locations/spain,2026-10-06,,,,,,,,,
Preply,2762432,https://www.linkedin.com/company/preply,preply,resolved,72000,72000,6,P6,Barcelona,2026-05,levels.fyi,https://www.levels.fyi/companies/preply/salaries/software-engineer/locations/spain,2026-10-06,,,,,,,,,
Preply,2762432,https://www.linkedin.com/company/preply,preply,resolved,65000,65000,5,P6,Barcelona,2024-02,levels.fyi,https://www.levels.fyi/companies/preply/salaries/software-engineer/locations/spain,2026-10-06,,,,,,,,,
Preply,2762432,https://www.linkedin.com/company/preply,preply,resolved,61390,61390,7,Senior,Barcelona,2023-11,levels.fyi,https://www.levels.fyi/companies/preply/salaries/software-engineer/locations/spain,2026-10-06,,,,,,,,,
Q.Beyond,,https://www.linkedin.com/company/qbeyond-ag,qbeyond,resolved,61000,61000,16,L3,Madrid,2026-09,levels.fyi,https://www.levels.fyi/companies/qbeyond/salaries/software-engineer/locations/spain,2026-10-06,,,,,,,,,
Qonto,13205888,https://www.linkedin.com/company/qonto,qonto,resolved,110000,110000,20,L4,Barcelona,2024-02,levels.fyi,https://www.levels.fyi/companies/qonto/salaries/software-engineer/locations/spain,2026-10-06,,,,,,,,,
Qonto,13205888,https://www.linkedin.com/company/qonto,qonto,resolved,95000,102000,6,L4,Barcelona,2026-06,levels.fyi,https://www.levels.fyi/companies/qonto/salaries/software-engineer/locations/spain,2026-10-06,,,,,,,,,
Qonto,13205888,https://www.linkedin.com/company/qonto,qonto,resolved,80000,80000,13,Staff,Madrid,2026-03,levels.fyi,https://www.levels.fyi/companies/qonto/salaries/software-engineer/locations/spain,2026-10-06,,,,,,,,,
Qonto,13205888,https://www.linkedin.com/company/qonto,qonto,resolved,80000,80000,13,L4,Madrid,2025-11,levels.fyi,https://www.levels.fyi/companies/qonto/salaries/software-engineer/locations/spain,2026-10-06,,,,,,,,,
Qonto,13205888,https://www.linkedin.com/company/qonto,qonto,resolved,73000,73000,10,L4,Madrid,2024-05,levels.fyi,https://www.levels.fyi/companies/qonto/salaries/software-engineer/locations/spain,2026-10-06,,,,,,,,,
Qonto,13205888,https://www.linkedin.com/company/qonto,qonto,resolved,71000,71000,10,L3,Barcelona,2026-05,levels.fyi,https://www.levels.fyi/companies/qonto/salaries/software-engineer/locations/spain,2026-10-06,,,,,,,,,
Qonto,13205888,https://www.linkedin.com/company/qonto,qonto,resolved,70000,70000,10,L3,Madrid,2023-04,levels.fyi,https://www.levels.fyi/companies/qonto/salaries/software-engineer/locations/spain,2026-10-06,,,,,,,,,
Qonto,13205888,https://www.linkedin.com/company/qonto,qonto,resolved,70000,70000,8,L3,Barcelona,2024-06,levels.fyi,https://www.levels.fyi/companies/qonto/salaries/software-engineer/locations/spain,2026-10-06,,,,,,,,,
Qonto,13205888,https://www.linkedin.com/company/qonto,qonto,resolved,67000,67000,9,L3,Barcelona,2025-02,levels.fyi,https://www.levels.fyi/companies/qonto/salaries/software-engineer/locations/spain,2026-10-06,,,,,,,,,
Qonto,13205888,https://www.linkedin.com/company/qonto,qonto,resolved,65000,65000,14,L3,Barcelona,2025-08,levels.fyi,https://www.levels.fyi/companies/qonto/salaries/software-engineer/locations/spain,2026-10-06,,,,,,,,,
Qonto,13205888,https://www.linkedin.com/company/qonto,qonto,resolved,65000,65000,11,L3,Barcelona,2026-07,levels.fyi,https://www.levels.fyi/companies/qonto/salaries/software-engineer/locations/spain,2026-10-06,,,,,,,,,
Qonto,13205888,https://www.linkedin.com/company/qonto,qonto,resolved,60000,60000,14,L3,Barcelona,2024-12,levels.fyi,https://www.levels.fyi/companies/qonto/salaries/software-engineer/locations/spain,2026-10-06,,,,,,,,,
Qustodio,,https://www.linkedin.com/company/qustodio,qustodio,resolved,70000,70000,7,L6,Barcelona,2026-09,levels.fyi,https://www.levels.fyi/companies/qustodio/salaries/software-engineer/locations/spain,2026-10-06,,,,,,,,,
Qustodio,,https://www.linkedin.com/company/qustodio,qustodio,resolved,65000,66000,7,L2,Barcelona,2024-07,levels.fyi,https://www.levels.fyi/companies/qustodio/salaries/software-engineer/locations/spain,2026-10-06,,,,,,,,,
Red Hat,3545,https://www.linkedin.com/company/red-hat,red-hat,resolved,95000,172000,25,L4,Barcelona,2024-01,levels.fyi,https://www.levels.fyi/companies/red-hat/salaries/software-engineer/locations/spain,2026-10-06,,,,,,,,,
Red Hat,3545,https://www.linkedin.com/company/red-hat,red-hat,resolved,90000,103500,8,L4,Valencia,2025-03,levels.fyi,https://www.levels.fyi/companies/red-hat/salaries/software-engineer/locations/spain,2026-10-06,,,,,,,,,
Red Hat,3545,https://www.linkedin.com/company/red-hat,red-hat,resolved,85000,96000,24,L4,Valencia,2025-02,levels.fyi,https://www.levels.fyi/companies/red-hat/salaries/software-engineer/locations/spain,2026-10-06,,,,,,,,,
Red Hat,3545,https://www.linkedin.com/company/red-hat,red-hat,resolved,78000,89000,16,L4,Madrid,2022-07,levels.fyi,https://www.levels.fyi/companies/red-hat/salaries/software-engineer/locations/spain,2026-10-06,,,,,,,,,
Red Hat,3545,https://www.linkedin.com/company/red-hat,red-hat,resolved,76000,88001,11,L3,Madrid,2026-07,levels.fyi,https://www.levels.fyi/companies/red-hat/salaries/software-engineer/locations/spain,2026-10-06,,,,,,,,,
Red Hat,3545,https://www.linkedin.com/company/red-hat,red-hat,resolved,76000,85000,5,L3,Barcelona,2023-08,levels.fyi,https://www.levels.fyi/companies/red-hat/salaries/software-engineer/locations/spain,2026-10-06,,,,,,,,,
Red Hat,3545,https://www.linkedin.com/company/red-hat,red-hat,resolved,75000,86000,6,L3,Barcelona,2023-09,levels.fyi,https://www.levels.fyi/companies/red-hat/salaries/software-engineer/locations/spain,2026-10-06,,,,,,,,,
Red Hat,3545,https://www.linkedin.com/company/red-hat,red-hat,resolved,73000,91000,11,L4,Madrid,2023-05,levels.fyi,https://www.levels.fyi/companies/red-hat/salaries/software-engineer/locations/spain,2026-10-06,,,,,,,,,
Red Hat,3545,https://www.linkedin.com/company/red-hat,red-hat,resolved,72000,114000,11,L4,Barcelona,2025-03,levels.fyi,https://www.levels.fyi/companies/red-hat/salaries/software-engineer/locations/spain,2026-10-06,,,,,,,,,
Red Hat,3545,https://www.linkedin.com/company/red-hat,red-hat,resolved,72000,112000,10,L4,Barcelona,2025-02,levels.fyi,https://www.levels.fyi/companies/red-hat/salaries/software-engineer/locations/spain,2026-10-06,,,,,,,,,
Red Hat,3545,https://www.linkedin.com/company/red-hat,red-hat,resolved,70160,102609,18,L4,Madrid,2022-10,levels.fyi,https://www.levels.fyi/companies/red-hat/salaries/software-engineer/locations/spain,2026-10-06,,,,,,,,,
Red Hat,3545,https://www.linkedin.com/company/red-hat,red-hat,resolved,70000,85000,15,L3,Barcelona,2024-06,levels.fyi,https://www.levels.fyi/companies/red-hat/salaries/software-engineer/locations/spain,2026-10-06,,,,,,,,,
Red Hat,3545,https://www.linkedin.com/company/red-hat,red-hat,resolved,70000,80500,10,L3,Malaga,2024-01,levels.fyi,https://www.levels.fyi/companies/red-hat/salaries/software-engineer/locations/spain,2026-10-06,,,,,,,,,
Red Hat,3545,https://www.linkedin.com/company/red-hat,red-hat,resolved,70000,80000,18,L3,Madrid,2023-01,levels.fyi,https://www.levels.fyi/companies/red-hat/salaries/software-engineer/locations/spain,2026-10-06,,,,,,,,,
Red Hat,3545,https://www.linkedin.com/company/red-hat,red-hat,resolved,69000,69000,15,L3,Madrid,2023-03,levels.fyi,https://www.levels.fyi/companies/red-hat/salaries/software-engineer/locations/spain,2026-10-06,,,,,,,,,
Red Hat,3545,https://www.linkedin.com/company/red-hat,red-hat,resolved,61390,71037,16,L3,Madrid,2022-12,levels.fyi,https://www.levels.fyi/companies/red-hat/salaries/software-engineer/locations/spain,2026-10-06,,,,,,,,,
Red Hat,3545,https://www.linkedin.com/company/red-hat,red-hat,resolved,61000,75000,15,L3,Madrid,2025-02,levels.fyi,https://www.levels.fyi/companies/red-hat/salaries/software-engineer/locations/spain,2026-10-06,,,,,,,,,
Red Hat,3545,https://www.linkedin.com/company/red-hat,red-hat,resolved,60000,80000,9,L3,Barcelona,2023-04,levels.fyi,https://www.levels.fyi/companies/red-hat/salaries/software-engineer/locations/spain,2026-10-06,,,,,,,,,
Red Hat,3545,https://www.linkedin.com/company/red-hat,red-hat,resolved,60000,69000,7,L3,Madrid,2025-01,levels.fyi,https://www.levels.fyi/companies/red-hat/salaries/software-engineer/locations/spain,2026-10-06,,,,,,,,,
Red Hat,3545,https://www.linkedin.com/company/red-hat,red-hat,resolved,60000,68000,21,L3,Madrid,2023-03,levels.fyi,https://www.levels.fyi/companies/red-hat/salaries/software-engineer/locations/spain,2026-10-06,,,,,,,,,
Red Hat,3545,https://www.linkedin.com/company/red-hat,red-hat,resolved,59000,84000,12,L3,Barcelona,2025-06,levels.fyi,https://www.levels.fyi/companies/red-hat/salaries/software-engineer/locations/spain,2026-10-06,,,,,,,,,
Red Hat,3545,https://www.linkedin.com/company/red-hat,red-hat,resolved,59000,82000,14,L3,Madrid,2021-10,levels.fyi,https://www.levels.fyi/companies/red-hat/salaries/software-engineer/locations/spain,2026-10-06,,,,,,,,,
Red Hat,3545,https://www.linkedin.com/company/red-hat,red-hat,resolved,57000,86000,8,Senior,Barcelona,2019-02,levels.fyi,https://www.levels.fyi/companies/red-hat/salaries/software-engineer/locations/spain,2026-10-06,,,,,,,,,
Red Hat,3545,https://www.linkedin.com/company/red-hat,red-hat,resolved,55000,55000,20,L3,Madrid,2022-11,levels.fyi,https://www.levels.fyi/companies/red-hat/salaries/software-engineer/locations/spain,2026-10-06,,,,,,,,,
Red Hat,3545,https://www.linkedin.com/company/red-hat,red-hat,resolved,54000,82000,10,L3,Barcelona,2023-04,levels.fyi,https://www.levels.fyi/companies/red-hat/salaries/software-engineer/locations/spain,2026-10-06,,,,,,,,,
Red Hat,3545,https://www.linkedin.com/company/red-hat,red-hat,resolved,49000,55000,6,L3,Madrid,2021-09,levels.fyi,https://www.levels.fyi/companies/red-hat/salaries/software-engineer/locations/spain,2026-10-06,,,,,,,,,
Red Hat,3545,https://www.linkedin.com/company/red-hat,red-hat,resolved,48235,53146,9,L2,Madrid,2023-08,levels.fyi,https://www.levels.fyi/companies/red-hat/salaries/software-engineer/locations/spain,2026-10-06,,,,,,,,,
Red Hat,3545,https://www.linkedin.com/company/red-hat,red-hat,resolved,48235,53146,7,L2,Barcelona,2023-01,levels.fyi,https://www.levels.fyi/companies/red-hat/salaries/software-engineer/locations/spain,2026-10-06,,,,,,,,,
Red Hat,3545,https://www.linkedin.com/company/red-hat,red-hat,resolved,48235,51743,8,L2,Madrid,2023-02,levels.fyi,https://www.levels.fyi/companies/red-hat/salaries/software-engineer/locations/spain,2026-10-06,,,,,,,,,
Red Hat,3545,https://www.linkedin.com/company/red-hat,red-hat,resolved,48000,56800,7,L2,Madrid,2023-08,levels.fyi,https://www.levels.fyi/companies/red-hat/salaries/software-engineer/locations/spain,2026-10-06,,,,,,,,,
Red Hat,3545,https://www.linkedin.com/company/red-hat,red-hat,resolved,48000,49000,7,L2,Madrid,2024-07,levels.fyi,https://www.levels.fyi/companies/red-hat/salaries/software-engineer/locations/spain,2026-10-06,,,,,,,,,
Red Hat,3545,https://www.linkedin.com/company/red-hat,red-hat,resolved,45000,46600,6,L1,Madrid,2023-08,levels.fyi,https://www.levels.fyi/companies/red-hat/salaries/software-engineer/locations/spain,2026-10-06,,,,,,,,,
Remote,17955831,https://www.linkedin.com/company/remote.com,remote,resolved,108001,108001,7,Team Lead,Valencia,2025-01,levels.fyi,https://www.levels.fyi/companies/remote/salaries/software-engineer/locations/spain,2026-10-06,,,,,,,,,
Remote,17955831,https://www.linkedin.com/company/remote.com,remote,resolved,89000,118000,20,Staff,Barcelona,2026-04,levels.fyi,https://www.levels.fyi/companies/remote/salaries/software-engineer/locations/spain,2026-10-06,,,,,,,,,
Remote,17955831,https://www.linkedin.com/company/remote.com,remote,resolved,85000,85000,14,L1,Barcelona,2026-04,levels.fyi,https://www.levels.fyi/companies/remote/salaries/software-engineer/locations/spain,2026-10-06,,,,,,,,,
Remote,17955831,https://www.linkedin.com/company/remote.com,remote,resolved,84000,84000,5-10,,Barcelona,2022-12,levels.fyi,https://www.levels.fyi/companies/remote/salaries/software-engineer/locations/spain,2026-10-06,,,,,,,,,
Remote,17955831,https://www.linkedin.com/company/remote.com,remote,resolved,75000,75000,20,Principal,Malaga,2023-02,levels.fyi,https://www.levels.fyi/companies/remote/salaries/software-engineer/locations/spain,2026-10-06,,,,,,,,,
Remote,17955831,https://www.linkedin.com/company/remote.com,remote,resolved,74000,74000,8,Senior,Barcelona,2025-03,levels.fyi,https://www.levels.fyi/companies/remote/salaries/software-engineer/locations/spain,2026-10-06,,,,,,,,,
Revolut,5356541,https://www.linkedin.com/company/revolut,revolut,resolved,137000,137000,21,Senior Software Engineer,Barcelona,2026-03,levels.fyi,https://www.levels.fyi/companies/revolut/salaries/software-engineer/locations/spain,2026-10-06,,https://www.revolut.com,,London,GB,"10,001+",insurance|technology|information-technology-services|financial-services,2014,"Mobile banking and payments company. Equity: Options vesting 25/1,25/12,25/12,25/12."
Revolut,5356541,https://www.linkedin.com/company/revolut,revolut,resolved,113000,147000,15,Senior Software Engineer,Madrid,2025-05,levels.fyi,https://www.levels.fyi/companies/revolut/salaries/software-engineer/locations/spain,2026-10-06,,https://www.revolut.com,,London,GB,"10,001+",insurance|technology|information-technology-services|financial-services,2014,"Mobile banking and payments company. Equity: Options vesting 25/1,25/12,25/12,25/12."
Revolut,5356541,https://www.linkedin.com/company/revolut,revolut,resolved,112000,187000,9,Senior Software Engineer,Barcelona,2026-04,levels.fyi,https://www.levels.fyi/companies/revolut/salaries/software-engineer/locations/spain,2026-10-06,,https://www.revolut.com,,London,GB,"10,001+",insurance|technology|information-technology-services|financial-services,2014,"Mobile banking and payments company. Equity: Options vesting 25/1,25/12,25/12,25/12."
Revolut,5356541,https://www.linkedin.com/company/revolut,revolut,resolved,110000,120000,13,Senior Software Engineer,Barcelona,2025-11,levels.fyi,https://www.levels.fyi/companies/revolut/salaries/software-engineer/locations/spain,2026-10-06,,https://www.revolut.com,,London,GB,"10,001+",insurance|technology|information-technology-services|financial-services,2014,"Mobile banking and payments company. Equity: Options vesting 25/1,25/12,25/12,25/12."
Revolut,5356541,https://www.linkedin.com/company/revolut,revolut,resolved,110000,110000,15,Senior Software Engineer,Madrid,2025-02,levels.fyi,https://www.levels.fyi/companies/revolut/salaries/software-engineer/locations/spain,2026-10-06,,https://www.revolut.com,,London,GB,"10,001+",insurance|technology|information-technology-services|financial-services,2014,"Mobile banking and payments company. Equity: Options vesting 25/1,25/12,25/12,25/12."
Revolut,5356541,https://www.linkedin.com/company/revolut,revolut,resolved,108000,123000,15,Senior Software Engineer,Barcelona,2026-08,levels.fyi,https://www.levels.fyi/companies/revolut/salaries/software-engineer/locations/spain,2026-10-06,,https://www.revolut.com,,London,GB,"10,001+",insurance|technology|information-technology-services|financial-services,2014,"Mobile banking and payments company. Equity: Options vesting 25/1,25/12,25/12,25/12."
Revolut,5356541,https://www.linkedin.com/company/revolut,revolut,resolved,108000,108000,10,Senior Software Engineer,Barcelona,2026-03,levels.fyi,https://www.levels.fyi/companies/revolut/salaries/software-engineer/locations/spain,2026-10-06,,https://www.revolut.com,,London,GB,"10,001+",insurance|technology|information-technology-services|financial-services,2014,"Mobile banking and payments company. Equity: Options vesting 25/1,25/12,25/12,25/12."
Revolut,5356541,https://www.linkedin.com/company/revolut,revolut,resolved,107000,150850,8,Senior Software Engineer,Madrid,2024-10,levels.fyi,https://www.levels.fyi/companies/revolut/salaries/software-engineer/locations/spain,2026-10-06,,https://www.revolut.com,,London,GB,"10,001+",insurance|technology|information-technology-services|financial-services,2014,"Mobile banking and payments company. Equity: Options vesting 25/1,25/12,25/12,25/12."
Revolut,5356541,https://www.linkedin.com/company/revolut,revolut,resolved,107000,127000,9,Senior Software Engineer,Madrid,2025-08,levels.fyi,https://www.levels.fyi/companies/revolut/salaries/software-engineer/locations/spain,2026-10-06,,https://www.revolut.com,,London,GB,"10,001+",insurance|technology|information-technology-services|financial-services,2014,"Mobile banking and payments company. Equity: Options vesting 25/1,25/12,25/12,25/12."
Revolut,5356541,https://www.linkedin.com/company/revolut,revolut,resolved,107000,107000,15,Senior Software Engineer,Barcelona,2025-06,levels.fyi,https://www.levels.fyi/companies/revolut/salaries/software-engineer/locations/spain,2026-10-06,,https://www.revolut.com,,London,GB,"10,001+",insurance|technology|information-technology-services|financial-services,2014,"Mobile banking and payments company. Equity: Options vesting 25/1,25/12,25/12,25/12."
Revolut,5356541,https://www.linkedin.com/company/revolut,revolut,resolved,107000,107000,10,Senior Software Engineer,Barcelona,2025-06,levels.fyi,https://www.levels.fyi/companies/revolut/salaries/software-engineer/locations/spain,2026-10-06,,https://www.revolut.com,,London,GB,"10,001+",insurance|technology|information-technology-services|financial-services,2014,"Mobile banking and payments company. Equity: Options vesting 25/1,25/12,25/12,25/12."
Revolut,5356541,https://www.linkedin.com/company/revolut,revolut,resolved,105000,105000,10,Senior Software Engineer,Valencia,2026-07,levels.fyi,https://www.levels.fyi/companies/revolut/salaries/software-engineer/locations/spain,2026-10-06,,https://www.revolut.com,,London,GB,"10,001+",insurance|technology|information-technology-services|financial-services,2014,"Mobile banking and payments company. Equity: Options vesting 25/1,25/12,25/12,25/12."
Revolut,5356541,https://www.linkedin.com/company/revolut,revolut,resolved,105000,105000,7,Senior Software Engineer,Madrid,2025-12,levels.fyi,https://www.levels.fyi/companies/revolut/salaries/software-engineer/locations/spain,2026-10-06,,https://www.revolut.com,,London,GB,"10,001+",insurance|technology|information-technology-services|financial-services,2014,"Mobile banking and payments company. Equity: Options vesting 25/1,25/12,25/12,25/12."
Revolut,5356541,https://www.linkedin.com/company/revolut,revolut,resolved,103000,128000,7,Senior Software Engineer,Barcelona,2026-01,levels.fyi,https://www.levels.fyi/companies/revolut/salaries/software-engineer/locations/spain,2026-10-06,,https://www.revolut.com,,London,GB,"10,001+",insurance|technology|information-technology-services|financial-services,2014,"Mobile banking and payments company. Equity: Options vesting 25/1,25/12,25/12,25/12."
Revolut,5356541,https://www.linkedin.com/company/revolut,revolut,resolved,101000,112000,12,Senior Software Engineer,Barcelona,2026-02,levels.fyi,https://www.levels.fyi/companies/revolut/salaries/software-engineer/locations/spain,2026-10-06,,https://www.revolut.com,,London,GB,"10,001+",insurance|technology|information-technology-services|financial-services,2014,"Mobile banking and payments company. Equity: Options vesting 25/1,25/12,25/12,25/12."
Revolut,5356541,https://www.linkedin.com/company/revolut,revolut,resolved,101000,111000,10,Senior Software Engineer,Barcelona,2023-10,levels.fyi,https://www.levels.fyi/companies/revolut/salaries/software-engineer/locations/spain,2026-10-06,,https://www.revolut.com,,London,GB,"10,001+",insurance|technology|information-technology-services|financial-services,2014,"Mobile banking and payments company. Equity: Options vesting 25/1,25/12,25/12,25/12."
Revolut,5356541,https://www.linkedin.com/company/revolut,revolut,resolved,100000,155000,13,Senior Software Engineer,Madrid,2024-02,levels.fyi,https://www.levels.fyi/companies/revolut/salaries/software-engineer/locations/spain,2026-10-06,,https://www.revolut.com,,London,GB,"10,001+",insurance|technology|information-technology-services|financial-services,2014,"Mobile banking and payments company. Equity: Options vesting 25/1,25/12,25/12,25/12."
Revolut,5356541,https://www.linkedin.com/company/revolut,revolut,resolved,100000,130000,8,Middle Software Engineer,Barcelona,2026-01,levels.fyi,https://www.levels.fyi/companies/revolut/salaries/software-engineer/locations/spain,2026-10-06,,https://www.revolut.com,,London,GB,"10,001+",insurance|technology|information-technology-services|financial-services,2014,"Mobile banking and payments company. Equity: Options vesting 25/1,25/12,25/12,25/12."
Revolut,5356541,https://www.linkedin.com/company/revolut,revolut,resolved,100000,110000,20,Senior Software Engineer,Madrid,2025-08,levels.fyi,https://www.levels.fyi/companies/revolut/salaries/software-engineer/locations/spain,2026-10-06,,https://www.revolut.com,,London,GB,"10,001+",insurance|technology|information-technology-services|financial-services,2014,"Mobile banking and payments company. Equity: Options vesting 25/1,25/12,25/12,25/12."
Revolut,5356541,https://www.linkedin.com/company/revolut,revolut,resolved,100000,100000,7,Senior Software Engineer,Barcelona,2025-09,levels.fyi,https://www.levels.fyi/companies/revolut/salaries/software-engineer/locations/spain,2026-10-06,,https://www.revolut.com,,London,GB,"10,001+",insurance|technology|information-technology-services|financial-services,2014,"Mobile banking and payments company. Equity: Options vesting 25/1,25/12,25/12,25/12."
Revolut,5356541,https://www.linkedin.com/company/revolut,revolut,resolved,95000,95000,12,Senior Software Engineer,Barcelona,2024-11,levels.fyi,https://www.levels.fyi/companies/revolut/salaries/software-engineer/locations/spain,2026-10-06,,https://www.revolut.com,,London,GB,"10,001+",insurance|technology|information-technology-services|financial-services,2014,"Mobile banking and payments company. Equity: Options vesting 25/1,25/12,25/12,25/12."
Revolut,5356541,https://www.linkedin.com/company/revolut,revolut,resolved,88000,123000,7,Senior Software Engineer,Barcelona,2024-01,levels.fyi,https://www.levels.fyi/companies/revolut/salaries/software-engineer/locations/spain,2026-10-06,,https://www.revolut.com,,London,GB,"10,001+",insurance|technology|information-technology-services|financial-services,2014,"Mobile banking and payments company. Equity: Options vesting 25/1,25/12,25/12,25/12."
Revolut,5356541,https://www.linkedin.com/company/revolut,revolut,resolved,88000,108000,9,Senior Software Engineer,Barcelona,2025-10,levels.fyi,https://www.levels.fyi/companies/revolut/salaries/software-engineer/locations/spain,2026-10-06,,https://www.revolut.com,,London,GB,"10,001+",insurance|technology|information-technology-services|financial-services,2014,"Mobile banking and payments company. Equity: Options vesting 25/1,25/12,25/12,25/12."
Revolut,5356541,https://www.linkedin.com/company/revolut,revolut,resolved,88000,99500,7,Senior Software Engineer,Barcelona,2024-05,levels.fyi,https://www.levels.fyi/companies/revolut/salaries/software-engineer/locations/spain,2026-10-06,,https://www.revolut.com,,London,GB,"10,001+",insurance|technology|information-technology-services|financial-services,2014,"Mobile banking and payments company. Equity: Options vesting 25/1,25/12,25/12,25/12."
Revolut,5356541,https://www.linkedin.com/company/revolut,revolut,resolved,88000,88000,7,Senior Software Engineer,Barcelona,2024-01,levels.fyi,https://www.levels.fyi/companies/revolut/salaries/software-engineer/locations/spain,2026-10-06,,https://www.revolut.com,,London,GB,"10,001+",insurance|technology|information-technology-services|financial-services,2014,"Mobile banking and payments company. Equity: Options vesting 25/1,25/12,25/12,25/12."
Revolut,5356541,https://www.linkedin.com/company/revolut,revolut,resolved,87000,127000,12,Senior Software Engineer,Barcelona,2025-12,levels.fyi,https://www.levels.fyi/companies/revolut/salaries/software-engineer/locations/spain,2026-10-06,,https://www.revolut.com,,London,GB,"10,001+",insurance|technology|information-technology-services|financial-services,2014,"Mobile banking and payments company. Equity: Options vesting 25/1,25/12,25/12,25/12."
Revolut,5356541,https://www.linkedin.com/company/revolut,revolut,resolved,87000,90679,6,Middle Software Engineer,Madrid,2025-06,levels.fyi,https://www.levels.fyi/companies/revolut/salaries/software-engineer/locations/spain,2026-10-06,,https://www.revolut.com,,London,GB,"10,001+",insurance|technology|information-technology-services|financial-services,2014,"Mobile banking and payments company. Equity: Options vesting 25/1,25/12,25/12,25/12."
Revolut,5356541,https://www.linkedin.com/company/revolut,revolut,resolved,87000,87000,9,Mid,Barcelona,2026-06,levels.fyi,https://www.levels.fyi/companies/revolut/salaries/software-engineer/locations/spain,2026-10-06,,https://www.revolut.com,,London,GB,"10,001+",insurance|technology|information-technology-services|financial-services,2014,"Mobile banking and payments company. Equity: Options vesting 25/1,25/12,25/12,25/12."
Revolut,5356541,https://www.linkedin.com/company/revolut,revolut,resolved,87000,87000,6,Middle Software Engineer,Madrid,2026-06,levels.fyi,https://www.levels.fyi/companies/revolut/salaries/software-engineer/locations/spain,2026-10-06,,https://www.revolut.com,,London,GB,"10,001+",insurance|technology|information-technology-services|financial-services,2014,"Mobile banking and payments company. Equity: Options vesting 25/1,25/12,25/12,25/12."
Revolut,5356541,https://www.linkedin.com/company/revolut,revolut,resolved,86000,124540,5,Middle Software Engineer,Barcelona,2026-07,levels.fyi,https://www.levels.fyi/companies/revolut/salaries/software-engineer/locations/spain,2026-10-06,,https://www.revolut.com,,London,GB,"10,001+",insurance|technology|information-technology-services|financial-services,2014,"Mobile banking and payments company. Equity: Options vesting 25/1,25/12,25/12,25/12."
Revolut,5356541,https://www.linkedin.com/company/revolut,revolut,resolved,86000,105000,6,Middle Software Engineer,Madrid,2024-11,levels.fyi,https://www.levels.fyi/companies/revolut/salaries/software-engineer/locations/spain,2026-10-06,,https://www.revolut.com,,London,GB,"10,001+",insurance|technology|information-technology-services|financial-services,2014,"Mobile banking and payments company. Equity: Options vesting 25/1,25/12,25/12,25/12."
Revolut,5356541,https://www.linkedin.com/company/revolut,revolut,resolved,85000,125000,10,Middle Software Engineer I,Madrid,2025-08,levels.fyi,https://www.levels.fyi/companies/revolut/salaries/software-engineer/locations/spain,2026-10-06,,https://www.revolut.com,,London,GB,"10,001+",insurance|technology|information-technology-services|financial-services,2014,"Mobile banking and payments company. Equity: Options vesting 25/1,25/12,25/12,25/12."
Revolut,5356541,https://www.linkedin.com/company/revolut,revolut,resolved,85000,85000,12,Senior Software Engineer,Getxo,2024-07,levels.fyi,https://www.levels.fyi/companies/revolut/salaries/software-engineer/locations/spain,2026-10-06,,https://www.revolut.com,,London,GB,"10,001+",insurance|technology|information-technology-services|financial-services,2014,"Mobile banking and payments company. Equity: Options vesting 25/1,25/12,25/12,25/12."
Revolut,5356541,https://www.linkedin.com/company/revolut,revolut,resolved,83000,120550,7,Middle Software Engineer,Barcelona,2024-07,levels.fyi,https://www.levels.fyi/companies/revolut/salaries/software-engineer/locations/spain,2026-10-06,,https://www.revolut.com,,London,GB,"10,001+",insurance|technology|information-technology-services|financial-services,2014,"Mobile banking and payments company. Equity: Options vesting 25/1,25/12,25/12,25/12."
Revolut,5356541,https://www.linkedin.com/company/revolut,revolut,resolved,83000,115400,5,Middle Software Engineer,Barcelona,2024-05,levels.fyi,https://www.levels.fyi/companies/revolut/salaries/software-engineer/locations/spain,2026-10-06,,https://www.revolut.com,,London,GB,"10,001+",insurance|technology|information-technology-services|financial-services,2014,"Mobile banking and payments company. Equity: Options vesting 25/1,25/12,25/12,25/12."
Revolut,5356541,https://www.linkedin.com/company/revolut,revolut,resolved,83000,112000,10,Middle Software Engineer,Madrid,2026-04,levels.fyi,https://www.levels.fyi/companies/revolut/salaries/software-engineer/locations/spain,2026-10-06,,https://www.revolut.com,,London,GB,"10,001+",insurance|technology|information-technology-services|financial-services,2014,"Mobile banking and payments company. Equity: Options vesting 25/1,25/12,25/12,25/12."
Revolut,5356541,https://www.linkedin.com/company/revolut,revolut,resolved,83000,103800,6,Middle Software Engineer,Madrid,2026-08,levels.fyi,https://www.levels.fyi/companies/revolut/salaries/software-engineer/locations/spain,2026-10-06,,https://www.revolut.com,,London,GB,"10,001+",insurance|technology|information-technology-services|financial-services,2014,"Mobile banking and payments company. Equity: Options vesting 25/1,25/12,25/12,25/12."
Revolut,5356541,https://www.linkedin.com/company/revolut,revolut,resolved,83000,88500,7,Middle Software Engineer,Madrid,2025-10,levels.fyi,https://www.levels.fyi/companies/revolut/salaries/software-engineer/locations/spain,2026-10-06,,https://www.revolut.com,,London,GB,"10,001+",insurance|technology|information-technology-services|financial-services,2014,"Mobile banking and payments company. Equity: Options vesting 25/1,25/12,25/12,25/12."
Revolut,5356541,https://www.linkedin.com/company/revolut,revolut,resolved,82000,90500,8,Senior Software Engineer,Barcelona,2025-08,levels.fyi,https://www.levels.fyi/companies/revolut/salaries/software-engineer/locations/spain,2026-10-06,,https://www.revolut.com,,London,GB,"10,001+",insurance|technology|information-technology-services|financial-services,2014,"Mobile banking and payments company. Equity: Options vesting 25/1,25/12,25/12,25/12."
Revolut,5356541,https://www.linkedin.com/company/revolut,revolut,resolved,82000,90000,7,Senior Software Engineer,Barcelona,2025-12,levels.fyi,https://www.levels.fyi/companies/revolut/salaries/software-engineer/locations/spain,2026-10-06,,https://www.revolut.com,,London,GB,"10,001+",insurance|technology|information-technology-services|financial-services,2014,"Mobile banking and payments company. Equity: Options vesting 25/1,25/12,25/12,25/12."
Revolut,5356541,https://www.linkedin.com/company/revolut,revolut,resolved,82000,87000,7,Middle Software Engineer,Madrid,2025-06,levels.fyi,https://www.levels.fyi/companies/revolut/salaries/software-engineer/locations/spain,2026-10-06,,https://www.revolut.com,,London,GB,"10,001+",insurance|technology|information-technology-services|financial-services,2014,"Mobile banking and payments company. Equity: Options vesting 25/1,25/12,25/12,25/12."
Revolut,5356541,https://www.linkedin.com/company/revolut,revolut,resolved,81000,89000,7,Middle Software Engineer,Valencia,2025-05,levels.fyi,https://www.levels.fyi/companies/revolut/salaries/software-engineer/locations/spain,2026-10-06,,https://www.revolut.com,,London,GB,"10,001+",insurance|technology|information-technology-services|financial-services,2014,"Mobile banking and payments company. Equity: Options vesting 25/1,25/12,25/12,25/12."
Revolut,5356541,https://www.linkedin.com/company/revolut,revolut,resolved,81000,81000,11,Senior Software Engineer,Madrid,2024-01,levels.fyi,https://www.levels.fyi/companies/revolut/salaries/software-engineer/locations/spain,2026-10-06,,https://www.revolut.com,,London,GB,"10,001+",insurance|technology|information-technology-services|financial-services,2014,"Mobile banking and payments company. Equity: Options vesting 25/1,25/12,25/12,25/12."
Revolut,5356541,https://www.linkedin.com/company/revolut,revolut,resolved,80000,95750,15,Middle Software Engineer,Torrevieja,2025-09,levels.fyi,https://www.levels.fyi/companies/revolut/salaries/software-engineer/locations/spain,2026-10-06,,https://www.revolut.com,,London,GB,"10,001+",insurance|technology|information-technology-services|financial-services,2014,"Mobile banking and payments company. Equity: Options vesting 25/1,25/12,25/12,25/12."
Revolut,5356541,https://www.linkedin.com/company/revolut,revolut,resolved,80000,85667,7,Middle Software Engineer,Madrid,2026-01,levels.fyi,https://www.levels.fyi/companies/revolut/salaries/software-engineer/locations/spain,2026-10-06,,https://www.revolut.com,,London,GB,"10,001+",insurance|technology|information-technology-services|financial-services,2014,"Mobile banking and payments company. Equity: Options vesting 25/1,25/12,25/12,25/12."
Revolut,5356541,https://www.linkedin.com/company/revolut,revolut,resolved,80000,84667,5,Middle Software Engineer,Madrid,2026-01,levels.fyi,https://www.levels.fyi/companies/revolut/salaries/software-engineer/locations/spain,2026-10-06,,https://www.revolut.com,,London,GB,"10,001+",insurance|technology|information-technology-services|financial-services,2014,"Mobile banking and payments company. Equity: Options vesting 25/1,25/12,25/12,25/12."
Revolut,5356541,https://www.linkedin.com/company/revolut,revolut,resolved,79000,116500,7,Middle Software Engineer,Barcelona,2023-05,levels.fyi,https://www.levels.fyi/companies/revolut/salaries/software-engineer/locations/spain,2026-10-06,,https://www.revolut.com,,London,GB,"10,001+",insurance|technology|information-technology-services|financial-services,2014,"Mobile banking and payments company. Equity: Options vesting 25/1,25/12,25/12,25/12."
Revolut,5356541,https://www.linkedin.com/company/revolut,revolut,resolved,79000,86000,10,Middle Software Engineer,Vigo,2025-10,levels.fyi,https://www.levels.fyi/companies/revolut/salaries/software-engineer/locations/spain,2026-10-06,,https://www.revolut.com,,London,GB,"10,001+",insurance|technology|information-technology-services|financial-services,2014,"Mobile banking and payments company. Equity: Options vesting 25/1,25/12,25/12,25/12."
Revolut,5356541,https://www.linkedin.com/company/revolut,revolut,resolved,79000,79000,7,Middle Software Engineer,Barcelona,2023-09,levels.fyi,https://www.levels.fyi/companies/revolut/salaries/software-engineer/locations/spain,2026-10-06,,https://www.revolut.com,,London,GB,"10,001+",insurance|technology|information-technology-services|financial-services,2014,"Mobile banking and payments company. Equity: Options vesting 25/1,25/12,25/12,25/12."
Revolut,5356541,https://www.linkedin.com/company/revolut,revolut,resolved,77000,88000,10,Senior,Madrid,2021-11,levels.fyi,https://www.levels.fyi/companies/revolut/salaries/software-engineer/locations/spain,2026-10-06,,https://www.revolut.com,,London,GB,"10,001+",insurance|technology|information-technology-services|financial-services,2014,"Mobile banking and payments company. Equity: Options vesting 25/1,25/12,25/12,25/12."
Revolut,5356541,https://www.linkedin.com/company/revolut,revolut,resolved,75000,75000,5,Middle Software Engineer,Madrid,2023-05,levels.fyi,https://www.levels.fyi/companies/revolut/salaries/software-engineer/locations/spain,2026-10-06,,https://www.revolut.com,,London,GB,"10,001+",insurance|technology|information-technology-services|financial-services,2014,"Mobile banking and payments company. Equity: Options vesting 25/1,25/12,25/12,25/12."
Revolut,5356541,https://www.linkedin.com/company/revolut,revolut,resolved,71000,80000,9,Middle Software Engineer,Barcelona,2026-01,levels.fyi,https://www.levels.fyi/companies/revolut/salaries/software-engineer/locations/spain,2026-10-06,,https://www.revolut.com,,London,GB,"10,001+",insurance|technology|information-technology-services|financial-services,2014,"Mobile banking and payments company. Equity: Options vesting 25/1,25/12,25/12,25/12."
Revolut,5356541,https://www.linkedin.com/company/revolut,revolut,resolved,71000,73250,9,Middle Software Engineer,Madrid,2025-06,levels.fyi,https://www.levels.fyi/companies/revolut/salaries/software-engineer/locations/spain,2026-10-06,,https://www.revolut.com,,London,GB,"10,001+",insurance|technology|information-technology-services|financial-services,2014,"Mobile banking and payments company. Equity: Options vesting 25/1,25/12,25/12,25/12."
Revolut,5356541,https://www.linkedin.com/company/revolut,revolut,resolved,70000,70000,7,Middle Software Engineer,Valencia,2025-03,levels.fyi,https://www.levels.fyi/companies/revolut/salaries/software-engineer/locations/spain,2026-10-06,,https://www.revolut.com,,London,GB,"10,001+",insurance|technology|information-technology-services|financial-services,2014,"Mobile banking and payments company. Equity: Options vesting 25/1,25/12,25/12,25/12."
Revolut,5356541,https://www.linkedin.com/company/revolut,revolut,resolved,68000,89250,5,Middle Software Engineer,Barcelona,2026-02,levels.fyi,https://www.levels.fyi/companies/revolut/salaries/software-engineer/locations/spain,2026-10-06,,https://www.revolut.com,,London,GB,"10,001+",insurance|technology|information-technology-services|financial-services,2014,"Mobile banking and payments company. Equity: Options vesting 25/1,25/12,25/12,25/12."
Revolut,5356541,https://www.linkedin.com/company/revolut,revolut,resolved,65000,70000,6,Middle Software Engineer,Valencia,2024-08,levels.fyi,https://www.levels.fyi/companies/revolut/salaries/software-engineer/locations/spain,2026-10-06,,https://www.revolut.com,,London,GB,"10,001+",insurance|technology|information-technology-services|financial-services,2014,"Mobile banking and payments company. Equity: Options vesting 25/1,25/12,25/12,25/12."
Revolut,5356541,https://www.linkedin.com/company/revolut,revolut,resolved,65000,65000,7,Senior Software Engineer,Barcelona,2024-04,levels.fyi,https://www.levels.fyi/companies/revolut/salaries/software-engineer/locations/spain,2026-10-06,,https://www.revolut.com,,London,GB,"10,001+",insurance|technology|information-technology-services|financial-services,2014,"Mobile banking and payments company. Equity: Options vesting 25/1,25/12,25/12,25/12."
Rillet,,https://www.linkedin.com/company/team-rillet,rillet,resolved,135000,135000,16,Staff,Barcelona,2026-06,levels.fyi,https://www.levels.fyi/companies/rillet/salaries/software-engineer/locations/spain,2026-10-06,,,,,,,,,
RingCentral,60868,https://www.linkedin.com/company/ringcentral,ringcentral,resolved,110000,110000,10,L6,Valencia,2025-12,levels.fyi,https://www.levels.fyi/companies/ringcentral/salaries/software-engineer/locations/spain,2026-10-06,,,,,,,,,
RingCentral,60868,https://www.linkedin.com/company/ringcentral,ringcentral,resolved,93000,101000,5,L5,Valencia,2023-03,levels.fyi,https://www.levels.fyi/companies/ringcentral/salaries/software-engineer/locations/spain,2026-10-06,,,,,,,,,
RingCentral,60868,https://www.linkedin.com/company/ringcentral,ringcentral,resolved,84000,92000,13,L4,Valencia,2026-05,levels.fyi,https://www.levels.fyi/companies/ringcentral/salaries/software-engineer/locations/spain,2026-10-06,,,,,,,,,
RingCentral,60868,https://www.linkedin.com/company/ringcentral,ringcentral,resolved,84000,92000,6,L3,Valencia,2026-07,levels.fyi,https://www.levels.fyi/companies/ringcentral/salaries/software-engineer/locations/spain,2026-10-06,,,,,,,,,
RingCentral,60868,https://www.linkedin.com/company/ringcentral,ringcentral,resolved,84000,92000,5,L3,Valencia,2026-03,levels.fyi,https://www.levels.fyi/companies/ringcentral/salaries/software-engineer/locations/spain,2026-10-06,,,,,,,,,
RingCentral,60868,https://www.linkedin.com/company/ringcentral,ringcentral,resolved,84000,92000,5,L3,Valencia,2025-11,levels.fyi,https://www.levels.fyi/companies/ringcentral/salaries/software-engineer/locations/spain,2026-10-06,,,,,,,,,
RingCentral,60868,https://www.linkedin.com/company/ringcentral,ringcentral,resolved,84000,92000,5,L3,Valencia,2025-11,levels.fyi,https://www.levels.fyi/companies/ringcentral/salaries/software-engineer/locations/spain,2026-10-06,,,,,,,,,
RingCentral,60868,https://www.linkedin.com/company/ringcentral,ringcentral,resolved,82956,91251,10,L5,Valencia,2026-06,levels.fyi,https://www.levels.fyi/companies/ringcentral/salaries/software-engineer/locations/spain,2026-10-06,,,,,,,,,
RingCentral,60868,https://www.linkedin.com/company/ringcentral,ringcentral,resolved,82000,82000,15,L4,Valencia,2026-09,levels.fyi,https://www.levels.fyi/companies/ringcentral/salaries/software-engineer/locations/spain,2026-10-06,,,,,,,,,
RingCentral,60868,https://www.linkedin.com/company/ringcentral,ringcentral,resolved,81000,89000,10,L5,Valencia,2026-01,levels.fyi,https://www.levels.fyi/companies/ringcentral/salaries/software-engineer/locations/spain,2026-10-06,,,,,,,,,
RingCentral,60868,https://www.linkedin.com/company/ringcentral,ringcentral,resolved,80000,88000,11,L4,Valencia,2025-08,levels.fyi,https://www.levels.fyi/companies/ringcentral/salaries/software-engineer/locations/spain,2026-10-06,,,,,,,,,
RingCentral,60868,https://www.linkedin.com/company/ringcentral,ringcentral,resolved,80000,88000,7,L4,Valencia,2026-01,levels.fyi,https://www.levels.fyi/companies/ringcentral/salaries/software-engineer/locations/spain,2026-10-06,,,,,,,,,
RingCentral,60868,https://www.linkedin.com/company/ringcentral,ringcentral,resolved,80000,80000,6,Team Lead,Valencia,2024-02,levels.fyi,https://www.levels.fyi/companies/ringcentral/salaries/software-engineer/locations/spain,2026-10-06,,,,,,,,,
RingCentral,60868,https://www.linkedin.com/company/ringcentral,ringcentral,resolved,77000,85000,9,L4,Valencia,2025-04,levels.fyi,https://www.levels.fyi/companies/ringcentral/salaries/software-engineer/locations/spain,2026-10-06,,,,,,,,,
RingCentral,60868,https://www.linkedin.com/company/ringcentral,ringcentral,resolved,75000,75000,8,L4,Valencia,2025-08,levels.fyi,https://www.levels.fyi/companies/ringcentral/salaries/software-engineer/locations/spain,2026-10-06,,,,,,,,,
RingCentral,60868,https://www.linkedin.com/company/ringcentral,ringcentral,resolved,74000,74000,7,Senior,Valencia,2023-09,levels.fyi,https://www.levels.fyi/companies/ringcentral/salaries/software-engineer/locations/spain,2026-10-06,,,,,,,,,
RingCentral,60868,https://www.linkedin.com/company/ringcentral,ringcentral,resolved,70000,71250,7,L6,Valencia,2024-05,levels.fyi,https://www.levels.fyi/companies/ringcentral/salaries/software-engineer/locations/spain,2026-10-06,,,,,,,,,
RingCentral,60868,https://www.linkedin.com/company/ringcentral,ringcentral,resolved,70000,70000,10,L3,Valencia,2023-04,levels.fyi,https://www.levels.fyi/companies/ringcentral/salaries/software-engineer/locations/spain,2026-10-06,,,,,,,,,
RingCentral,60868,https://www.linkedin.com/company/ringcentral,ringcentral,resolved,68000,74000,15,Senior,Valencia,2024-04,levels.fyi,https://www.levels.fyi/companies/ringcentral/salaries/software-engineer/locations/spain,2026-10-06,,,,,,,,,
RingCentral,60868,https://www.linkedin.com/company/ringcentral,ringcentral,resolved,65000,65000,7,Mid,Valencia,2024-11,levels.fyi,https://www.levels.fyi/companies/ringcentral/salaries/software-engineer/locations/spain,2026-10-06,,,,,,,,,
RingCentral,60868,https://www.linkedin.com/company/ringcentral,ringcentral,resolved,48000,48000,5,Senior,Valencia,2023-08,levels.fyi,https://www.levels.fyi/companies/ringcentral/salaries/software-engineer/locations/spain,2026-10-06,,,,,,,,,
Rithum.com,,https://www.linkedin.com/company/rithumcommerce,rithumcom,resolved,68000,68000,18,L3,Madrid,2026-08,levels.fyi,https://www.levels.fyi/companies/rithumcom/salaries/software-engineer/locations/spain,2026-10-06,,,,,,,,,
Roche,,https://www.linkedin.com/company/roche,roche,resolved,85000,85000,25,Senior Software Engineer,Barcelona,2023-08,levels.fyi,https://www.levels.fyi/companies/roche/salaries/software-engineer/locations/spain,2026-10-06,,,,,,,,,
Roche,,https://www.linkedin.com/company/roche,roche,resolved,79000,94800,17,Principal Software Engineer,Barcelona,2023-12,levels.fyi,https://www.levels.fyi/companies/roche/salaries/software-engineer/locations/spain,2026-10-06,,,,,,,,,
Roche,,https://www.linkedin.com/company/roche,roche,resolved,65000,65000,7,Senior,Barcelona,2026-04,levels.fyi,https://www.levels.fyi/companies/roche/salaries/software-engineer/locations/spain,2026-10-06,,,,,,,,,
Roche,,https://www.linkedin.com/company/roche,roche,resolved,59200,59200,11,Senior Software Engineer,Barcelona,2026-08,levels.fyi,https://www.levels.fyi/companies/roche/salaries/software-engineer/locations/spain,2026-10-06,,,,,,,,,
Roche,,https://www.linkedin.com/company/roche,roche,resolved,53000,55600,13,Principal,Barcelona,2021-12,levels.fyi,https://www.levels.fyi/companies/roche/salaries/software-engineer/locations/spain,2026-10-06,,,,,,,,,
Roche,,https://www.linkedin.com/company/roche,roche,resolved,40000,40800,10,Senior,Barcelona,2020-03,levels.fyi,https://www.levels.fyi/companies/roche/salaries/software-engineer/locations/spain,2026-10-06,,,,,,,,,
Rover.com,2686335,https://www.linkedin.com/company/roverdotcom,rovercom,resolved,86000,106000,15,L3,Barcelona,2025-03,levels.fyi,https://www.levels.fyi/companies/rovercom/salaries/software-engineer/locations/spain,2026-10-06,,,,,,,,,
Rover.com,2686335,https://www.linkedin.com/company/roverdotcom,rovercom,resolved,86000,106000,15,L3,Barcelona,2025-03,levels.fyi,https://www.levels.fyi/companies/rovercom/salaries/software-engineer/locations/spain,2026-10-06,,,,,,,,,
Rover.com,2686335,https://www.linkedin.com/company/roverdotcom,rovercom,resolved,80000,105000,7,E3,Barcelona,2025-03,levels.fyi,https://www.levels.fyi/companies/rovercom/salaries/software-engineer/locations/spain,2026-10-06,,,,,,,,,
Rover.com,2686335,https://www.linkedin.com/company/roverdotcom,rovercom,resolved,80000,80000,5-10,,Barcelona,2025-02,levels.fyi,https://www.levels.fyi/companies/rovercom/salaries/software-engineer/locations/spain,2026-10-06,,,,,,,,,
Rover.com,2686335,https://www.linkedin.com/company/roverdotcom,rovercom,resolved,67000,67000,6,L3,Barcelona,2026-02,levels.fyi,https://www.levels.fyi/companies/rovercom/salaries/software-engineer/locations/spain,2026-10-06,,,,,,,,,
Rover.com,2686335,https://www.linkedin.com/company/roverdotcom,rovercom,resolved,63000,63000,7,L2,Barcelona,2026-07,levels.fyi,https://www.levels.fyi/companies/rovercom/salaries/software-engineer/locations/spain,2026-10-06,,,,,,,,,
Rover.com,2686335,https://www.linkedin.com/company/roverdotcom,rovercom,resolved,61000,61000,6,E2,Barcelona,2024-05,levels.fyi,https://www.levels.fyi/companies/rovercom/salaries/software-engineer/locations/spain,2026-10-06,,,,,,,,,
Sage,2802,https://www.linkedin.com/company/sage-software,sage,resolved,63000,69000,11+,,Barcelona,2025-06,levels.fyi,https://www.levels.fyi/companies/sage/salaries/software-engineer/locations/spain,2026-10-06,,,,,,,,,
Sage,2802,https://www.linkedin.com/company/sage-software,sage,resolved,60000,65000,10,Senior,Barcelona,2026-05,levels.fyi,https://www.levels.fyi/companies/sage/salaries/software-engineer/locations/spain,2026-10-06,,,,,,,,,
Sage,2802,https://www.linkedin.com/company/sage-software,sage,resolved,60000,65000,10,Senior,Barcelona,2026-05,levels.fyi,https://www.levels.fyi/companies/sage/salaries/software-engineer/locations/spain,2026-10-06,,,,,,,,,
Sage,2802,https://www.linkedin.com/company/sage-software,sage,resolved,56000,56000,12,L3,Barcelona,2026-09,levels.fyi,https://www.levels.fyi/companies/sage/salaries/software-engineer/locations/spain,2026-10-06,,,,,,,,,
Sage,2802,https://www.linkedin.com/company/sage-software,sage,resolved,55000,63000,10,Senior,Barcelona,2026-03,levels.fyi,https://www.levels.fyi/companies/sage/salaries/software-engineer/locations/spain,2026-10-06,,,,,,,,,
Sage,2802,https://www.linkedin.com/company/sage-software,sage,resolved,55000,60000,10,L3,Barcelona,2025-12,levels.fyi,https://www.levels.fyi/companies/sage/salaries/software-engineer/locations/spain,2026-10-06,,,,,,,,,
Sage,2802,https://www.linkedin.com/company/sage-software,sage,resolved,54000,54000,10,L2,Barcelona,2025-09,levels.fyi,https://www.levels.fyi/companies/sage/salaries/software-engineer/locations/spain,2026-10-06,,,,,,,,,
Sage,2802,https://www.linkedin.com/company/sage-software,sage,resolved,50000,60000,10,Senior Software Engineer,Barcelona,2025-01,levels.fyi,https://www.levels.fyi/companies/sage/salaries/software-engineer/locations/spain,2026-10-06,,,,,,,,,
Sage,2802,https://www.linkedin.com/company/sage-software,sage,resolved,47800,53800,10,L3,Barcelona,2023-09,levels.fyi,https://www.levels.fyi/companies/sage/salaries/software-engineer/locations/spain,2026-10-06,,,,,,,,,
Sage,2802,https://www.linkedin.com/company/sage-software,sage,resolved,43600,49000,7,Senior,Barcelona,2019-08,levels.fyi,https://www.levels.fyi/companies/sage/salaries/software-engineer/locations/spain,2026-10-06,,,,,,,,,
Sage,2802,https://www.linkedin.com/company/sage-software,sage,resolved,42000,48000,7,iOS Engineer,Barcelona,2021-10,levels.fyi,https://www.levels.fyi/companies/sage/salaries/software-engineer/locations/spain,2026-10-06,,,,,,,,,
Sanofi,1642,https://www.linkedin.com/company/sanofi,sanofi,resolved,83000,89000,10,Staff Software Engineer,Barcelona,2026-01,levels.fyi,https://www.levels.fyi/companies/sanofi/salaries/software-engineer/locations/spain,2026-10-06,,,,,,,,,
Sanofi,1642,https://www.linkedin.com/company/sanofi,sanofi,resolved,80000,88000,10,Staff Software Engineer,Barcelona,2026-01,levels.fyi,https://www.levels.fyi/companies/sanofi/salaries/software-engineer/locations/spain,2026-10-06,,,,,,,,,
Sanofi,1642,https://www.linkedin.com/company/sanofi,sanofi,resolved,65000,72000,5,L3,Barcelona,2025-09,levels.fyi,https://www.levels.fyi/companies/sanofi/salaries/software-engineer/locations/spain,2026-10-06,,,,,,,,,
Sanofi,1642,https://www.linkedin.com/company/sanofi,sanofi,resolved,65000,71500,7,L3,Barcelona,2025-12,levels.fyi,https://www.levels.fyi/companies/sanofi/salaries/software-engineer/locations/spain,2026-10-06,,,,,,,,,
Sanofi,1642,https://www.linkedin.com/company/sanofi,sanofi,resolved,65000,71000,7,Software Engineer III,Barcelona,2026-08,levels.fyi,https://www.levels.fyi/companies/sanofi/salaries/software-engineer/locations/spain,2026-10-06,,,,,,,,,
Sanofi,1642,https://www.linkedin.com/company/sanofi,sanofi,resolved,65000,71000,7,L3,Barcelona,2026-01,levels.fyi,https://www.levels.fyi/companies/sanofi/salaries/software-engineer/locations/spain,2026-10-06,,,,,,,,,
Sanofi,1642,https://www.linkedin.com/company/sanofi,sanofi,resolved,65000,71000,7,Software Engineer III,Barcelona,2025-08,levels.fyi,https://www.levels.fyi/companies/sanofi/salaries/software-engineer/locations/spain,2026-10-06,,,,,,,,,
Sanofi,1642,https://www.linkedin.com/company/sanofi,sanofi,resolved,60000,66000,6,Senior Data Engineer,Barcelona,2024-02,levels.fyi,https://www.levels.fyi/companies/sanofi/salaries/software-engineer/locations/spain,2026-10-06,,,,,,,,,
Sanofi,1642,https://www.linkedin.com/company/sanofi,sanofi,resolved,60000,60000,5,L2,Barcelona,2024-06,levels.fyi,https://www.levels.fyi/companies/sanofi/salaries/software-engineer/locations/spain,2026-10-06,,,,,,,,,
Santander,2873,https://www.linkedin.com/company/banco-santander,santander,resolved,85000,94000,13,L3,Madrid,2026-03,levels.fyi,https://www.levels.fyi/companies/santander/salaries/software-engineer/locations/spain,2026-10-06,,,,,,,,,
Santander,2873,https://www.linkedin.com/company/banco-santander,santander,resolved,60000,66000,7,L2,Madrid,2026-06,levels.fyi,https://www.levels.fyi/companies/santander/salaries/software-engineer/locations/spain,2026-10-06,,,,,,,,,
Santander,2873,https://www.linkedin.com/company/banco-santander,santander,resolved,60000,60000,6,L3,Madrid,2025-05,levels.fyi,https://www.levels.fyi/companies/santander/salaries/software-engineer/locations/spain,2026-10-06,,,,,,,,,
Santander,2873,https://www.linkedin.com/company/banco-santander,santander,resolved,54000,58000,5,Senior,Madrid,2025-12,levels.fyi,https://www.levels.fyi/companies/santander/salaries/software-engineer/locations/spain,2026-10-06,,,,,,,,,
Schwarz Digits,,https://www.linkedin.com/company/schwarz-digits,schwarz-digits,resolved,58800,58800,6,Senior,Barcelona,2026-09,levels.fyi,https://www.levels.fyi/companies/schwarz-digits/salaries/software-engineer/locations/spain,2026-10-06,,,,,,,,,
Scopely,2057437,https://www.linkedin.com/company/scopely,scopely,resolved,85000,85000,8,Staff,Barcelona,2025-11,levels.fyi,https://www.levels.fyi/companies/scopely/salaries/software-engineer/locations/spain,2026-10-06,,,,,,,,,
Scopely,2057437,https://www.linkedin.com/company/scopely,scopely,resolved,85000,85000,5-10,Staff,Barcelona,2025-11,levels.fyi,https://www.levels.fyi/companies/scopely/salaries/software-engineer/locations/spain,2026-10-06,,,,,,,,,
Scopely,2057437,https://www.linkedin.com/company/scopely,scopely,resolved,84000,84000,7,L2,Barcelona,2023-03,levels.fyi,https://www.levels.fyi/companies/scopely/salaries/software-engineer/locations/spain,2026-10-06,,,,,,,,,
Scopely,2057437,https://www.linkedin.com/company/scopely,scopely,resolved,80000,80000,7,L3,Barcelona,2024-05,levels.fyi,https://www.levels.fyi/companies/scopely/salaries/software-engineer/locations/spain,2026-10-06,,,,,,,,,
Scopely,2057437,https://www.linkedin.com/company/scopely,scopely,resolved,78000,83000,8,Senior,Barcelona,2026-06,levels.fyi,https://www.levels.fyi/companies/scopely/salaries/software-engineer/locations/spain,2026-10-06,,,,,,,,,
Scopely,2057437,https://www.linkedin.com/company/scopely,scopely,resolved,76000,79000,11+,,Barcelona,2024-07,levels.fyi,https://www.levels.fyi/companies/scopely/salaries/software-engineer/locations/spain,2026-10-06,,,,,,,,,
Scopely,2057437,https://www.linkedin.com/company/scopely,scopely,resolved,75000,75000,7,L3,Barcelona,2024-04,levels.fyi,https://www.levels.fyi/companies/scopely/salaries/software-engineer/locations/spain,2026-10-06,,,,,,,,,
Scopely,2057437,https://www.linkedin.com/company/scopely,scopely,resolved,72000,86000,13,P4,Barcelona,2026-09,levels.fyi,https://www.levels.fyi/companies/scopely/salaries/software-engineer/locations/spain,2026-10-06,,,,,,,,,
Scopely,2057437,https://www.linkedin.com/company/scopely,scopely,resolved,72000,72000,24,L2,Barcelona,2024-06,levels.fyi,https://www.levels.fyi/companies/scopely/salaries/software-engineer/locations/spain,2026-10-06,,,,,,,,,
Scopely,2057437,https://www.linkedin.com/company/scopely,scopely,resolved,71000,78000,11+,,Barcelona,2023-08,levels.fyi,https://www.levels.fyi/companies/scopely/salaries/software-engineer/locations/spain,2026-10-06,,,,,,,,,
Scopely,2057437,https://www.linkedin.com/company/scopely,scopely,resolved,70000,77000,10,P4,Barcelona,2025-01,levels.fyi,https://www.levels.fyi/companies/scopely/salaries/software-engineer/locations/spain,2026-10-06,,,,,,,,,
Scopely,2057437,https://www.linkedin.com/company/scopely,scopely,resolved,67000,75000,7,P4,Barcelona,2026-06,levels.fyi,https://www.levels.fyi/companies/scopely/salaries/software-engineer/locations/spain,2026-10-06,,,,,,,,,
Scopely,2057437,https://www.linkedin.com/company/scopely,scopely,resolved,67000,75000,7,P4,Barcelona,2026-05,levels.fyi,https://www.levels.fyi/companies/scopely/salaries/software-engineer/locations/spain,2026-10-06,,,,,,,,,
Scopely,2057437,https://www.linkedin.com/company/scopely,scopely,resolved,65000,79000,7,Lead,Madrid,2024-06,levels.fyi,https://www.levels.fyi/companies/scopely/salaries/software-engineer/locations/spain,2026-10-06,,,,,,,,,
Scopely,2057437,https://www.linkedin.com/company/scopely,scopely,resolved,63000,71000,10,P4,Barcelona,2024-04,levels.fyi,https://www.levels.fyi/companies/scopely/salaries/software-engineer/locations/spain,2026-10-06,,,,,,,,,
Scopely,2057437,https://www.linkedin.com/company/scopely,scopely,resolved,60000,66000,6,L4,Barcelona,2025-03,levels.fyi,https://www.levels.fyi/companies/scopely/salaries/software-engineer/locations/spain,2026-10-06,,,,,,,,,
Scopely,2057437,https://www.linkedin.com/company/scopely,scopely,resolved,60000,64000,7,L2,Barcelona,2024-09,levels.fyi,https://www.levels.fyi/companies/scopely/salaries/software-engineer/locations/spain,2026-10-06,,,,,,,,,
Scopely,2057437,https://www.linkedin.com/company/scopely,scopely,resolved,60000,63000,7,L3,Barcelona,2024-10,levels.fyi,https://www.levels.fyi/companies/scopely/salaries/software-engineer/locations/spain,2026-10-06,,,,,,,,,
Scopely,2057437,https://www.linkedin.com/company/scopely,scopely,resolved,60000,60000,7,Senior,Barcelona,2024-07,levels.fyi,https://www.levels.fyi/companies/scopely/salaries/software-engineer/locations/spain,2026-10-06,,,,,,,,,
Scopely,2057437,https://www.linkedin.com/company/scopely,scopely,resolved,58000,78000,8,L3,Barcelona,2022-12,levels.fyi,https://www.levels.fyi/companies/scopely/salaries/software-engineer/locations/spain,2026-10-06,,,,,,,,,
Scopely,2057437,https://www.linkedin.com/company/scopely,scopely,resolved,57000,78000,8,Senior Data Engineer,Barcelona,2024-04,levels.fyi,https://www.levels.fyi/companies/scopely/salaries/software-engineer/locations/spain,2026-10-06,,,,,,,,,
Scopely,2057437,https://www.linkedin.com/company/scopely,scopely,resolved,57000,62000,8,L3,Barcelona,2023-11,levels.fyi,https://www.levels.fyi/companies/scopely/salaries/software-engineer/locations/spain,2026-10-06,,,,,,,,,
Scopely,2057437,https://www.linkedin.com/company/scopely,scopely,resolved,51000,58000,7,L3,Barcelona,2025-07,levels.fyi,https://www.levels.fyi/companies/scopely/salaries/software-engineer/locations/spain,2026-10-06,,,,,,,,,
Scopely,2057437,https://www.linkedin.com/company/scopely,scopely,resolved,48000,48000,7,Senior,Barcelona,2025-01,levels.fyi,https://www.levels.fyi/companies/scopely/salaries/software-engineer/locations/spain,2026-10-06,,,,,,,,,
Scopely,2057437,https://www.linkedin.com/company/scopely,scopely,resolved,47600,52800,7,L5,Barcelona,2021-11,levels.fyi,https://www.levels.fyi/companies/scopely/salaries/software-engineer/locations/spain,2026-10-06,,,,,,,,,
Scopely,2057437,https://www.linkedin.com/company/scopely,scopely,resolved,45000,51750,5,L3,Barcelona,2023-07,levels.fyi,https://www.levels.fyi/companies/scopely/salaries/software-engineer/locations/spain,2026-10-06,,,,,,,,,
Scopely,2057437,https://www.linkedin.com/company/scopely,scopely,resolved,45000,45000,5,P3,Barcelona,2024-05,levels.fyi,https://www.levels.fyi/companies/scopely/salaries/software-engineer/locations/spain,2026-10-06,,,,,,,,,
SDG Group,,https://www.linkedin.com/company/sdg-group,sdg-group,resolved,64000,64000,9,Senior,Valencia,2025-02,levels.fyi,https://www.levels.fyi/companies/sdg-group/salaries/software-engineer/locations/spain,2026-10-06,,https://www.sdggroup.com,,Milano,IT,"1,001-10,000",consulting-professional-services|consulting|telecommunications|professional-services,1991,
SEAT CODE,22296997,https://www.linkedin.com/company/seatcode,seat-code,resolved,67000,76000,20,L3,Barcelona,2024-10,levels.fyi,https://www.levels.fyi/companies/seat-code/salaries/software-engineer/locations/spain,2026-10-06,,,,,,,,,
SEAT CODE,22296997,https://www.linkedin.com/company/seatcode,seat-code,resolved,62000,71000,10,L3,Barcelona,2025-12,levels.fyi,https://www.levels.fyi/companies/seat-code/salaries/software-engineer/locations/spain,2026-10-06,,,,,,,,,
SEAT CODE,22296997,https://www.linkedin.com/company/seatcode,seat-code,resolved,60000,66000,5-10,,Barcelona,2026-01,levels.fyi,https://www.levels.fyi/companies/seat-code/salaries/software-engineer/locations/spain,2026-10-06,,,,,,,,,
SEAT CODE,22296997,https://www.linkedin.com/company/seatcode,seat-code,resolved,58000,58000,9,L4,Madrid,2024-06,levels.fyi,https://www.levels.fyi/companies/seat-code/salaries/software-engineer/locations/spain,2026-10-06,,,,,,,,,
SEAT CODE,22296997,https://www.linkedin.com/company/seatcode,seat-code,resolved,57000,65000,9,L3,Barcelona,2024-06,levels.fyi,https://www.levels.fyi/companies/seat-code/salaries/software-engineer/locations/spain,2026-10-06,,,,,,,,,
SEAT CODE,22296997,https://www.linkedin.com/company/seatcode,seat-code,resolved,53000,60600,5-10,,Barcelona,2025-02,levels.fyi,https://www.levels.fyi/companies/seat-code/salaries/software-engineer/locations/spain,2026-10-06,,,,,,,,,
SEAT CODE,22296997,https://www.linkedin.com/company/seatcode,seat-code,resolved,51600,57600,8,Engineer 2,Barcelona,2021-09,levels.fyi,https://www.levels.fyi/companies/seat-code/salaries/software-engineer/locations/spain,2026-10-06,,,,,,,,,
SEAT CODE,22296997,https://www.linkedin.com/company/seatcode,seat-code,resolved,40000,47000,5,L3,Barcelona,2026-03,levels.fyi,https://www.levels.fyi/companies/seat-code/salaries/software-engineer/locations/spain,2026-10-06,,,,,,,,,
Semrush,,https://www.linkedin.com/company/semrush,semrush,resolved,103000,103000,11+,,Barcelona,2025-07,levels.fyi,https://www.levels.fyi/companies/semrush/salaries/software-engineer/locations/spain,2026-10-06,,http://www.semrush.com,,Boston,US,"1,001-10,000",technology|information-technology-services|internet|saas,2008,
Semrush,,https://www.linkedin.com/company/semrush,semrush,resolved,98000,98000,10,Senior,Barcelona,2024-02,levels.fyi,https://www.levels.fyi/companies/semrush/salaries/software-engineer/locations/spain,2026-10-06,,http://www.semrush.com,,Boston,US,"1,001-10,000",technology|information-technology-services|internet|saas,2008,
Semrush,,https://www.linkedin.com/company/semrush,semrush,resolved,90000,97000,10,L3,Barcelona,2026-07,levels.fyi,https://www.levels.fyi/companies/semrush/salaries/software-engineer/locations/spain,2026-10-06,,http://www.semrush.com,,Boston,US,"1,001-10,000",technology|information-technology-services|internet|saas,2008,
Semrush,,https://www.linkedin.com/company/semrush,semrush,resolved,90000,91000,6,Senior,Barcelona,2022-09,levels.fyi,https://www.levels.fyi/companies/semrush/salaries/software-engineer/locations/spain,2026-10-06,,http://www.semrush.com,,Boston,US,"1,001-10,000",technology|information-technology-services|internet|saas,2008,
Semrush,,https://www.linkedin.com/company/semrush,semrush,resolved,87000,97000,15,L3,Barcelona,2025-11,levels.fyi,https://www.levels.fyi/companies/semrush/salaries/software-engineer/locations/spain,2026-10-06,,http://www.semrush.com,,Boston,US,"1,001-10,000",technology|information-technology-services|internet|saas,2008,
Semrush,,https://www.linkedin.com/company/semrush,semrush,resolved,85000,85000,10,Senior,Barcelona,2025-11,levels.fyi,https://www.levels.fyi/companies/semrush/salaries/software-engineer/locations/spain,2026-10-06,,http://www.semrush.com,,Boston,US,"1,001-10,000",technology|information-technology-services|internet|saas,2008,
Semrush,,https://www.linkedin.com/company/semrush,semrush,resolved,85000,85000,8,L2,Barcelona,2026-10,levels.fyi,https://www.levels.fyi/companies/semrush/salaries/software-engineer/locations/spain,2026-10-06,,http://www.semrush.com,,Boston,US,"1,001-10,000",technology|information-technology-services|internet|saas,2008,
Semrush,,https://www.linkedin.com/company/semrush,semrush,resolved,83000,83000,7,L3,Barcelona,2026-04,levels.fyi,https://www.levels.fyi/companies/semrush/salaries/software-engineer/locations/spain,2026-10-06,,http://www.semrush.com,,Boston,US,"1,001-10,000",technology|information-technology-services|internet|saas,2008,
Semrush,,https://www.linkedin.com/company/semrush,semrush,resolved,80000,80000,6,Senior,Barcelona,2026-02,levels.fyi,https://www.levels.fyi/companies/semrush/salaries/software-engineer/locations/spain,2026-10-06,,http://www.semrush.com,,Boston,US,"1,001-10,000",technology|information-technology-services|internet|saas,2008,
Semrush,,https://www.linkedin.com/company/semrush,semrush,resolved,75000,75000,10,L3,Barcelona,2024-11,levels.fyi,https://www.levels.fyi/companies/semrush/salaries/software-engineer/locations/spain,2026-10-06,,http://www.semrush.com,,Boston,US,"1,001-10,000",technology|information-technology-services|internet|saas,2008,
Semrush,,https://www.linkedin.com/company/semrush,semrush,resolved,75000,75000,7,Senior,Barcelona,2024-06,levels.fyi,https://www.levels.fyi/companies/semrush/salaries/software-engineer/locations/spain,2026-10-06,,http://www.semrush.com,,Boston,US,"1,001-10,000",technology|information-technology-services|internet|saas,2008,
Semrush,,https://www.linkedin.com/company/semrush,semrush,resolved,72000,72000,12,L1,Barcelona,2024-08,levels.fyi,https://www.levels.fyi/companies/semrush/salaries/software-engineer/locations/spain,2026-10-06,,http://www.semrush.com,,Boston,US,"1,001-10,000",technology|information-technology-services|internet|saas,2008,
Semrush,,https://www.linkedin.com/company/semrush,semrush,resolved,72000,72000,7,Developer,Barcelona,2026-07,levels.fyi,https://www.levels.fyi/companies/semrush/salaries/software-engineer/locations/spain,2026-10-06,,http://www.semrush.com,,Boston,US,"1,001-10,000",technology|information-technology-services|internet|saas,2008,
Semrush,,https://www.linkedin.com/company/semrush,semrush,resolved,72000,72000,7,Senior,Madrid,2026-01,levels.fyi,https://www.levels.fyi/companies/semrush/salaries/software-engineer/locations/spain,2026-10-06,,http://www.semrush.com,,Boston,US,"1,001-10,000",technology|information-technology-services|internet|saas,2008,
Semrush,,https://www.linkedin.com/company/semrush,semrush,resolved,70000,70000,10,L3,Barcelona,2023-12,levels.fyi,https://www.levels.fyi/companies/semrush/salaries/software-engineer/locations/spain,2026-10-06,,http://www.semrush.com,,Boston,US,"1,001-10,000",technology|information-technology-services|internet|saas,2008,
Semrush,,https://www.linkedin.com/company/semrush,semrush,resolved,70000,70000,9,Senior,Barcelona,2024-03,levels.fyi,https://www.levels.fyi/companies/semrush/salaries/software-engineer/locations/spain,2026-10-06,,http://www.semrush.com,,Boston,US,"1,001-10,000",technology|information-technology-services|internet|saas,2008,
Semrush,,https://www.linkedin.com/company/semrush,semrush,resolved,70000,70000,8,Senior,Barcelona,2024-12,levels.fyi,https://www.levels.fyi/companies/semrush/salaries/software-engineer/locations/spain,2026-10-06,,http://www.semrush.com,,Boston,US,"1,001-10,000",technology|information-technology-services|internet|saas,2008,
Semrush,,https://www.linkedin.com/company/semrush,semrush,resolved,69283,69283,10,L3,Barcelona,2024-01,levels.fyi,https://www.levels.fyi/companies/semrush/salaries/software-engineer/locations/spain,2026-10-06,,http://www.semrush.com,,Boston,US,"1,001-10,000",technology|information-technology-services|internet|saas,2008,
Semrush,,https://www.linkedin.com/company/semrush,semrush,resolved,67000,67000,8,L3,Madrid,2025-01,levels.fyi,https://www.levels.fyi/companies/semrush/salaries/software-engineer/locations/spain,2026-10-06,,http://www.semrush.com,,Boston,US,"1,001-10,000",technology|information-technology-services|internet|saas,2008,
Semrush,,https://www.linkedin.com/company/semrush,semrush,resolved,67000,67000,5,Senior,Barcelona,2025-11,levels.fyi,https://www.levels.fyi/companies/semrush/salaries/software-engineer/locations/spain,2026-10-06,,http://www.semrush.com,,Boston,US,"1,001-10,000",technology|information-technology-services|internet|saas,2008,
Semrush,,https://www.linkedin.com/company/semrush,semrush,resolved,67000,67000,5,L2,Barcelona,2024-07,levels.fyi,https://www.levels.fyi/companies/semrush/salaries/software-engineer/locations/spain,2026-10-06,,http://www.semrush.com,,Boston,US,"1,001-10,000",technology|information-technology-services|internet|saas,2008,
Semrush,,https://www.linkedin.com/company/semrush,semrush,resolved,66000,66000,10,L3,Barcelona,2025-05,levels.fyi,https://www.levels.fyi/companies/semrush/salaries/software-engineer/locations/spain,2026-10-06,,http://www.semrush.com,,Boston,US,"1,001-10,000",technology|information-technology-services|internet|saas,2008,
Semrush,,https://www.linkedin.com/company/semrush,semrush,resolved,66000,66000,8,Senior,Barcelona,2025-12,levels.fyi,https://www.levels.fyi/companies/semrush/salaries/software-engineer/locations/spain,2026-10-06,,http://www.semrush.com,,Boston,US,"1,001-10,000",technology|information-technology-services|internet|saas,2008,
Semrush,,https://www.linkedin.com/company/semrush,semrush,resolved,65000,65000,12,Senior,Barcelona,2024-09,levels.fyi,https://www.levels.fyi/companies/semrush/salaries/software-engineer/locations/spain,2026-10-06,,http://www.semrush.com,,Boston,US,"1,001-10,000",technology|information-technology-services|internet|saas,2008,
Semrush,,https://www.linkedin.com/company/semrush,semrush,resolved,64000,64000,8,Middle,Barcelona,2025-12,levels.fyi,https://www.levels.fyi/companies/semrush/salaries/software-engineer/locations/spain,2026-10-06,,http://www.semrush.com,,Boston,US,"1,001-10,000",technology|information-technology-services|internet|saas,2008,
Semrush,,https://www.linkedin.com/company/semrush,semrush,resolved,62000,62000,7,Middle,Barcelona,2024-06,levels.fyi,https://www.levels.fyi/companies/semrush/salaries/software-engineer/locations/spain,2026-10-06,,http://www.semrush.com,,Boston,US,"1,001-10,000",technology|information-technology-services|internet|saas,2008,
Semrush,,https://www.linkedin.com/company/semrush,semrush,resolved,62000,62000,6,Senior,Barcelona,2023-04,levels.fyi,https://www.levels.fyi/companies/semrush/salaries/software-engineer/locations/spain,2026-10-06,,http://www.semrush.com,,Boston,US,"1,001-10,000",technology|information-technology-services|internet|saas,2008,
Semrush,,https://www.linkedin.com/company/semrush,semrush,resolved,61390,61390,7,L4,Barcelona,2023-10,levels.fyi,https://www.levels.fyi/companies/semrush/salaries/software-engineer/locations/spain,2026-10-06,,http://www.semrush.com,,Boston,US,"1,001-10,000",technology|information-technology-services|internet|saas,2008,
Semrush,,https://www.linkedin.com/company/semrush,semrush,resolved,61000,63000,7,L3,Barcelona,2023-05,levels.fyi,https://www.levels.fyi/companies/semrush/salaries/software-engineer/locations/spain,2026-10-06,,http://www.semrush.com,,Boston,US,"1,001-10,000",technology|information-technology-services|internet|saas,2008,
Semrush,,https://www.linkedin.com/company/semrush,semrush,resolved,60000,60000,10,Engineer,Barcelona,2026-05,levels.fyi,https://www.levels.fyi/companies/semrush/salaries/software-engineer/locations/spain,2026-10-06,,http://www.semrush.com,,Boston,US,"1,001-10,000",technology|information-technology-services|internet|saas,2008,
Semrush,,https://www.linkedin.com/company/semrush,semrush,resolved,60000,60000,7,L2,Barcelona,2024-06,levels.fyi,https://www.levels.fyi/companies/semrush/salaries/software-engineer/locations/spain,2026-10-06,,http://www.semrush.com,,Boston,US,"1,001-10,000",technology|information-technology-services|internet|saas,2008,
Semrush,,https://www.linkedin.com/company/semrush,semrush,resolved,60000,60000,5,Middle,Barcelona,2025-03,levels.fyi,https://www.levels.fyi/companies/semrush/salaries/software-engineer/locations/spain,2026-10-06,,http://www.semrush.com,,Boston,US,"1,001-10,000",technology|information-technology-services|internet|saas,2008,
Semrush,,https://www.linkedin.com/company/semrush,semrush,resolved,58000,58000,6,L3,Barcelona,2024-11,levels.fyi,https://www.levels.fyi/companies/semrush/salaries/software-engineer/locations/spain,2026-10-06,,http://www.semrush.com,,Boston,US,"1,001-10,000",technology|information-technology-services|internet|saas,2008,
Semrush,,https://www.linkedin.com/company/semrush,semrush,resolved,57600,57600,7,Middle,Barcelona,2024-08,levels.fyi,https://www.levels.fyi/companies/semrush/salaries/software-engineer/locations/spain,2026-10-06,,http://www.semrush.com,,Boston,US,"1,001-10,000",technology|information-technology-services|internet|saas,2008,
Semrush,,https://www.linkedin.com/company/semrush,semrush,resolved,57000,57000,5,Middle,Barcelona,2023-09,levels.fyi,https://www.levels.fyi/companies/semrush/salaries/software-engineer/locations/spain,2026-10-06,,http://www.semrush.com,,Boston,US,"1,001-10,000",technology|information-technology-services|internet|saas,2008,
Semrush,,https://www.linkedin.com/company/semrush,semrush,resolved,53000,53000,7,Middle,Barcelona,2023-12,levels.fyi,https://www.levels.fyi/companies/semrush/salaries/software-engineer/locations/spain,2026-10-06,,http://www.semrush.com,,Boston,US,"1,001-10,000",technology|information-technology-services|internet|saas,2008,
Semrush,,https://www.linkedin.com/company/semrush,semrush,resolved,50866,50866,7,Middle,Barcelona,2024-04,levels.fyi,https://www.levels.fyi/companies/semrush/salaries/software-engineer/locations/spain,2026-10-06,,http://www.semrush.com,,Boston,US,"1,001-10,000",technology|information-technology-services|internet|saas,2008,
sennder,10442437,https://www.linkedin.com/company/sennder,sennder,resolved,88000,97000,15,L5,Barcelona,2025-01,levels.fyi,https://www.levels.fyi/companies/sennder/salaries/software-engineer/locations/spain,2026-10-06,,,,,,,,,
sennder,10442437,https://www.linkedin.com/company/sennder,sennder,resolved,79000,89000,11,L5,Barcelona,2026-03,levels.fyi,https://www.levels.fyi/companies/sennder/salaries/software-engineer/locations/spain,2026-10-06,,,,,,,,,
sennder,10442437,https://www.linkedin.com/company/sennder,sennder,resolved,77000,85000,13,Senior,Barcelona,2024-08,levels.fyi,https://www.levels.fyi/companies/sennder/salaries/software-engineer/locations/spain,2026-10-06,,,,,,,,,
sennder,10442437,https://www.linkedin.com/company/sennder,sennder,resolved,73000,81000,15,L5,Barcelona,2023-07,levels.fyi,https://www.levels.fyi/companies/sennder/salaries/software-engineer/locations/spain,2026-10-06,,,,,,,,,
sennder,10442437,https://www.linkedin.com/company/sennder,sennder,resolved,70000,78000,5-10,Senior,Barcelona,2024-01,levels.fyi,https://www.levels.fyi/companies/sennder/salaries/software-engineer/locations/spain,2026-10-06,,,,,,,,,
sennder,10442437,https://www.linkedin.com/company/sennder,sennder,resolved,67000,83000,5,L5,Madrid,2024-05,levels.fyi,https://www.levels.fyi/companies/sennder/salaries/software-engineer/locations/spain,2026-10-06,,,,,,,,,
sennder,10442437,https://www.linkedin.com/company/sennder,sennder,resolved,54000,61000,6,L4,Barcelona,2025-08,levels.fyi,https://www.levels.fyi/companies/sennder/salaries/software-engineer/locations/spain,2026-10-06,,,,,,,,,
Shopify,,https://www.linkedin.com/company/shopify,shopify,resolved,190000,190000,20,L7,Barcelona,2025-05,levels.fyi,https://www.levels.fyi/companies/shopify/salaries/software-engineer/locations/spain,2026-10-06,,,,,,,,,
Shopify,,https://www.linkedin.com/company/shopify,shopify,resolved,185000,195000,15,L7,Malaga,2023-09,levels.fyi,https://www.levels.fyi/companies/shopify/salaries/software-engineer/locations/spain,2026-10-06,,,,,,,,,
Shopify,,https://www.linkedin.com/company/shopify,shopify,resolved,184000,189000,19,L7,Madrid,2023-04,levels.fyi,https://www.levels.fyi/companies/shopify/salaries/software-engineer/locations/spain,2026-10-06,,,,,,,,,
Shopify,,https://www.linkedin.com/company/shopify,shopify,resolved,147000,147000,11,L6,Barcelona,2024-01,levels.fyi,https://www.levels.fyi/companies/shopify/salaries/software-engineer/locations/spain,2026-10-06,,,,,,,,,
Shopify,,https://www.linkedin.com/company/shopify,shopify,resolved,145000,145000,9,L6,Madrid,2024-08,levels.fyi,https://www.levels.fyi/companies/shopify/salaries/software-engineer/locations/spain,2026-10-06,,,,,,,,,
Shopify,,https://www.linkedin.com/company/shopify,shopify,resolved,137000,137000,9,L6,Madrid,2022-12,levels.fyi,https://www.levels.fyi/companies/shopify/salaries/software-engineer/locations/spain,2026-10-06,,,,,,,,,
Shopify,,https://www.linkedin.com/company/shopify,shopify,resolved,129000,129000,9,L6,Madrid,2024-07,levels.fyi,https://www.levels.fyi/companies/shopify/salaries/software-engineer/locations/spain,2026-10-06,,,,,,,,,
Shopify,,https://www.linkedin.com/company/shopify,shopify,resolved,128000,128000,10,L7,Barcelona,2024-03,levels.fyi,https://www.levels.fyi/companies/shopify/salaries/software-engineer/locations/spain,2026-10-06,,,,,,,,,
Shopify,,https://www.linkedin.com/company/shopify,shopify,resolved,126000,126000,7,L6,Madrid,2024-08,levels.fyi,https://www.levels.fyi/companies/shopify/salaries/software-engineer/locations/spain,2026-10-06,,,,,,,,,
Shopify,,https://www.linkedin.com/company/shopify,shopify,resolved,125000,130000,10,L6,Madrid,2023-02,levels.fyi,https://www.levels.fyi/companies/shopify/salaries/software-engineer/locations/spain,2026-10-06,,,,,,,,,
Shopify,,https://www.linkedin.com/company/shopify,shopify,resolved,125000,125000,10,L6,Madrid,2023-05,levels.fyi,https://www.levels.fyi/companies/shopify/salaries/software-engineer/locations/spain,2026-10-06,,,,,,,,,
Shopify,,https://www.linkedin.com/company/shopify,shopify,resolved,122000,122000,6,L6,Madrid,2024-01,levels.fyi,https://www.levels.fyi/companies/shopify/salaries/software-engineer/locations/spain,2026-10-06,,,,,,,,,
Shopify,,https://www.linkedin.com/company/shopify,shopify,resolved,115000,115000,5,L5,Madrid,2022-12,levels.fyi,https://www.levels.fyi/companies/shopify/salaries/software-engineer/locations/spain,2026-10-06,,,,,,,,,
Shopify,,https://www.linkedin.com/company/shopify,shopify,resolved,111000,111000,10,L6,Barcelona,2024-05,levels.fyi,https://www.levels.fyi/companies/shopify/salaries/software-engineer/locations/spain,2026-10-06,,,,,,,,,
Shopify,,https://www.linkedin.com/company/shopify,shopify,resolved,100000,100000,10,L6,Madrid,2026-10,levels.fyi,https://www.levels.fyi/companies/shopify/salaries/software-engineer/locations/spain,2026-10-06,,,,,,,,,
Shopify,,https://www.linkedin.com/company/shopify,shopify,resolved,87000,123000,17,L6,Gijon,2023-07,levels.fyi,https://www.levels.fyi/companies/shopify/salaries/software-engineer/locations/spain,2026-10-06,,,,,,,,,
Shopify,,https://www.linkedin.com/company/shopify,shopify,resolved,80000,110000,10,L6,Madrid,2022-09,levels.fyi,https://www.levels.fyi/companies/shopify/salaries/software-engineer/locations/spain,2026-10-06,,,,,,,,,
Shopify,,https://www.linkedin.com/company/shopify,shopify,resolved,60000,78000,5,L5,Madrid,2022-07,levels.fyi,https://www.levels.fyi/companies/shopify/salaries/software-engineer/locations/spain,2026-10-06,,,,,,,,,
Siemens,1043,https://www.linkedin.com/company/siemens,siemens,resolved,65000,80000,15,L3,Madrid,2025-05,levels.fyi,https://www.levels.fyi/companies/siemens/salaries/software-engineer/locations/spain,2026-10-06,,,,,,,,,
Siemens,1043,https://www.linkedin.com/company/siemens,siemens,resolved,65000,75000,10,T8,Madrid,2023-12,levels.fyi,https://www.levels.fyi/companies/siemens/salaries/software-engineer/locations/spain,2026-10-06,,,,,,,,,
Siemens,1043,https://www.linkedin.com/company/siemens,siemens,resolved,60000,68000,7,T8,Valencia,2025-10,levels.fyi,https://www.levels.fyi/companies/siemens/salaries/software-engineer/locations/spain,2026-10-06,,,,,,,,,
Siemens,1043,https://www.linkedin.com/company/siemens,siemens,resolved,48000,48000,7,Mid,Madrid,2024-05,levels.fyi,https://www.levels.fyi/companies/siemens/salaries/software-engineer/locations/spain,2026-10-06,,,,,,,,,
Siemens,1043,https://www.linkedin.com/company/siemens,siemens,resolved,45000,45000,7,T8,Madrid,2025-02,levels.fyi,https://www.levels.fyi/companies/siemens/salaries/software-engineer/locations/spain,2026-10-06,,,,,,,,,
Siemens,1043,https://www.linkedin.com/company/siemens,siemens,resolved,37000,37000,6,T7,Madrid,2025-02,levels.fyi,https://www.levels.fyi/companies/siemens/salaries/software-engineer/locations/spain,2026-10-06,,,,,,,,,
SITA,,https://www.linkedin.com/company/sita,sita,resolved,50000,55000,8,L5,Barcelona,2026-08,levels.fyi,https://www.levels.fyi/companies/sita/salaries/software-engineer/locations/spain,2026-10-06,,,,,,,,,
Skyscanner,123380,https://www.linkedin.com/company/skyscanner,skyscanner,resolved,93000,102000,10,Senior Software Engineer,Barcelona,2025-11,levels.fyi,https://www.levels.fyi/companies/skyscanner/salaries/software-engineer/locations/spain,2026-10-06,,,,,,,,,
Skyscanner,123380,https://www.linkedin.com/company/skyscanner,skyscanner,resolved,88000,97000,15,Senior Software Engineer,Barcelona,2025-02,levels.fyi,https://www.levels.fyi/companies/skyscanner/salaries/software-engineer/locations/spain,2026-10-06,,,,,,,,,
Skyscanner,123380,https://www.linkedin.com/company/skyscanner,skyscanner,resolved,85000,100000,11+,,Barcelona,2026-02,levels.fyi,https://www.levels.fyi/companies/skyscanner/salaries/software-engineer/locations/spain,2026-10-06,,,,,,,,,
Skyscanner,123380,https://www.linkedin.com/company/skyscanner,skyscanner,resolved,85000,94000,8,Senior Software Engineer,Barcelona,2025-12,levels.fyi,https://www.levels.fyi/companies/skyscanner/salaries/software-engineer/locations/spain,2026-10-06,,,,,,,,,
Skyscanner,123380,https://www.linkedin.com/company/skyscanner,skyscanner,resolved,83200,83200,7,Senior Software Engineer,Barcelona,2024-11,levels.fyi,https://www.levels.fyi/companies/skyscanner/salaries/software-engineer/locations/spain,2026-10-06,,,,,,,,,
Skyscanner,123380,https://www.linkedin.com/company/skyscanner,skyscanner,resolved,80000,88000,6,Senior Software Engineer,Barcelona,2026-09,levels.fyi,https://www.levels.fyi/companies/skyscanner/salaries/software-engineer/locations/spain,2026-10-06,,,,,,,,,
Skyscanner,123380,https://www.linkedin.com/company/skyscanner,skyscanner,resolved,80000,88000,6,Senior Software Engineer,Barcelona,2026-03,levels.fyi,https://www.levels.fyi/companies/skyscanner/salaries/software-engineer/locations/spain,2026-10-06,,,,,,,,,
Skyscanner,123380,https://www.linkedin.com/company/skyscanner,skyscanner,resolved,80000,80000,6,Senior Software Engineer,Barcelona,2026-03,levels.fyi,https://www.levels.fyi/companies/skyscanner/salaries/software-engineer/locations/spain,2026-10-06,,,,,,,,,
Skyscanner,123380,https://www.linkedin.com/company/skyscanner,skyscanner,resolved,79000,87000,10,Senior Software Engineer,Barcelona,2024-04,levels.fyi,https://www.levels.fyi/companies/skyscanner/salaries/software-engineer/locations/spain,2026-10-06,,,,,,,,,
Skyscanner,123380,https://www.linkedin.com/company/skyscanner,skyscanner,resolved,68000,75000,6,Software Engineer II,Barcelona,2024-03,levels.fyi,https://www.levels.fyi/companies/skyscanner/salaries/software-engineer/locations/spain,2026-10-06,,,,,,,,,
Skyscanner,123380,https://www.linkedin.com/company/skyscanner,skyscanner,resolved,68000,68000,5,Software Engineer II,Barcelona,2024-02,levels.fyi,https://www.levels.fyi/companies/skyscanner/salaries/software-engineer/locations/spain,2026-10-06,,,,,,,,,
Skyscanner,123380,https://www.linkedin.com/company/skyscanner,skyscanner,resolved,66000,74000,8,Software Engineer II,Barcelona,2025-02,levels.fyi,https://www.levels.fyi/companies/skyscanner/salaries/software-engineer/locations/spain,2026-10-06,,,,,,,,,
Skyscanner,123380,https://www.linkedin.com/company/skyscanner,skyscanner,resolved,65000,72000,9,Software Engineer II,Barcelona,2026-01,levels.fyi,https://www.levels.fyi/companies/skyscanner/salaries/software-engineer/locations/spain,2026-10-06,,,,,,,,,
Skyscanner,123380,https://www.linkedin.com/company/skyscanner,skyscanner,resolved,64000,71375,8,Software Engineer II,Barcelona,2025-03,levels.fyi,https://www.levels.fyi/companies/skyscanner/salaries/software-engineer/locations/spain,2026-10-06,,,,,,,,,
Skyscanner,123380,https://www.linkedin.com/company/skyscanner,skyscanner,resolved,64000,70400,10,Software Engineer II,Barcelona,2025-01,levels.fyi,https://www.levels.fyi/companies/skyscanner/salaries/software-engineer/locations/spain,2026-10-06,,,,,,,,,
Skyscanner,123380,https://www.linkedin.com/company/skyscanner,skyscanner,resolved,60000,66000,7,G,Barcelona,2022-03,levels.fyi,https://www.levels.fyi/companies/skyscanner/salaries/software-engineer/locations/spain,2026-10-06,,,,,,,,,
Skyscanner,123380,https://www.linkedin.com/company/skyscanner,skyscanner,resolved,60000,65000,6,G,Barcelona,2020-05,levels.fyi,https://www.levels.fyi/companies/skyscanner/salaries/software-engineer/locations/spain,2026-10-06,,,,,,,,,
Skyscanner,123380,https://www.linkedin.com/company/skyscanner,skyscanner,resolved,60000,60000,14,L2,Barcelona,2022-07,levels.fyi,https://www.levels.fyi/companies/skyscanner/salaries/software-engineer/locations/spain,2026-10-06,,,,,,,,,
Skyscanner,123380,https://www.linkedin.com/company/skyscanner,skyscanner,resolved,60000,60000,13,Software Engineer II,Barcelona,2022-05,levels.fyi,https://www.levels.fyi/companies/skyscanner/salaries/software-engineer/locations/spain,2026-10-06,,,,,,,,,
Skyscanner,123380,https://www.linkedin.com/company/skyscanner,skyscanner,resolved,50400,50650,7,Software Engineer II,Madrid,2025-02,levels.fyi,https://www.levels.fyi/companies/skyscanner/salaries/software-engineer/locations/spain,2026-10-06,,,,,,,,,
Skyscanner,123380,https://www.linkedin.com/company/skyscanner,skyscanner,resolved,42400,46600,6,H,Barcelona,2020-09,levels.fyi,https://www.levels.fyi/companies/skyscanner/salaries/software-engineer/locations/spain,2026-10-06,,,,,,,,,
Smile.io,2400901,https://www.linkedin.com/company/smile.io,smileio,resolved,101732,101732,10,L5,Barcelona,2025-07,levels.fyi,https://www.levels.fyi/companies/smileio/salaries/software-engineer/locations/spain,2026-10-06,,,,,,,,,
Smile.io,2400901,https://www.linkedin.com/company/smile.io,smileio,resolved,96470,96470,8,Senior,Barcelona,2024-01,levels.fyi,https://www.levels.fyi/companies/smileio/salaries/software-engineer/locations/spain,2026-10-06,,,,,,,,,
Smile.io,2400901,https://www.linkedin.com/company/smile.io,smileio,resolved,92085,92085,8,Senior,Barcelona,2023-10,levels.fyi,https://www.levels.fyi/companies/smileio/salaries/software-engineer/locations/spain,2026-10-06,,,,,,,,,
Smile.io,2400901,https://www.linkedin.com/company/smile.io,smileio,resolved,87000,87000,6,L3,Barcelona,2022-09,levels.fyi,https://www.levels.fyi/companies/smileio/salaries/software-engineer/locations/spain,2026-10-06,,,,,,,,,
Smile.io,2400901,https://www.linkedin.com/company/smile.io,smileio,resolved,86000,88000,5,L3,Barcelona,2022-03,levels.fyi,https://www.levels.fyi/companies/smileio/salaries/software-engineer/locations/spain,2026-10-06,,,,,,,,,
Sparta Commodities,,https://www.linkedin.com/company/sparta-commodities,sparta-commodities,resolved,69000,69000,7,L3,Valencia,2026-07,levels.fyi,https://www.levels.fyi/companies/sparta-commodities/salaries/software-engineer/locations/spain,2026-10-06,,,,,,,,,
Sparta Commodities,,https://www.linkedin.com/company/sparta-commodities,sparta-commodities,resolved,55000,55000,5,Senior,Valencia,2025-03,levels.fyi,https://www.levels.fyi/companies/sparta-commodities/salaries/software-engineer/locations/spain,2026-10-06,,,,,,,,,
Spotify,207470,https://www.linkedin.com/company/spotify,spotify,resolved,100000,123000,15,Senior Engineer,Barcelona,2024-12,levels.fyi,https://www.levels.fyi/companies/spotify/salaries/software-engineer/locations/spain,2026-10-06,,,,,,,,,
Spotify,207470,https://www.linkedin.com/company/spotify,spotify,resolved,100000,100000,15,Senior Engineer,Barcelona,2025-11,levels.fyi,https://www.levels.fyi/companies/spotify/salaries/software-engineer/locations/spain,2026-10-06,,,,,,,,,
Spotify,207470,https://www.linkedin.com/company/spotify,spotify,resolved,92000,92000,14,Senior Engineer,Madrid,2026-01,levels.fyi,https://www.levels.fyi/companies/spotify/salaries/software-engineer/locations/spain,2026-10-06,,,,,,,,,
Spotify,207470,https://www.linkedin.com/company/spotify,spotify,resolved,87000,106000,9,Senior Engineer,Madrid,2026-06,levels.fyi,https://www.levels.fyi/companies/spotify/salaries/software-engineer/locations/spain,2026-10-06,,,,,,,,,
Spotify,207470,https://www.linkedin.com/company/spotify,spotify,resolved,85000,95000,16,Senior Engineer,Barcelona,2023-12,levels.fyi,https://www.levels.fyi/companies/spotify/salaries/software-engineer/locations/spain,2026-10-06,,,,,,,,,
Spotify,207470,https://www.linkedin.com/company/spotify,spotify,resolved,81000,121000,15,Senior Engineer,Barcelona,2024-10,levels.fyi,https://www.levels.fyi/companies/spotify/salaries/software-engineer/locations/spain,2026-10-06,,,,,,,,,
Spotify,207470,https://www.linkedin.com/company/spotify,spotify,resolved,80000,100000,7,Engineer II,Barcelona,2023-12,levels.fyi,https://www.levels.fyi/companies/spotify/salaries/software-engineer/locations/spain,2026-10-06,,,,,,,,,
Spotify,207470,https://www.linkedin.com/company/spotify,spotify,resolved,76000,99750,6,Engineer II,Madrid,2022-06,levels.fyi,https://www.levels.fyi/companies/spotify/salaries/software-engineer/locations/spain,2026-10-06,,,,,,,,,
Spotify,207470,https://www.linkedin.com/company/spotify,spotify,resolved,76000,99000,8,Engineer II,Madrid,2025-03,levels.fyi,https://www.levels.fyi/companies/spotify/salaries/software-engineer/locations/spain,2026-10-06,,,,,,,,,
Spotify,207470,https://www.linkedin.com/company/spotify,spotify,resolved,75000,122500,8,Senior Engineer,Barcelona,2022-08,levels.fyi,https://www.levels.fyi/companies/spotify/salaries/software-engineer/locations/spain,2026-10-06,,,,,,,,,
Spotify,207470,https://www.linkedin.com/company/spotify,spotify,resolved,75000,110000,10,Senior Engineer,Barcelona,2022-04,levels.fyi,https://www.levels.fyi/companies/spotify/salaries/software-engineer/locations/spain,2026-10-06,,,,,,,,,
Spotify,207470,https://www.linkedin.com/company/spotify,spotify,resolved,73000,193000,11,Senior Engineer,Barcelona,2025-02,levels.fyi,https://www.levels.fyi/companies/spotify/salaries/software-engineer/locations/spain,2026-10-06,,,,,,,,,
Spotify,207470,https://www.linkedin.com/company/spotify,spotify,resolved,73000,114000,10,Senior Engineer,Barcelona,2023-02,levels.fyi,https://www.levels.fyi/companies/spotify/salaries/software-engineer/locations/spain,2026-10-06,,,,,,,,,
Spotify,207470,https://www.linkedin.com/company/spotify,spotify,resolved,72000,90000,7,Engineer II,Madrid,2023-02,levels.fyi,https://www.levels.fyi/companies/spotify/salaries/software-engineer/locations/spain,2026-10-06,,,,,,,,,
Spotify,207470,https://www.linkedin.com/company/spotify,spotify,resolved,72000,89000,7,Engineer II,Madrid,2023-05,levels.fyi,https://www.levels.fyi/companies/spotify/salaries/software-engineer/locations/spain,2026-10-06,,,,,,,,,
Spotify,207470,https://www.linkedin.com/company/spotify,spotify,resolved,70000,170000,9,Senior Engineer,Barcelona,2023-12,levels.fyi,https://www.levels.fyi/companies/spotify/salaries/software-engineer/locations/spain,2026-10-06,,,,,,,,,
Spotify,207470,https://www.linkedin.com/company/spotify,spotify,resolved,70000,90000,9,Engineer II,Barcelona,2023-05,levels.fyi,https://www.levels.fyi/companies/spotify/salaries/software-engineer/locations/spain,2026-10-06,,,,,,,,,
Spotify,207470,https://www.linkedin.com/company/spotify,spotify,resolved,68000,87000,6,Engineer II,Madrid,2022-05,levels.fyi,https://www.levels.fyi/companies/spotify/salaries/software-engineer/locations/spain,2026-10-06,,,,,,,,,
Stenn,,https://www.linkedin.com/company/stenn-financial-services,stenn,resolved,85000,98000,15,,Barcelona,2024-12,levels.fyi,https://www.levels.fyi/companies/stenn/salaries/software-engineer/locations/spain,2026-10-06,,,,,,,,,
Stenn,,https://www.linkedin.com/company/stenn-financial-services,stenn,resolved,82000,82000,5-10,Senior,Barcelona,2024-11,levels.fyi,https://www.levels.fyi/companies/stenn/salaries/software-engineer/locations/spain,2026-10-06,,,,,,,,,
Stenn,,https://www.linkedin.com/company/stenn-financial-services,stenn,resolved,75000,75000,8,L1,Barcelona,2025-01,levels.fyi,https://www.levels.fyi/companies/stenn/salaries/software-engineer/locations/spain,2026-10-06,,,,,,,,,
Stenn,,https://www.linkedin.com/company/stenn-financial-services,stenn,resolved,70000,70000,10,Senior,Barcelona,2024-05,levels.fyi,https://www.levels.fyi/companies/stenn/salaries/software-engineer/locations/spain,2026-10-06,,,,,,,,,
Stripe,2135371,https://www.linkedin.com/company/stripe,stripe,resolved,166000,400000,12,L4,Barcelona,2022-04,levels.fyi,https://www.levels.fyi/companies/stripe/salaries/software-engineer/locations/spain,2026-10-06,,,,,,,,,
Stripe,2135371,https://www.linkedin.com/company/stripe,stripe,resolved,124000,266000,6,L3,Barcelona,2022-04,levels.fyi,https://www.levels.fyi/companies/stripe/salaries/software-engineer/locations/spain,2026-10-06,,,,,,,,,
Stripe,2135371,https://www.linkedin.com/company/stripe,stripe,resolved,110000,199500,13,L3,Barcelona,2025-08,levels.fyi,https://www.levels.fyi/companies/stripe/salaries/software-engineer/locations/spain,2026-10-06,,,,,,,,,
Stripe,2135371,https://www.linkedin.com/company/stripe,stripe,resolved,95000,194999,10,L3,Barcelona,2025-01,levels.fyi,https://www.levels.fyi/companies/stripe/salaries/software-engineer/locations/spain,2026-10-06,,,,,,,,,
Stripe,2135371,https://www.linkedin.com/company/stripe,stripe,resolved,86000,145900,15,L3,Barcelona,2023-09,levels.fyi,https://www.levels.fyi/companies/stripe/salaries/software-engineer/locations/spain,2026-10-06,,,,,,,,,
Stripe,2135371,https://www.linkedin.com/company/stripe,stripe,resolved,82000,135200,5,L2,Barcelona,2025-11,levels.fyi,https://www.levels.fyi/companies/stripe/salaries/software-engineer/locations/spain,2026-10-06,,,,,,,,,
StubHub,,https://www.linkedin.com/company/stubhub,stubhub,resolved,53000,53000,11,L5,Madrid,2026-09,levels.fyi,https://www.levels.fyi/companies/stubhub/salaries/software-engineer/locations/spain,2026-10-06,,,,,,,,,
Supabase,,https://www.linkedin.com/company/supabase,supabase,resolved,157860,192940,8,Senior,Madrid,2026-09,levels.fyi,https://www.levels.fyi/companies/supabase/salaries/software-engineer/locations/spain,2026-10-06,,,,,,,,,
Superbet,,https://www.linkedin.com/company/superbet-international,superbet,resolved,70000,77000,7,II,Madrid,2026-09,levels.fyi,https://www.levels.fyi/companies/superbet/salaries/software-engineer/locations/spain,2026-10-06,,,,,,,,,
SUSE,1455,https://www.linkedin.com/company/suse,suse,resolved,82000,82000,12,9 - Expert,Zaragoza,2026-07,levels.fyi,https://www.levels.fyi/companies/suse/salaries/software-engineer/locations/spain,2026-10-06,,,,,,,,,
SUSE,1455,https://www.linkedin.com/company/suse,suse,resolved,80000,88000,25,L4,Barcelona,2024-09,levels.fyi,https://www.levels.fyi/companies/suse/salaries/software-engineer/locations/spain,2026-10-06,,,,,,,,,
SUSE,1455,https://www.linkedin.com/company/suse,suse,resolved,77000,84700,18,Expert,Vitoria,2025-02,levels.fyi,https://www.levels.fyi/companies/suse/salaries/software-engineer/locations/spain,2026-10-06,,,,,,,,,
SUSE,1455,https://www.linkedin.com/company/suse,suse,resolved,72000,79000,11,L4,Sevilla,2026-05,levels.fyi,https://www.levels.fyi/companies/suse/salaries/software-engineer/locations/spain,2026-10-06,,,,,,,,,
SUSE,1455,https://www.linkedin.com/company/suse,suse,resolved,70000,84000,10,5,Madrid,2024-09,levels.fyi,https://www.levels.fyi/companies/suse/salaries/software-engineer/locations/spain,2026-10-06,,,,,,,,,
SUSE,1455,https://www.linkedin.com/company/suse,suse,resolved,66000,73000,13,L4,Barcelona,2022-07,levels.fyi,https://www.levels.fyi/companies/suse/salaries/software-engineer/locations/spain,2026-10-06,,,,,,,,,
Swiss Re,3845,https://www.linkedin.com/company/swiss-re,swiss-re,resolved,82000,98000,26,D,Madrid,2026-09,levels.fyi,https://www.levels.fyi/companies/swiss-re/salaries/software-engineer/locations/spain,2026-10-06,,,,,,,,,
Swiss Re,3845,https://www.linkedin.com/company/swiss-re,swiss-re,resolved,80000,97000,21,Sr Software Development Engineer,Madrid,2026-02,levels.fyi,https://www.levels.fyi/companies/swiss-re/salaries/software-engineer/locations/spain,2026-10-06,,,,,,,,,
Swiss Re,3845,https://www.linkedin.com/company/swiss-re,swiss-re,resolved,65000,73000,7,Mid,Madrid,2024-04,levels.fyi,https://www.levels.fyi/companies/swiss-re/salaries/software-engineer/locations/spain,2026-10-06,,,,,,,,,
Swiss Re,3845,https://www.linkedin.com/company/swiss-re,swiss-re,resolved,64000,72000,5,Senior,Barcelona,2024-05,levels.fyi,https://www.levels.fyi/companies/swiss-re/salaries/software-engineer/locations/spain,2026-10-06,,,,,,,,,
Swiss Re,3845,https://www.linkedin.com/company/swiss-re,swiss-re,resolved,64000,72000,5,L3,Madrid,2024-04,levels.fyi,https://www.levels.fyi/companies/swiss-re/salaries/software-engineer/locations/spain,2026-10-06,,,,,,,,,
Swiss Re,3845,https://www.linkedin.com/company/swiss-re,swiss-re,resolved,62000,73000,5,L3,Madrid,2024-01,levels.fyi,https://www.levels.fyi/companies/swiss-re/salaries/software-engineer/locations/spain,2026-10-06,,,,,,,,,
T-Systems,999183,https://www.linkedin.com/company/tsystems-brasil,t-systems,resolved,85000,85000,17,L5,Barcelona,2024-08,levels.fyi,https://www.levels.fyi/companies/t-systems/salaries/software-engineer/locations/spain,2026-10-06,,https://www.t-systems.com,,Frankfurt,DE,"1,001-10,000",information-technology-services|computing-infrastructure|data-analytics|hosting-services,2001,
T-Systems,999183,https://www.linkedin.com/company/tsystems-brasil,t-systems,resolved,84000,84000,11+,,Reus,2023-01,levels.fyi,https://www.levels.fyi/companies/t-systems/salaries/software-engineer/locations/spain,2026-10-06,,https://www.t-systems.com,,Frankfurt,DE,"1,001-10,000",information-technology-services|computing-infrastructure|data-analytics|hosting-services,2001,
T-Systems,999183,https://www.linkedin.com/company/tsystems-brasil,t-systems,resolved,83000,83000,17,L4,Barcelona,2024-10,levels.fyi,https://www.levels.fyi/companies/t-systems/salaries/software-engineer/locations/spain,2026-10-06,,https://www.t-systems.com,,Frankfurt,DE,"1,001-10,000",information-technology-services|computing-infrastructure|data-analytics|hosting-services,2001,
T-Systems,999183,https://www.linkedin.com/company/tsystems-brasil,t-systems,resolved,82000,82000,12,Senior,Barcelona,2025-11,levels.fyi,https://www.levels.fyi/companies/t-systems/salaries/software-engineer/locations/spain,2026-10-06,,https://www.t-systems.com,,Frankfurt,DE,"1,001-10,000",information-technology-services|computing-infrastructure|data-analytics|hosting-services,2001,
T-Systems,999183,https://www.linkedin.com/company/tsystems-brasil,t-systems,resolved,75000,75000,13,Senior,Granada,2025-07,levels.fyi,https://www.levels.fyi/companies/t-systems/salaries/software-engineer/locations/spain,2026-10-06,,https://www.t-systems.com,,Frankfurt,DE,"1,001-10,000",information-technology-services|computing-infrastructure|data-analytics|hosting-services,2001,
T-Systems,999183,https://www.linkedin.com/company/tsystems-brasil,t-systems,resolved,70000,70000,6,Senior Software Engineer,Reus,2025-02,levels.fyi,https://www.levels.fyi/companies/t-systems/salaries/software-engineer/locations/spain,2026-10-06,,https://www.t-systems.com,,Frankfurt,DE,"1,001-10,000",information-technology-services|computing-infrastructure|data-analytics|hosting-services,2001,
T-Systems,999183,https://www.linkedin.com/company/tsystems-brasil,t-systems,resolved,65000,65000,14,L2,Madrid,2025-11,levels.fyi,https://www.levels.fyi/companies/t-systems/salaries/software-engineer/locations/spain,2026-10-06,,https://www.t-systems.com,,Frankfurt,DE,"1,001-10,000",information-technology-services|computing-infrastructure|data-analytics|hosting-services,2001,
T-Systems,999183,https://www.linkedin.com/company/tsystems-brasil,t-systems,resolved,65000,65000,14,L2,Madrid,2025-11,levels.fyi,https://www.levels.fyi/companies/t-systems/salaries/software-engineer/locations/spain,2026-10-06,,https://www.t-systems.com,,Frankfurt,DE,"1,001-10,000",information-technology-services|computing-infrastructure|data-analytics|hosting-services,2001,
T-Systems,999183,https://www.linkedin.com/company/tsystems-brasil,t-systems,resolved,65000,65000,12,Senior,Barcelona,2024-12,levels.fyi,https://www.levels.fyi/companies/t-systems/salaries/software-engineer/locations/spain,2026-10-06,,https://www.t-systems.com,,Frankfurt,DE,"1,001-10,000",information-technology-services|computing-infrastructure|data-analytics|hosting-services,2001,
T-Systems,999183,https://www.linkedin.com/company/tsystems-brasil,t-systems,resolved,65000,65000,8,Senior,Reus,2026-02,levels.fyi,https://www.levels.fyi/companies/t-systems/salaries/software-engineer/locations/spain,2026-10-06,,https://www.t-systems.com,,Frankfurt,DE,"1,001-10,000",information-technology-services|computing-infrastructure|data-analytics|hosting-services,2001,
T-Systems,999183,https://www.linkedin.com/company/tsystems-brasil,t-systems,resolved,65000,65000,8,Expert,Reus,2025-10,levels.fyi,https://www.levels.fyi/companies/t-systems/salaries/software-engineer/locations/spain,2026-10-06,,https://www.t-systems.com,,Frankfurt,DE,"1,001-10,000",information-technology-services|computing-infrastructure|data-analytics|hosting-services,2001,
T-Systems,999183,https://www.linkedin.com/company/tsystems-brasil,t-systems,resolved,65000,65000,5,L4,Granada,2025-03,levels.fyi,https://www.levels.fyi/companies/t-systems/salaries/software-engineer/locations/spain,2026-10-06,,https://www.t-systems.com,,Frankfurt,DE,"1,001-10,000",information-technology-services|computing-infrastructure|data-analytics|hosting-services,2001,
T-Systems,999183,https://www.linkedin.com/company/tsystems-brasil,t-systems,resolved,60000,60000,5,L2,Valencia,2025-02,levels.fyi,https://www.levels.fyi/companies/t-systems/salaries/software-engineer/locations/spain,2026-10-06,,https://www.t-systems.com,,Frankfurt,DE,"1,001-10,000",information-technology-services|computing-infrastructure|data-analytics|hosting-services,2001,
T-Systems,999183,https://www.linkedin.com/company/tsystems-brasil,t-systems,resolved,56000,56000,8,L3,Valencia,2026-09,levels.fyi,https://www.levels.fyi/companies/t-systems/salaries/software-engineer/locations/spain,2026-10-06,,https://www.t-systems.com,,Frankfurt,DE,"1,001-10,000",information-technology-services|computing-infrastructure|data-analytics|hosting-services,2001,
T-Systems,999183,https://www.linkedin.com/company/tsystems-brasil,t-systems,resolved,55000,55000,10,L3,Reus,2024-10,levels.fyi,https://www.levels.fyi/companies/t-systems/salaries/software-engineer/locations/spain,2026-10-06,,https://www.t-systems.com,,Frankfurt,DE,"1,001-10,000",information-technology-services|computing-infrastructure|data-analytics|hosting-services,2001,
T-Systems,999183,https://www.linkedin.com/company/tsystems-brasil,t-systems,resolved,55000,55000,10,Senior Software Engineer,Granada,2024-09,levels.fyi,https://www.levels.fyi/companies/t-systems/salaries/software-engineer/locations/spain,2026-10-06,,https://www.t-systems.com,,Frankfurt,DE,"1,001-10,000",information-technology-services|computing-infrastructure|data-analytics|hosting-services,2001,
T-Systems,999183,https://www.linkedin.com/company/tsystems-brasil,t-systems,resolved,55000,55000,5-10,,Valencia,2025-03,levels.fyi,https://www.levels.fyi/companies/t-systems/salaries/software-engineer/locations/spain,2026-10-06,,https://www.t-systems.com,,Frankfurt,DE,"1,001-10,000",information-technology-services|computing-infrastructure|data-analytics|hosting-services,2001,
T-Systems,999183,https://www.linkedin.com/company/tsystems-brasil,t-systems,resolved,52000,52000,11,Consultor Tecnología,Malaga,2026-04,levels.fyi,https://www.levels.fyi/companies/t-systems/salaries/software-engineer/locations/spain,2026-10-06,,https://www.t-systems.com,,Frankfurt,DE,"1,001-10,000",information-technology-services|computing-infrastructure|data-analytics|hosting-services,2001,
T-Systems,999183,https://www.linkedin.com/company/tsystems-brasil,t-systems,resolved,48000,48000,6,L4,Barcelona,2024-09,levels.fyi,https://www.levels.fyi/companies/t-systems/salaries/software-engineer/locations/spain,2026-10-06,,https://www.t-systems.com,,Frankfurt,DE,"1,001-10,000",information-technology-services|computing-infrastructure|data-analytics|hosting-services,2001,
T-Systems,999183,https://www.linkedin.com/company/tsystems-brasil,t-systems,resolved,45000,45000,5,L3,Granada,2026-01,levels.fyi,https://www.levels.fyi/companies/t-systems/salaries/software-engineer/locations/spain,2026-10-06,,https://www.t-systems.com,,Frankfurt,DE,"1,001-10,000",information-technology-services|computing-infrastructure|data-analytics|hosting-services,2001,
T-Systems,999183,https://www.linkedin.com/company/tsystems-brasil,t-systems,resolved,40000,40000,5,L3,Granada,2022-03,levels.fyi,https://www.levels.fyi/companies/t-systems/salaries/software-engineer/locations/spain,2026-10-06,,https://www.t-systems.com,,Frankfurt,DE,"1,001-10,000",information-technology-services|computing-infrastructure|data-analytics|hosting-services,2001,
T-Systems,999183,https://www.linkedin.com/company/tsystems-brasil,t-systems,resolved,37000,37000,5,Middle,Valencia,2025-11,levels.fyi,https://www.levels.fyi/companies/t-systems/salaries/software-engineer/locations/spain,2026-10-06,,https://www.t-systems.com,,Frankfurt,DE,"1,001-10,000",information-technology-services|computing-infrastructure|data-analytics|hosting-services,2001,
Tabby,26615638,https://www.linkedin.com/company/footballdotcom,tabby,resolved,96000,139000,15,L2,Valencia,2026-05,levels.fyi,https://www.levels.fyi/companies/tabby/salaries/software-engineer/locations/spain,2026-10-06,,,,,,,,,
Tabby,26615638,https://www.linkedin.com/company/footballdotcom,tabby,resolved,72000,80500,7,L3,Barcelona,2025-05,levels.fyi,https://www.levels.fyi/companies/tabby/salaries/software-engineer/locations/spain,2026-10-06,,,,,,,,,
Tabby,26615638,https://www.linkedin.com/company/footballdotcom,tabby,resolved,70000,73500,5,3,Barcelona,2025-06,levels.fyi,https://www.levels.fyi/companies/tabby/salaries/software-engineer/locations/spain,2026-10-06,,,,,,,,,
Tabby,26615638,https://www.linkedin.com/company/footballdotcom,tabby,resolved,65000,65000,5-10,,Barcelona,2025-02,levels.fyi,https://www.levels.fyi/companies/tabby/salaries/software-engineer/locations/spain,2026-10-06,,,,,,,,,
Tabby,26615638,https://www.linkedin.com/company/footballdotcom,tabby,resolved,63000,63000,7,Senior II,Valencia,2025-07,levels.fyi,https://www.levels.fyi/companies/tabby/salaries/software-engineer/locations/spain,2026-10-06,,,,,,,,,
Tabby,26615638,https://www.linkedin.com/company/footballdotcom,tabby,resolved,57000,62000,5,Mid,Barcelona,2026-06,levels.fyi,https://www.levels.fyi/companies/tabby/salaries/software-engineer/locations/spain,2026-10-06,,,,,,,,,
TestGorilla,,https://www.linkedin.com/company/testgorilla,testgorilla,resolved,65000,65000,7,IC4,Madrid,2026-08,levels.fyi,https://www.levels.fyi/companies/testgorilla/salaries/software-engineer/locations/spain,2026-10-06,,,,,,,,,
Teya,93621491,https://www.linkedin.com/company/teya-global,teya,resolved,125000,155000,20,4,Madrid,2025-08,levels.fyi,https://www.levels.fyi/companies/teya/salaries/software-engineer/locations/spain,2026-10-06,,,,,,,,,
Teya,93621491,https://www.linkedin.com/company/teya-global,teya,resolved,125000,155000,20,IC4,Madrid,2025-08,levels.fyi,https://www.levels.fyi/companies/teya/salaries/software-engineer/locations/spain,2026-10-06,,,,,,,,,
Teya,93621491,https://www.linkedin.com/company/teya-global,teya,resolved,125000,125000,19,4,Madrid,2025-08,levels.fyi,https://www.levels.fyi/companies/teya/salaries/software-engineer/locations/spain,2026-10-06,,,,,,,,,
Teya,93621491,https://www.linkedin.com/company/teya-global,teya,resolved,95000,95000,12,IC3,Madrid,2026-02,levels.fyi,https://www.levels.fyi/companies/teya/salaries/software-engineer/locations/spain,2026-10-06,,,,,,,,,
Teya,93621491,https://www.linkedin.com/company/teya-global,teya,resolved,80000,80000,7,IC2,Madrid,2026-02,levels.fyi,https://www.levels.fyi/companies/teya/salaries/software-engineer/locations/spain,2026-10-06,,,,,,,,,
Teya,93621491,https://www.linkedin.com/company/teya-global,teya,resolved,65000,65000,15,L2,Madrid,2025-10,levels.fyi,https://www.levels.fyi/companies/teya/salaries/software-engineer/locations/spain,2026-10-06,,,,,,,,,
The Trade Desk,892001,https://www.linkedin.com/company/the-trade-desk,the-trade-desk,resolved,82438,159614,10,Senior Software Engineer,Madrid,2024-02,levels.fyi,https://www.levels.fyi/companies/the-trade-desk/salaries/software-engineer/locations/spain,2026-10-06,,,,,,,,,
The Trade Desk,892001,https://www.linkedin.com/company/the-trade-desk,the-trade-desk,resolved,80000,127968,7,Software Engineer II,Madrid,2022-11,levels.fyi,https://www.levels.fyi/companies/the-trade-desk/salaries/software-engineer/locations/spain,2026-10-06,,,,,,,,,
The Trade Desk,892001,https://www.linkedin.com/company/the-trade-desk,the-trade-desk,resolved,72000,122000,9,Software Engineer II,Madrid,2024-01,levels.fyi,https://www.levels.fyi/companies/the-trade-desk/salaries/software-engineer/locations/spain,2026-10-06,,,,,,,,,
Thoughtworks,157356,https://www.linkedin.com/company/thoughtworks,thoughtworks,resolved,78000,78000,10,Lead Consultant,Barcelona,2025-06,levels.fyi,https://www.levels.fyi/companies/thoughtworks/salaries/software-engineer/locations/spain,2026-10-06,,,,,,,,,
Thoughtworks,157356,https://www.linkedin.com/company/thoughtworks,thoughtworks,resolved,75000,75000,10,Lead Consultant,Barcelona,2025-07,levels.fyi,https://www.levels.fyi/companies/thoughtworks/salaries/software-engineer/locations/spain,2026-10-06,,,,,,,,,
Thoughtworks,157356,https://www.linkedin.com/company/thoughtworks,thoughtworks,resolved,74000,74000,10,Lead Consultant,Madrid,2026-05,levels.fyi,https://www.levels.fyi/companies/thoughtworks/salaries/software-engineer/locations/spain,2026-10-06,,,,,,,,,
Thoughtworks,157356,https://www.linkedin.com/company/thoughtworks,thoughtworks,resolved,72000,72000,10,Senior Consultant,Barcelona,2026-05,levels.fyi,https://www.levels.fyi/companies/thoughtworks/salaries/software-engineer/locations/spain,2026-10-06,,,,,,,,,
Thoughtworks,157356,https://www.linkedin.com/company/thoughtworks,thoughtworks,resolved,70000,70000,17,Lead Consultant,Barcelona,2023-09,levels.fyi,https://www.levels.fyi/companies/thoughtworks/salaries/software-engineer/locations/spain,2026-10-06,,,,,,,,,
Thoughtworks,157356,https://www.linkedin.com/company/thoughtworks,thoughtworks,resolved,68000,71000,13,Principal Consultant,Barcelona,2024-01,levels.fyi,https://www.levels.fyi/companies/thoughtworks/salaries/software-engineer/locations/spain,2026-10-06,,,,,,,,,
Thoughtworks,157356,https://www.linkedin.com/company/thoughtworks,thoughtworks,resolved,65000,65000,13,Lead Consultant,Barcelona,2022-09,levels.fyi,https://www.levels.fyi/companies/thoughtworks/salaries/software-engineer/locations/spain,2026-10-06,,,,,,,,,
Thoughtworks,157356,https://www.linkedin.com/company/thoughtworks,thoughtworks,resolved,65000,65000,9,Lead,Barcelona,2021-01,levels.fyi,https://www.levels.fyi/companies/thoughtworks/salaries/software-engineer/locations/spain,2026-10-06,,,,,,,,,
Thoughtworks,157356,https://www.linkedin.com/company/thoughtworks,thoughtworks,resolved,64000,72000,12,L4,Malaga,2022-04,levels.fyi,https://www.levels.fyi/companies/thoughtworks/salaries/software-engineer/locations/spain,2026-10-06,,,,,,,,,
Thoughtworks,157356,https://www.linkedin.com/company/thoughtworks,thoughtworks,resolved,64000,64000,10,Lead Consultant,Barcelona,2023-01,levels.fyi,https://www.levels.fyi/companies/thoughtworks/salaries/software-engineer/locations/spain,2026-10-06,,,,,,,,,
Thoughtworks,157356,https://www.linkedin.com/company/thoughtworks,thoughtworks,resolved,60600,60600,10,Lead Consultant,Madrid,2023-12,levels.fyi,https://www.levels.fyi/companies/thoughtworks/salaries/software-engineer/locations/spain,2026-10-06,,,,,,,,,
Thoughtworks,157356,https://www.linkedin.com/company/thoughtworks,thoughtworks,resolved,58026,58026,8,Senior Consultant,Barcelona,2025-10,levels.fyi,https://www.levels.fyi/companies/thoughtworks/salaries/software-engineer/locations/spain,2026-10-06,,,,,,,,,
Thoughtworks,157356,https://www.linkedin.com/company/thoughtworks,thoughtworks,resolved,58000,58000,10,Lead Consultant,Barcelona,2022-12,levels.fyi,https://www.levels.fyi/companies/thoughtworks/salaries/software-engineer/locations/spain,2026-10-06,,,,,,,,,
Thoughtworks,157356,https://www.linkedin.com/company/thoughtworks,thoughtworks,resolved,57000,61600,10,Senior Consultant,Barcelona,2023-02,levels.fyi,https://www.levels.fyi/companies/thoughtworks/salaries/software-engineer/locations/spain,2026-10-06,,,,,,,,,
Thoughtworks,157356,https://www.linkedin.com/company/thoughtworks,thoughtworks,resolved,55200,55200,8,Senior Consultant,Madrid,2022-10,levels.fyi,https://www.levels.fyi/companies/thoughtworks/salaries/software-engineer/locations/spain,2026-10-06,,,,,,,,,
Thoughtworks,157356,https://www.linkedin.com/company/thoughtworks,thoughtworks,resolved,54200,54200,14,Senior Consultant,Barcelona,2024-08,levels.fyi,https://www.levels.fyi/companies/thoughtworks/salaries/software-engineer/locations/spain,2026-10-06,,,,,,,,,
Thoughtworks,157356,https://www.linkedin.com/company/thoughtworks,thoughtworks,resolved,53000,57000,13,Lead Consultant,Barcelona,2023-06,levels.fyi,https://www.levels.fyi/companies/thoughtworks/salaries/software-engineer/locations/spain,2026-10-06,,,,,,,,,
Thoughtworks,157356,https://www.linkedin.com/company/thoughtworks,thoughtworks,resolved,52600,52600,6,Senior Consultant,Barcelona,2024-06,levels.fyi,https://www.levels.fyi/companies/thoughtworks/salaries/software-engineer/locations/spain,2026-10-06,,,,,,,,,
Thoughtworks,157356,https://www.linkedin.com/company/thoughtworks,thoughtworks,resolved,52000,64000,5,Senior,Barcelona,2022-06,levels.fyi,https://www.levels.fyi/companies/thoughtworks/salaries/software-engineer/locations/spain,2026-10-06,,,,,,,,,
Thoughtworks,157356,https://www.linkedin.com/company/thoughtworks,thoughtworks,resolved,52000,52000,15,L3,Madrid,2021-03,levels.fyi,https://www.levels.fyi/companies/thoughtworks/salaries/software-engineer/locations/spain,2026-10-06,,,,,,,,,
Thoughtworks,157356,https://www.linkedin.com/company/thoughtworks,thoughtworks,resolved,50000,50000,7,Senior Consultant,Madrid,2025-08,levels.fyi,https://www.levels.fyi/companies/thoughtworks/salaries/software-engineer/locations/spain,2026-10-06,,,,,,,,,
Thoughtworks,157356,https://www.linkedin.com/company/thoughtworks,thoughtworks,resolved,50000,50000,7,Senior Consultant,Barcelona,2024-07,levels.fyi,https://www.levels.fyi/companies/thoughtworks/salaries/software-engineer/locations/spain,2026-10-06,,,,,,,,,
Thoughtworks,157356,https://www.linkedin.com/company/thoughtworks,thoughtworks,resolved,49000,49000,9,Senior Consultant,Barcelona,2024-08,levels.fyi,https://www.levels.fyi/companies/thoughtworks/salaries/software-engineer/locations/spain,2026-10-06,,,,,,,,,
Thoughtworks,157356,https://www.linkedin.com/company/thoughtworks,thoughtworks,resolved,48600,48600,10,Senior Consultant,Barcelona,2021-03,levels.fyi,https://www.levels.fyi/companies/thoughtworks/salaries/software-engineer/locations/spain,2026-10-06,,,,,,,,,
Thoughtworks,157356,https://www.linkedin.com/company/thoughtworks,thoughtworks,resolved,44800,44800,5,Senior Consultant - Software Developer,Barcelona,2020-10,levels.fyi,https://www.levels.fyi/companies/thoughtworks/salaries/software-engineer/locations/spain,2026-10-06,,,,,,,,,
Thoughtworks,157356,https://www.linkedin.com/company/thoughtworks,thoughtworks,resolved,40000,40000,7,Consultant,Madrid,2023-06,levels.fyi,https://www.levels.fyi/companies/thoughtworks/salaries/software-engineer/locations/spain,2026-10-06,,,,,,,,,
Thoughtworks,157356,https://www.linkedin.com/company/thoughtworks,thoughtworks,resolved,35000,37000,5,Senior Consultant,Barcelona,2023-11,levels.fyi,https://www.levels.fyi/companies/thoughtworks/salaries/software-engineer/locations/spain,2026-10-06,,,,,,,,,
Thoughtworks,157356,https://www.linkedin.com/company/thoughtworks,thoughtworks,resolved,32000,47000,5,Consultant,Barcelona,2023-01,levels.fyi,https://www.levels.fyi/companies/thoughtworks/salaries/software-engineer/locations/spain,2026-10-06,,,,,,,,,
Tiger Data (Timescale),107383551|11065434,https://www.linkedin.com/company/tigerdata,timescale,resolved,150000,173000,12,L5,Madrid,2025-11,levels.fyi,https://www.levels.fyi/companies/tiger-data/salaries/software-engineer/locations/spain,2026-10-06,,,,,,,,,
Tiger Data (Timescale),107383551|11065434,https://www.linkedin.com/company/tigerdata,timescale,resolved,130000,140000,10,L4,Barcelona,2026-02,levels.fyi,https://www.levels.fyi/companies/timescale/salaries/software-engineer/locations/spain,2026-10-06,,,,,,,,,
Tiger Data (Timescale),107383551|11065434,https://www.linkedin.com/company/tigerdata,timescale,resolved,100000,100000,7,Senior,Madrid,2025-05,levels.fyi,https://www.levels.fyi/companies/timescale/salaries/software-engineer/locations/spain,2026-10-06,,,,,,,,,
Tiger Data (Timescale),107383551|11065434,https://www.linkedin.com/company/tigerdata,timescale,resolved,91000,91000,10,Senior Backend Engineer,Madrid,2025-10,levels.fyi,https://www.levels.fyi/companies/timescale/salaries/software-engineer/locations/spain,2026-10-06,,,,,,,,,
Tinybird,35704741,https://www.linkedin.com/company/tinybird-co,tinybird,resolved,85000,85000,7,,Madrid,2026-02,levels.fyi,https://www.levels.fyi/companies/tinybird/salaries/software-engineer/locations/spain,2026-10-06,,,,,,,,,
Tinybird,35704741,https://www.linkedin.com/company/tinybird-co,tinybird,resolved,78000,109999,10,L3,Barcelona,2025-01,levels.fyi,https://www.levels.fyi/companies/tinybird/salaries/software-engineer/locations/spain,2026-10-06,,,,,,,,,
TomTom,166474,https://www.linkedin.com/company/tomtom,tomtom,resolved,85000,85000,6,Software Engineer IV,Madrid,2025-07,levels.fyi,https://www.levels.fyi/companies/tomtom/salaries/software-engineer/locations/spain,2026-10-06,,https://www.tomtom.com,,Amsterdam,NL,"1,001-10,000",information-technology-services|consumer-electronics|technology|b2c,1991,
TomTom,166474,https://www.linkedin.com/company/tomtom,tomtom,resolved,70000,75000,20,Software Engineer IV,Madrid,2025-01,levels.fyi,https://www.levels.fyi/companies/tomtom/salaries/software-engineer/locations/spain,2026-10-06,,https://www.tomtom.com,,Amsterdam,NL,"1,001-10,000",information-technology-services|consumer-electronics|technology|b2c,1991,
TomTom,166474,https://www.linkedin.com/company/tomtom,tomtom,resolved,68000,68000,5,Software Engineer III,Madrid,2026-06,levels.fyi,https://www.levels.fyi/companies/tomtom/salaries/software-engineer/locations/spain,2026-10-06,,https://www.tomtom.com,,Amsterdam,NL,"1,001-10,000",information-technology-services|consumer-electronics|technology|b2c,1991,
TomTom,166474,https://www.linkedin.com/company/tomtom,tomtom,resolved,66000,66000,20,Software Engineer IV,Madrid,2026-04,levels.fyi,https://www.levels.fyi/companies/tomtom/salaries/software-engineer/locations/spain,2026-10-06,,https://www.tomtom.com,,Amsterdam,NL,"1,001-10,000",information-technology-services|consumer-electronics|technology|b2c,1991,
TomTom,166474,https://www.linkedin.com/company/tomtom,tomtom,resolved,64000,64000,20,Software Engineer IV,Madrid,2024-01,levels.fyi,https://www.levels.fyi/companies/tomtom/salaries/software-engineer/locations/spain,2026-10-06,,https://www.tomtom.com,,Amsterdam,NL,"1,001-10,000",information-technology-services|consumer-electronics|technology|b2c,1991,
TomTom,166474,https://www.linkedin.com/company/tomtom,tomtom,resolved,58000,58000,5,Software Engineer III,Madrid,2025-06,levels.fyi,https://www.levels.fyi/companies/tomtom/salaries/software-engineer/locations/spain,2026-10-06,,https://www.tomtom.com,,Amsterdam,NL,"1,001-10,000",information-technology-services|consumer-electronics|technology|b2c,1991,
TomTom,166474,https://www.linkedin.com/company/tomtom,tomtom,resolved,52000,52000,5,Software Engineer II,Madrid,2026-06,levels.fyi,https://www.levels.fyi/companies/tomtom/salaries/software-engineer/locations/spain,2026-10-06,,https://www.tomtom.com,,Amsterdam,NL,"1,001-10,000",information-technology-services|consumer-electronics|technology|b2c,1991,
TomTom,166474,https://www.linkedin.com/company/tomtom,tomtom,resolved,51000,51000,5,Software Engineer II,Madrid,2026-05,levels.fyi,https://www.levels.fyi/companies/tomtom/salaries/software-engineer/locations/spain,2026-10-06,,https://www.tomtom.com,,Amsterdam,NL,"1,001-10,000",information-technology-services|consumer-electronics|technology|b2c,1991,
Toptal,1545609,https://www.linkedin.com/company/toptal,toptal,resolved,108000,108000,16,Senior,Valencia,2022-01,levels.fyi,https://www.levels.fyi/companies/toptal/salaries/software-engineer/locations/spain,2026-10-06,,,,,,,,,
Toptal,1545609,https://www.linkedin.com/company/toptal,toptal,resolved,105240,105240,23,Principal Software Engineer,Madrid,2025-12,levels.fyi,https://www.levels.fyi/companies/toptal/salaries/software-engineer/locations/spain,2026-10-06,,,,,,,,,
Toptal,1545609,https://www.linkedin.com/company/toptal,toptal,resolved,101732,101732,14,Principal Software Engineer,Barcelona,2024-09,levels.fyi,https://www.levels.fyi/companies/toptal/salaries/software-engineer/locations/spain,2026-10-06,,,,,,,,,
Toptal,1545609,https://www.linkedin.com/company/toptal,toptal,resolved,71037,71037,8,Senior Software Engineer,Madrid,2024-10,levels.fyi,https://www.levels.fyi/companies/toptal/salaries/software-engineer/locations/spain,2026-10-06,,,,,,,,,
Trade Republic,,https://www.linkedin.com/company/trade-republic,trade-republic,resolved,100000,120000,8,Senior Software Engineer,Madrid,2024-05,levels.fyi,https://www.levels.fyi/companies/trade-republic/salaries/software-engineer/locations/spain,2026-10-06,,,,,,,,,
Trade Republic,,https://www.linkedin.com/company/trade-republic,trade-republic,resolved,85000,85000,8,Software Engineer II,Madrid,2026-09,levels.fyi,https://www.levels.fyi/companies/trade-republic/salaries/software-engineer/locations/spain,2026-10-06,,,,,,,,,
TradingView,3179069,https://www.linkedin.com/company/tradingview,tradingview,resolved,84000,84000,5-10,,Malaga,2025-01,levels.fyi,https://www.levels.fyi/companies/tradingview/salaries/software-engineer/locations/spain,2026-10-06,,,,,,,,,
TradingView,3179069,https://www.linkedin.com/company/tradingview,tradingview,resolved,65000,65000,5-10,,Malaga,2025-05,levels.fyi,https://www.levels.fyi/companies/tradingview/salaries/software-engineer/locations/spain,2026-10-06,,,,,,,,,
TradingView,3179069,https://www.linkedin.com/company/tradingview,tradingview,resolved,48000,48000,5,Mid,Malaga,2025-06,levels.fyi,https://www.levels.fyi/companies/tradingview/salaries/software-engineer/locations/spain,2026-10-06,,,,,,,,,
TravelPerk,,https://www.linkedin.com/company/travelperk,travelperk,resolved,96000,96000,13,L7,Barcelona,2025-09,levels.fyi,https://www.levels.fyi/companies/travelperk/salaries/software-engineer/locations/spain,2026-10-06,,https://www.travelperk.com,,Barcelona,ES,"201-1,000",internet|technology|marketplace|b2c,2015,
TravelPerk,,https://www.linkedin.com/company/travelperk,travelperk,resolved,96000,96000,11,L6,Barcelona,2025-02,levels.fyi,https://www.levels.fyi/companies/travelperk/salaries/software-engineer/locations/spain,2026-10-06,,https://www.travelperk.com,,Barcelona,ES,"201-1,000",internet|technology|marketplace|b2c,2015,
TravelPerk,,https://www.linkedin.com/company/travelperk,travelperk,resolved,96000,96000,11,L6,Barcelona,2023-02,levels.fyi,https://www.levels.fyi/companies/travelperk/salaries/software-engineer/locations/spain,2026-10-06,,https://www.travelperk.com,,Barcelona,ES,"201-1,000",internet|technology|marketplace|b2c,2015,
TravelPerk,,https://www.linkedin.com/company/travelperk,travelperk,resolved,95000,95000,17,L7,Barcelona,2023-12,levels.fyi,https://www.levels.fyi/companies/travelperk/salaries/software-engineer/locations/spain,2026-10-06,,https://www.travelperk.com,,Barcelona,ES,"201-1,000",internet|technology|marketplace|b2c,2015,
TravelPerk,,https://www.linkedin.com/company/travelperk,travelperk,resolved,94000,94000,11,L7,Barcelona,2024-10,levels.fyi,https://www.levels.fyi/companies/travelperk/salaries/software-engineer/locations/spain,2026-10-06,,https://www.travelperk.com,,Barcelona,ES,"201-1,000",internet|technology|marketplace|b2c,2015,
TravelPerk,,https://www.linkedin.com/company/travelperk,travelperk,resolved,93000,93000,9,L6,Barcelona,2024-03,levels.fyi,https://www.levels.fyi/companies/travelperk/salaries/software-engineer/locations/spain,2026-10-06,,https://www.travelperk.com,,Barcelona,ES,"201-1,000",internet|technology|marketplace|b2c,2015,
TravelPerk,,https://www.linkedin.com/company/travelperk,travelperk,resolved,85000,85000,13,L7,Barcelona,2022-08,levels.fyi,https://www.levels.fyi/companies/travelperk/salaries/software-engineer/locations/spain,2026-10-06,,https://www.travelperk.com,,Barcelona,ES,"201-1,000",internet|technology|marketplace|b2c,2015,
TravelPerk,,https://www.linkedin.com/company/travelperk,travelperk,resolved,85000,85000,11,Senior,Barcelona,2026-04,levels.fyi,https://www.levels.fyi/companies/travelperk/salaries/software-engineer/locations/spain,2026-10-06,,https://www.travelperk.com,,Barcelona,ES,"201-1,000",internet|technology|marketplace|b2c,2015,
TravelPerk,,https://www.linkedin.com/company/travelperk,travelperk,resolved,85000,85000,10,L6,Barcelona,2025-06,levels.fyi,https://www.levels.fyi/companies/travelperk/salaries/software-engineer/locations/spain,2026-10-06,,https://www.travelperk.com,,Barcelona,ES,"201-1,000",internet|technology|marketplace|b2c,2015,
TravelPerk,,https://www.linkedin.com/company/travelperk,travelperk,resolved,83000,88195,10,L7,Barcelona,2022-07,levels.fyi,https://www.levels.fyi/companies/travelperk/salaries/software-engineer/locations/spain,2026-10-06,,https://www.travelperk.com,,Barcelona,ES,"201-1,000",internet|technology|marketplace|b2c,2015,
TravelPerk,,https://www.linkedin.com/company/travelperk,travelperk,resolved,83000,83000,12,L6,Barcelona,2024-12,levels.fyi,https://www.levels.fyi/companies/travelperk/salaries/software-engineer/locations/spain,2026-10-06,,https://www.travelperk.com,,Barcelona,ES,"201-1,000",internet|technology|marketplace|b2c,2015,
TravelPerk,,https://www.linkedin.com/company/travelperk,travelperk,resolved,82000,82000,12,L6,Barcelona,2025-01,levels.fyi,https://www.levels.fyi/companies/travelperk/salaries/software-engineer/locations/spain,2026-10-06,,https://www.travelperk.com,,Barcelona,ES,"201-1,000",internet|technology|marketplace|b2c,2015,
TravelPerk,,https://www.linkedin.com/company/travelperk,travelperk,resolved,80000,80000,12,L6,Barcelona,2024-12,levels.fyi,https://www.levels.fyi/companies/travelperk/salaries/software-engineer/locations/spain,2026-10-06,,https://www.travelperk.com,,Barcelona,ES,"201-1,000",internet|technology|marketplace|b2c,2015,
TravelPerk,,https://www.linkedin.com/company/travelperk,travelperk,resolved,79000,81500,7,L3,Barcelona,2024-10,levels.fyi,https://www.levels.fyi/companies/travelperk/salaries/software-engineer/locations/spain,2026-10-06,,https://www.travelperk.com,,Barcelona,ES,"201-1,000",internet|technology|marketplace|b2c,2015,
TravelPerk,,https://www.linkedin.com/company/travelperk,travelperk,resolved,76000,76000,10,L4,Barcelona,2026-03,levels.fyi,https://www.levels.fyi/companies/travelperk/salaries/software-engineer/locations/spain,2026-10-06,,https://www.travelperk.com,,Barcelona,ES,"201-1,000",internet|technology|marketplace|b2c,2015,
TravelPerk,,https://www.linkedin.com/company/travelperk,travelperk,resolved,75000,76771,8,L4,Barcelona,2023-11,levels.fyi,https://www.levels.fyi/companies/travelperk/salaries/software-engineer/locations/spain,2026-10-06,,https://www.travelperk.com,,Barcelona,ES,"201-1,000",internet|technology|marketplace|b2c,2015,
TravelPerk,,https://www.linkedin.com/company/travelperk,travelperk,resolved,75000,75000,8,L4,Barcelona,2023-03,levels.fyi,https://www.levels.fyi/companies/travelperk/salaries/software-engineer/locations/spain,2026-10-06,,https://www.travelperk.com,,Barcelona,ES,"201-1,000",internet|technology|marketplace|b2c,2015,
TravelPerk,,https://www.linkedin.com/company/travelperk,travelperk,resolved,75000,75000,7,L6,Barcelona,2024-05,levels.fyi,https://www.levels.fyi/companies/travelperk/salaries/software-engineer/locations/spain,2026-10-06,,https://www.travelperk.com,,Barcelona,ES,"201-1,000",internet|technology|marketplace|b2c,2015,
TravelPerk,,https://www.linkedin.com/company/travelperk,travelperk,resolved,74000,74000,10,L4,Barcelona,2025-03,levels.fyi,https://www.levels.fyi/companies/travelperk/salaries/software-engineer/locations/spain,2026-10-06,,https://www.travelperk.com,,Barcelona,ES,"201-1,000",internet|technology|marketplace|b2c,2015,
TravelPerk,,https://www.linkedin.com/company/travelperk,travelperk,resolved,73500,73500,10,L4,Barcelona,2025-06,levels.fyi,https://www.levels.fyi/companies/travelperk/salaries/software-engineer/locations/spain,2026-10-06,,https://www.travelperk.com,,Barcelona,ES,"201-1,000",internet|technology|marketplace|b2c,2015,
TravelPerk,,https://www.linkedin.com/company/travelperk,travelperk,resolved,71000,75000,9,L4,Barcelona,2026-04,levels.fyi,https://www.levels.fyi/companies/travelperk/salaries/software-engineer/locations/spain,2026-10-06,,https://www.travelperk.com,,Barcelona,ES,"201-1,000",internet|technology|marketplace|b2c,2015,
TravelPerk,,https://www.linkedin.com/company/travelperk,travelperk,resolved,70000,78000,12,L4,Barcelona,2025-07,levels.fyi,https://www.levels.fyi/companies/travelperk/salaries/software-engineer/locations/spain,2026-10-06,,https://www.travelperk.com,,Barcelona,ES,"201-1,000",internet|technology|marketplace|b2c,2015,
TravelPerk,,https://www.linkedin.com/company/travelperk,travelperk,resolved,70000,70000,14,L5,Barcelona,2023-03,levels.fyi,https://www.levels.fyi/companies/travelperk/salaries/software-engineer/locations/spain,2026-10-06,,https://www.travelperk.com,,Barcelona,ES,"201-1,000",internet|technology|marketplace|b2c,2015,
TravelPerk,,https://www.linkedin.com/company/travelperk,travelperk,resolved,70000,70000,12,L5,Barcelona,2025-09,levels.fyi,https://www.levels.fyi/companies/travelperk/salaries/software-engineer/locations/spain,2026-10-06,,https://www.travelperk.com,,Barcelona,ES,"201-1,000",internet|technology|marketplace|b2c,2015,
TravelPerk,,https://www.linkedin.com/company/travelperk,travelperk,resolved,67000,67000,9,L3,Barcelona,2023-02,levels.fyi,https://www.levels.fyi/companies/travelperk/salaries/software-engineer/locations/spain,2026-10-06,,https://www.travelperk.com,,Barcelona,ES,"201-1,000",internet|technology|marketplace|b2c,2015,
TravelPerk,,https://www.linkedin.com/company/travelperk,travelperk,resolved,66000,66500,6,L4,Barcelona,2024-02,levels.fyi,https://www.levels.fyi/companies/travelperk/salaries/software-engineer/locations/spain,2026-10-06,,https://www.travelperk.com,,Barcelona,ES,"201-1,000",internet|technology|marketplace|b2c,2015,
TravelPerk,,https://www.linkedin.com/company/travelperk,travelperk,resolved,65000,70000,7,L5,Barcelona,2023-11,levels.fyi,https://www.levels.fyi/companies/travelperk/salaries/software-engineer/locations/spain,2026-10-06,,https://www.travelperk.com,,Barcelona,ES,"201-1,000",internet|technology|marketplace|b2c,2015,
TravelPerk,,https://www.linkedin.com/company/travelperk,travelperk,resolved,65000,65000,6,L4,Barcelona,2023-11,levels.fyi,https://www.levels.fyi/companies/travelperk/salaries/software-engineer/locations/spain,2026-10-06,,https://www.travelperk.com,,Barcelona,ES,"201-1,000",internet|technology|marketplace|b2c,2015,
TravelPerk,,https://www.linkedin.com/company/travelperk,travelperk,resolved,63000,63000,7,L4,Barcelona,2025-07,levels.fyi,https://www.levels.fyi/companies/travelperk/salaries/software-engineer/locations/spain,2026-10-06,,https://www.travelperk.com,,Barcelona,ES,"201-1,000",internet|technology|marketplace|b2c,2015,
TravelPerk,,https://www.linkedin.com/company/travelperk,travelperk,resolved,60000,70000,15,SSE2,Barcelona,2021-09,levels.fyi,https://www.levels.fyi/companies/travelperk/salaries/software-engineer/locations/spain,2026-10-06,,https://www.travelperk.com,,Barcelona,ES,"201-1,000",internet|technology|marketplace|b2c,2015,
TravelPerk,,https://www.linkedin.com/company/travelperk,travelperk,resolved,60000,70000,5,L3,Barcelona,2025-07,levels.fyi,https://www.levels.fyi/companies/travelperk/salaries/software-engineer/locations/spain,2026-10-06,,https://www.travelperk.com,,Barcelona,ES,"201-1,000",internet|technology|marketplace|b2c,2015,
TravelPerk,,https://www.linkedin.com/company/travelperk,travelperk,resolved,60000,66500,6,L3,Barcelona,2025-03,levels.fyi,https://www.levels.fyi/companies/travelperk/salaries/software-engineer/locations/spain,2026-10-06,,https://www.travelperk.com,,Barcelona,ES,"201-1,000",internet|technology|marketplace|b2c,2015,
TravelPerk,,https://www.linkedin.com/company/travelperk,travelperk,resolved,60000,62250,5,,Barcelona,2022-08,levels.fyi,https://www.levels.fyi/companies/travelperk/salaries/software-engineer/locations/spain,2026-10-06,,https://www.travelperk.com,,Barcelona,ES,"201-1,000",internet|technology|marketplace|b2c,2015,
TravelPerk,,https://www.linkedin.com/company/travelperk,travelperk,resolved,60000,62000,5,L3,Barcelona,2026-01,levels.fyi,https://www.levels.fyi/companies/travelperk/salaries/software-engineer/locations/spain,2026-10-06,,https://www.travelperk.com,,Barcelona,ES,"201-1,000",internet|technology|marketplace|b2c,2015,
TravelPerk,,https://www.linkedin.com/company/travelperk,travelperk,resolved,60000,60000,6,L4,Barcelona,2023-02,levels.fyi,https://www.levels.fyi/companies/travelperk/salaries/software-engineer/locations/spain,2026-10-06,,https://www.travelperk.com,,Barcelona,ES,"201-1,000",internet|technology|marketplace|b2c,2015,
TravelPerk,,https://www.linkedin.com/company/travelperk,travelperk,resolved,60000,60000,5,L3,Barcelona,2024-12,levels.fyi,https://www.levels.fyi/companies/travelperk/salaries/software-engineer/locations/spain,2026-10-06,,https://www.travelperk.com,,Barcelona,ES,"201-1,000",internet|technology|marketplace|b2c,2015,
TravelPerk,,https://www.linkedin.com/company/travelperk,travelperk,resolved,60000,60000,5,L3,Barcelona,2022-09,levels.fyi,https://www.levels.fyi/companies/travelperk/salaries/software-engineer/locations/spain,2026-10-06,,https://www.travelperk.com,,Barcelona,ES,"201-1,000",internet|technology|marketplace|b2c,2015,
TravelPerk,,https://www.linkedin.com/company/travelperk,travelperk,resolved,58000,58000,6,L3,Barcelona,2024-06,levels.fyi,https://www.levels.fyi/companies/travelperk/salaries/software-engineer/locations/spain,2026-10-06,,https://www.travelperk.com,,Barcelona,ES,"201-1,000",internet|technology|marketplace|b2c,2015,
TravelPerk,,https://www.linkedin.com/company/travelperk,travelperk,resolved,57005,59855,7,L3,Barcelona,2024-02,levels.fyi,https://www.levels.fyi/companies/travelperk/salaries/software-engineer/locations/spain,2026-10-06,,https://www.travelperk.com,,Barcelona,ES,"201-1,000",internet|technology|marketplace|b2c,2015,
TravelPerk,,https://www.linkedin.com/company/travelperk,travelperk,resolved,57000,85000,5,L3,Barcelona,2024-11,levels.fyi,https://www.levels.fyi/companies/travelperk/salaries/software-engineer/locations/spain,2026-10-06,,https://www.travelperk.com,,Barcelona,ES,"201-1,000",internet|technology|marketplace|b2c,2015,
TravelPerk,,https://www.linkedin.com/company/travelperk,travelperk,resolved,55000,60000,5,L3,Barcelona,2023-01,levels.fyi,https://www.levels.fyi/companies/travelperk/salaries/software-engineer/locations/spain,2026-10-06,,https://www.travelperk.com,,Barcelona,ES,"201-1,000",internet|technology|marketplace|b2c,2015,
TravelPerk,,https://www.linkedin.com/company/travelperk,travelperk,resolved,55000,55000,7,L3,Barcelona,2022-07,levels.fyi,https://www.levels.fyi/companies/travelperk/salaries/software-engineer/locations/spain,2026-10-06,,https://www.travelperk.com,,Barcelona,ES,"201-1,000",internet|technology|marketplace|b2c,2015,
TravelPerk,,https://www.linkedin.com/company/travelperk,travelperk,resolved,55000,55000,5,L3,Barcelona,2023-11,levels.fyi,https://www.levels.fyi/companies/travelperk/salaries/software-engineer/locations/spain,2026-10-06,,https://www.travelperk.com,,Barcelona,ES,"201-1,000",internet|technology|marketplace|b2c,2015,
TravelPerk,,https://www.linkedin.com/company/travelperk,travelperk,resolved,50000,50000,5,L3,Barcelona,2022-08,levels.fyi,https://www.levels.fyi/companies/travelperk/salaries/software-engineer/locations/spain,2026-10-06,,https://www.travelperk.com,,Barcelona,ES,"201-1,000",internet|technology|marketplace|b2c,2015,
Trooptravel,,https://www.linkedin.com/company/trooptravel,trooptravel,resolved,72000,72000,10,Senior,Zaragoza,2026-07,levels.fyi,https://www.levels.fyi/companies/trooptravel/salaries/software-engineer/locations/spain,2026-10-06,,,,,,,,,
Trooptravel,,https://www.linkedin.com/company/trooptravel,trooptravel,resolved,60000,60000,7,,Barcelona,2025-07,levels.fyi,https://www.levels.fyi/companies/trooptravel/salaries/software-engineer/locations/spain,2026-10-06,,,,,,,,,
Twilio,400528,https://www.linkedin.com/company/twilio-inc-,twilio,resolved,120000,160000,15,IC5,Madrid,2024-08,levels.fyi,https://www.levels.fyi/companies/twilio/salaries/software-engineer/locations/spain,2026-10-06,,,,,,,,,
Twilio,400528,https://www.linkedin.com/company/twilio-inc-,twilio,resolved,120000,160000,15,IC5,Madrid,2024-07,levels.fyi,https://www.levels.fyi/companies/twilio/salaries/software-engineer/locations/spain,2026-10-06,,,,,,,,,
Twilio,400528,https://www.linkedin.com/company/twilio-inc-,twilio,resolved,104000,116750,11,L4,Madrid,2022-09,levels.fyi,https://www.levels.fyi/companies/twilio/salaries/software-engineer/locations/spain,2026-10-06,,,,,,,,,
Twilio,400528,https://www.linkedin.com/company/twilio-inc-,twilio,resolved,96000,146000,25,IC4,Madrid,2022-04,levels.fyi,https://www.levels.fyi/companies/twilio/salaries/software-engineer/locations/spain,2026-10-06,,,,,,,,,
Twilio,400528,https://www.linkedin.com/company/twilio-inc-,twilio,resolved,95000,103000,13,IC4,Barcelona,2023-05,levels.fyi,https://www.levels.fyi/companies/twilio/salaries/software-engineer/locations/spain,2026-10-06,,,,,,,,,
Twilio,400528,https://www.linkedin.com/company/twilio-inc-,twilio,resolved,90000,120000,12,IC4,Barcelona,2022-04,levels.fyi,https://www.levels.fyi/companies/twilio/salaries/software-engineer/locations/spain,2026-10-06,,,,,,,,,
Twilio,400528,https://www.linkedin.com/company/twilio-inc-,twilio,resolved,90000,102000,8,IC4,Madrid,2023-04,levels.fyi,https://www.levels.fyi/companies/twilio/salaries/software-engineer/locations/spain,2026-10-06,,,,,,,,,
Twilio,400528,https://www.linkedin.com/company/twilio-inc-,twilio,resolved,81000,101000,17,IC4,Madrid,2024-01,levels.fyi,https://www.levels.fyi/companies/twilio/salaries/software-engineer/locations/spain,2026-10-06,,,,,,,,,
Twilio,400528,https://www.linkedin.com/company/twilio-inc-,twilio,resolved,80000,80000,15,IC4,Madrid,2022-08,levels.fyi,https://www.levels.fyi/companies/twilio/salaries/software-engineer/locations/spain,2026-10-06,,,,,,,,,
Twilio,400528,https://www.linkedin.com/company/twilio-inc-,twilio,resolved,78930,131550,20,IC4,Madrid,2023-06,levels.fyi,https://www.levels.fyi/companies/twilio/salaries/software-engineer/locations/spain,2026-10-06,,,,,,,,,
Twilio,400528,https://www.linkedin.com/company/twilio-inc-,twilio,resolved,78000,98000,10,IC4,Madrid,2024-02,levels.fyi,https://www.levels.fyi/companies/twilio/salaries/software-engineer/locations/spain,2026-10-06,,,,,,,,,
Twilio,400528,https://www.linkedin.com/company/twilio-inc-,twilio,resolved,70000,103000,11,IC3,Madrid,2025-01,levels.fyi,https://www.levels.fyi/companies/twilio/salaries/software-engineer/locations/spain,2026-10-06,,,,,,,,,
Twilio,400528,https://www.linkedin.com/company/twilio-inc-,twilio,resolved,70000,93000,7,IC3,Madrid,2023-02,levels.fyi,https://www.levels.fyi/companies/twilio/salaries/software-engineer/locations/spain,2026-10-06,,,,,,,,,
Twilio,400528,https://www.linkedin.com/company/twilio-inc-,twilio,resolved,66493,88294,7,IC3,Madrid,2023-04,levels.fyi,https://www.levels.fyi/companies/twilio/salaries/software-engineer/locations/spain,2026-10-06,,,,,,,,,
Twilio,400528,https://www.linkedin.com/company/twilio-inc-,twilio,resolved,66000,86000,6,IC3,Madrid,2023-03,levels.fyi,https://www.levels.fyi/companies/twilio/salaries/software-engineer/locations/spain,2026-10-06,,,,,,,,,
Twilio,400528,https://www.linkedin.com/company/twilio-inc-,twilio,resolved,64000,99000,5,L3,Madrid,2023-01,levels.fyi,https://www.levels.fyi/companies/twilio/salaries/software-engineer/locations/spain,2026-10-06,,,,,,,,,
Twilio,400528,https://www.linkedin.com/company/twilio-inc-,twilio,resolved,63000,93000,5,IC3,Madrid,2023-01,levels.fyi,https://www.levels.fyi/companies/twilio/salaries/software-engineer/locations/spain,2026-10-06,,,,,,,,,
Twilio,400528,https://www.linkedin.com/company/twilio-inc-,twilio,resolved,63000,87000,7,IC3,Madrid,2022-09,levels.fyi,https://www.levels.fyi/companies/twilio/salaries/software-engineer/locations/spain,2026-10-06,,,,,,,,,
Twilio,400528,https://www.linkedin.com/company/twilio-inc-,twilio,resolved,54000,71000,5,L2,Madrid,2024-09,levels.fyi,https://www.levels.fyi/companies/twilio/salaries/software-engineer/locations/spain,2026-10-06,,,,,,,,,
Twilio,400528,https://www.linkedin.com/company/twilio-inc-,twilio,resolved,52000,58000,9,IC2,Madrid,2022-09,levels.fyi,https://www.levels.fyi/companies/twilio/salaries/software-engineer/locations/spain,2026-10-06,,,,,,,,,
Twilio,400528,https://www.linkedin.com/company/twilio-inc-,twilio,resolved,52000,56000,10,L2,Madrid,2023-01,levels.fyi,https://www.levels.fyi/companies/twilio/salaries/software-engineer/locations/spain,2026-10-06,,,,,,,,,
Typeform,3226972,https://www.linkedin.com/company/typeform-,typeform,resolved,100638,100638,6,Senior,Barcelona,2022-11,levels.fyi,https://www.levels.fyi/companies/typeform/salaries/software-engineer/locations/spain,2026-10-06,,,,,,,,,
Typeform,3226972,https://www.linkedin.com/company/typeform-,typeform,resolved,94000,94000,15,L3,Barcelona,2023-01,levels.fyi,https://www.levels.fyi/companies/typeform/salaries/software-engineer/locations/spain,2026-10-06,,,,,,,,,
Typeform,3226972,https://www.linkedin.com/company/typeform-,typeform,resolved,93000,93000,15,L3,Barcelona,2023-01,levels.fyi,https://www.levels.fyi/companies/typeform/salaries/software-engineer/locations/spain,2026-10-06,,,,,,,,,
Typeform,3226972,https://www.linkedin.com/company/typeform-,typeform,resolved,92000,101000,8,E4,Barcelona,2024-06,levels.fyi,https://www.levels.fyi/companies/typeform/salaries/software-engineer/locations/spain,2026-10-06,,,,,,,,,
Typeform,3226972,https://www.linkedin.com/company/typeform-,typeform,resolved,90000,90000,12,L4,Barcelona,2025-01,levels.fyi,https://www.levels.fyi/companies/typeform/salaries/software-engineer/locations/spain,2026-10-06,,,,,,,,,
Typeform,3226972,https://www.linkedin.com/company/typeform-,typeform,resolved,90000,90000,8,E4,Barcelona,2022-11,levels.fyi,https://www.levels.fyi/companies/typeform/salaries/software-engineer/locations/spain,2026-10-06,,,,,,,,,
Typeform,3226972,https://www.linkedin.com/company/typeform-,typeform,resolved,85000,85000,10,L4,Barcelona,2022-11,levels.fyi,https://www.levels.fyi/companies/typeform/salaries/software-engineer/locations/spain,2026-10-06,,,,,,,,,
Typeform,3226972,https://www.linkedin.com/company/typeform-,typeform,resolved,83000,83000,10,Senior,Valencia,2024-11,levels.fyi,https://www.levels.fyi/companies/typeform/salaries/software-engineer/locations/spain,2026-10-06,,,,,,,,,
Typeform,3226972,https://www.linkedin.com/company/typeform-,typeform,resolved,83000,83000,6,L4,Barcelona,2025-03,levels.fyi,https://www.levels.fyi/companies/typeform/salaries/software-engineer/locations/spain,2026-10-06,,,,,,,,,
Typeform,3226972,https://www.linkedin.com/company/typeform-,typeform,resolved,82000,82000,8,E3,Barcelona,2024-08,levels.fyi,https://www.levels.fyi/companies/typeform/salaries/software-engineer/locations/spain,2026-10-06,,,,,,,,,
Typeform,3226972,https://www.linkedin.com/company/typeform-,typeform,resolved,81000,81000,11,L3,Barcelona,2024-07,levels.fyi,https://www.levels.fyi/companies/typeform/salaries/software-engineer/locations/spain,2026-10-06,,,,,,,,,
Typeform,3226972,https://www.linkedin.com/company/typeform-,typeform,resolved,81000,81000,11,Senior,Barcelona,2024-04,levels.fyi,https://www.levels.fyi/companies/typeform/salaries/software-engineer/locations/spain,2026-10-06,,,,,,,,,
Typeform,3226972,https://www.linkedin.com/company/typeform-,typeform,resolved,81000,81000,11,L4,Barcelona,2023-07,levels.fyi,https://www.levels.fyi/companies/typeform/salaries/software-engineer/locations/spain,2026-10-06,,,,,,,,,
Typeform,3226972,https://www.linkedin.com/company/typeform-,typeform,resolved,80507,80507,13,L3,Barcelona,2025-03,levels.fyi,https://www.levels.fyi/companies/typeform/salaries/software-engineer/locations/spain,2026-10-06,,,,,,,,,
Typeform,3226972,https://www.linkedin.com/company/typeform-,typeform,resolved,79000,107680,7,E3,Barcelona,2022-12,levels.fyi,https://www.levels.fyi/companies/typeform/salaries/software-engineer/locations/spain,2026-10-06,,,,,,,,,
Typeform,3226972,https://www.linkedin.com/company/typeform-,typeform,resolved,79000,79000,11,E3,Barcelona,2021-08,levels.fyi,https://www.levels.fyi/companies/typeform/salaries/software-engineer/locations/spain,2026-10-06,,,,,,,,,
Typeform,3226972,https://www.linkedin.com/company/typeform-,typeform,resolved,78000,80000,9,E3,Barcelona,2025-03,levels.fyi,https://www.levels.fyi/companies/typeform/salaries/software-engineer/locations/spain,2026-10-06,,,,,,,,,
Typeform,3226972,https://www.linkedin.com/company/typeform-,typeform,resolved,76000,76000,10,E3,Barcelona,2023-06,levels.fyi,https://www.levels.fyi/companies/typeform/salaries/software-engineer/locations/spain,2026-10-06,,,,,,,,,
Typeform,3226972,https://www.linkedin.com/company/typeform-,typeform,resolved,75000,75000,9,L3,Valencia,2022-12,levels.fyi,https://www.levels.fyi/companies/typeform/salaries/software-engineer/locations/spain,2026-10-06,,,,,,,,,
Typeform,3226972,https://www.linkedin.com/company/typeform-,typeform,resolved,75000,75000,9,E3,Barcelona,2022-08,levels.fyi,https://www.levels.fyi/companies/typeform/salaries/software-engineer/locations/spain,2026-10-06,,,,,,,,,
Typeform,3226972,https://www.linkedin.com/company/typeform-,typeform,resolved,75000,75000,7,E3,Barcelona,2021-09,levels.fyi,https://www.levels.fyi/companies/typeform/salaries/software-engineer/locations/spain,2026-10-06,,,,,,,,,
Typeform,3226972,https://www.linkedin.com/company/typeform-,typeform,resolved,70000,74000,6,E2,Barcelona,2025-12,levels.fyi,https://www.levels.fyi/companies/typeform/salaries/software-engineer/locations/spain,2026-10-06,,,,,,,,,
Typeform,3226972,https://www.linkedin.com/company/typeform-,typeform,resolved,70000,70000,9,E2,Barcelona,2026-02,levels.fyi,https://www.levels.fyi/companies/typeform/salaries/software-engineer/locations/spain,2026-10-06,,,,,,,,,
Typeform,3226972,https://www.linkedin.com/company/typeform-,typeform,resolved,70000,70000,7,E3,Barcelona,2023-05,levels.fyi,https://www.levels.fyi/companies/typeform/salaries/software-engineer/locations/spain,2026-10-06,,,,,,,,,
Typeform,3226972,https://www.linkedin.com/company/typeform-,typeform,resolved,70000,70000,5,L3,Barcelona,2023-03,levels.fyi,https://www.levels.fyi/companies/typeform/salaries/software-engineer/locations/spain,2026-10-06,,,,,,,,,
Typeform,3226972,https://www.linkedin.com/company/typeform-,typeform,resolved,69000,69000,5,L3,Barcelona,2024-02,levels.fyi,https://www.levels.fyi/companies/typeform/salaries/software-engineer/locations/spain,2026-10-06,,,,,,,,,
Typeform,3226972,https://www.linkedin.com/company/typeform-,typeform,resolved,68406,68406,10,E3,Barcelona,2022-08,levels.fyi,https://www.levels.fyi/companies/typeform/salaries/software-engineer/locations/spain,2026-10-06,,,,,,,,,
Typeform,3226972,https://www.linkedin.com/company/typeform-,typeform,resolved,65000,65000,7,L2,Barcelona,2022-07,levels.fyi,https://www.levels.fyi/companies/typeform/salaries/software-engineer/locations/spain,2026-10-06,,,,,,,,,
Typeform,3226972,https://www.linkedin.com/company/typeform-,typeform,resolved,65000,65000,7,Senior Software Engineer,Barcelona,2020-01,levels.fyi,https://www.levels.fyi/companies/typeform/salaries/software-engineer/locations/spain,2026-10-06,,,,,,,,,
Typeform,3226972,https://www.linkedin.com/company/typeform-,typeform,resolved,65000,65000,6,E2,Barcelona,2024-08,levels.fyi,https://www.levels.fyi/companies/typeform/salaries/software-engineer/locations/spain,2026-10-06,,,,,,,,,
Typeform,3226972,https://www.linkedin.com/company/typeform-,typeform,resolved,58000,58000,10,E3,Barcelona,2022-12,levels.fyi,https://www.levels.fyi/companies/typeform/salaries/software-engineer/locations/spain,2026-10-06,,,,,,,,,
Typeform,3226972,https://www.linkedin.com/company/typeform-,typeform,resolved,57600,57600,7,E3,Barcelona,2021-05,levels.fyi,https://www.levels.fyi/companies/typeform/salaries/software-engineer/locations/spain,2026-10-06,,,,,,,,,
Typeform,3226972,https://www.linkedin.com/company/typeform-,typeform,resolved,57000,57000,6,E2,Barcelona,2022-03,levels.fyi,https://www.levels.fyi/companies/typeform/salaries/software-engineer/locations/spain,2026-10-06,,,,,,,,,
Typeform,3226972,https://www.linkedin.com/company/typeform-,typeform,resolved,55400,55400,8,E3,Barcelona,2021-02,levels.fyi,https://www.levels.fyi/companies/typeform/salaries/software-engineer/locations/spain,2026-10-06,,,,,,,,,
Typeform,3226972,https://www.linkedin.com/company/typeform-,typeform,resolved,55000,55000,9,L3,Barcelona,2021-05,levels.fyi,https://www.levels.fyi/companies/typeform/salaries/software-engineer/locations/spain,2026-10-06,,,,,,,,,
Typeform,3226972,https://www.linkedin.com/company/typeform-,typeform,resolved,52620,52620,7,E2,Barcelona,2023-03,levels.fyi,https://www.levels.fyi/companies/typeform/salaries/software-engineer/locations/spain,2026-10-06,,,,,,,,,
Typeform,3226972,https://www.linkedin.com/company/typeform-,typeform,resolved,49400,49400,5,E2,Barcelona,2021-10,levels.fyi,https://www.levels.fyi/companies/typeform/salaries/software-engineer/locations/spain,2026-10-06,,,,,,,,,
Unity,212669,https://www.linkedin.com/company/unity,unity,resolved,95000,135000,20,Tech IC8,Madrid,2026-06,levels.fyi,https://www.levels.fyi/companies/unity/salaries/software-engineer/locations/spain,2026-10-06,,,,,,,,,
Unity,212669,https://www.linkedin.com/company/unity,unity,resolved,90000,154000,20,Tech IC8,Valladolid,2025-12,levels.fyi,https://www.levels.fyi/companies/unity/salaries/software-engineer/locations/spain,2026-10-06,,,,,,,,,
Unity,212669,https://www.linkedin.com/company/unity,unity,resolved,80000,90000,12,Tech IC7,Barcelona,2023-08,levels.fyi,https://www.levels.fyi/companies/unity/salaries/software-engineer/locations/spain,2026-10-06,,,,,,,,,
Unity,212669,https://www.linkedin.com/company/unity,unity,resolved,65000,85000,11,Tech IC6,Las Palmas de Gran Canaria,2024-05,levels.fyi,https://www.levels.fyi/companies/unity/salaries/software-engineer/locations/spain,2026-10-06,,,,,,,,,
Unity,212669,https://www.linkedin.com/company/unity,unity,resolved,64000,94000,10,Tech IC6,Barcelona,2023-03,levels.fyi,https://www.levels.fyi/companies/unity/salaries/software-engineer/locations/spain,2026-10-06,,,,,,,,,
Unity,212669,https://www.linkedin.com/company/unity,unity,resolved,64000,84000,12,Tech IC6,Las Palmas de Gran Canaria,2025-01,levels.fyi,https://www.levels.fyi/companies/unity/salaries/software-engineer/locations/spain,2026-10-06,,,,,,,,,
Unity,212669,https://www.linkedin.com/company/unity,unity,resolved,64000,68000,12,Tech IC7,Barcelona,2024-07,levels.fyi,https://www.levels.fyi/companies/unity/salaries/software-engineer/locations/spain,2026-10-06,,,,,,,,,
UserTesting,564709,https://www.linkedin.com/company/usertesting-com,usertesting,resolved,86000,86000,5-10,,Barcelona,2024-11,levels.fyi,https://www.levels.fyi/companies/usertesting/salaries/software-engineer/locations/spain,2026-10-06,,,,,,,,,
UserTesting,564709,https://www.linkedin.com/company/usertesting-com,usertesting,resolved,67000,67000,5-10,,Barcelona,2023-11,levels.fyi,https://www.levels.fyi/companies/usertesting/salaries/software-engineer/locations/spain,2026-10-06,,,,,,,,,
UserTesting,564709,https://www.linkedin.com/company/usertesting-com,usertesting,resolved,63000,63000,15,L4,Barcelona,2023-08,levels.fyi,https://www.levels.fyi/companies/usertesting/salaries/software-engineer/locations/spain,2026-10-06,,,,,,,,,
UserTesting,564709,https://www.linkedin.com/company/usertesting-com,usertesting,resolved,60060,60060,5-10,L6,Barcelona,2025-03,levels.fyi,https://www.levels.fyi/companies/usertesting/salaries/software-engineer/locations/spain,2026-10-06,,,,,,,,,
UserTesting,564709,https://www.linkedin.com/company/usertesting-com,usertesting,resolved,60000,66000,5-10,Senior,Barcelona,2023-06,levels.fyi,https://www.levels.fyi/companies/usertesting/salaries/software-engineer/locations/spain,2026-10-06,,,,,,,,,
UserTesting,564709,https://www.linkedin.com/company/usertesting-com,usertesting,resolved,50000,50000,7,L3,Barcelona,2025-07,levels.fyi,https://www.levels.fyi/companies/usertesting/salaries/software-engineer/locations/spain,2026-10-06,,,,,,,,,
UserTesting,564709,https://www.linkedin.com/company/usertesting-com,usertesting,resolved,48000,48000,5-10,Senior,Barcelona,2024-05,levels.fyi,https://www.levels.fyi/companies/usertesting/salaries/software-engineer/locations/spain,2026-10-06,,,,,,,,,
Veeva Systems,402048,https://www.linkedin.com/company/veeva-systems,veeva-systems,resolved,80000,96000,5,Senior Software Engineer,Barcelona,2023-12,levels.fyi,https://www.levels.fyi/companies/veeva-systems/salaries/software-engineer/locations/spain,2026-10-06,,,,,,,,,
Veeva Systems,402048,https://www.linkedin.com/company/veeva-systems,veeva-systems,resolved,77000,96000,5,Software Engineer,Sevilla,2026-04,levels.fyi,https://www.levels.fyi/companies/veeva-systems/salaries/software-engineer/locations/spain,2026-10-06,,,,,,,,,
Veeva Systems,402048,https://www.linkedin.com/company/veeva-systems,veeva-systems,resolved,66000,82000,5,,Barcelona,2023-06,levels.fyi,https://www.levels.fyi/companies/veeva-systems/salaries/software-engineer/locations/spain,2026-10-06,,,,,,,,,
Veeva Systems,402048,https://www.linkedin.com/company/veeva-systems,veeva-systems,resolved,64000,77000,5-10,,Barcelona,2022-10,levels.fyi,https://www.levels.fyi/companies/veeva-systems/salaries/software-engineer/locations/spain,2026-10-06,,,,,,,,,
Veeva Systems,402048,https://www.linkedin.com/company/veeva-systems,veeva-systems,resolved,60000,70000,7,1,Madrid,2025-03,levels.fyi,https://www.levels.fyi/companies/veeva-systems/salaries/software-engineer/locations/spain,2026-10-06,,,,,,,,,
Veeva Systems,402048,https://www.linkedin.com/company/veeva-systems,veeva-systems,resolved,54000,70000,6,Software Engineer,Madrid,2025-03,levels.fyi,https://www.levels.fyi/companies/veeva-systems/salaries/software-engineer/locations/spain,2026-10-06,,,,,,,,,
VistaPrint,8095,https://www.linkedin.com/company/vistaprint,vistaprint,resolved,100000,100000,11,PR4,Barcelona,2025-08,levels.fyi,https://www.levels.fyi/companies/vistaprint/salaries/software-engineer/locations/spain,2026-10-06,,,,,,,,,
VistaPrint,8095,https://www.linkedin.com/company/vistaprint,vistaprint,resolved,96000,104000,20,PR3,Barcelona,2026-07,levels.fyi,https://www.levels.fyi/companies/vistaprint/salaries/software-engineer/locations/spain,2026-10-06,,,,,,,,,
VistaPrint,8095,https://www.linkedin.com/company/vistaprint,vistaprint,resolved,93000,102000,10,PR4,Barcelona,2021-11,levels.fyi,https://www.levels.fyi/companies/vistaprint/salaries/software-engineer/locations/spain,2026-10-06,,,,,,,,,
VistaPrint,8095,https://www.linkedin.com/company/vistaprint,vistaprint,resolved,90000,102000,10,Tech Lead,Barcelona,2022-09,levels.fyi,https://www.levels.fyi/companies/vistaprint/salaries/software-engineer/locations/spain,2026-10-06,,,,,,,,,
VistaPrint,8095,https://www.linkedin.com/company/vistaprint,vistaprint,resolved,83000,87000,10,PR3,Barcelona,2022-04,levels.fyi,https://www.levels.fyi/companies/vistaprint/salaries/software-engineer/locations/spain,2026-10-06,,,,,,,,,
VistaPrint,8095,https://www.linkedin.com/company/vistaprint,vistaprint,resolved,73000,73000,5,PR3,Barcelona,2025-08,levels.fyi,https://www.levels.fyi/companies/vistaprint/salaries/software-engineer/locations/spain,2026-10-06,,,,,,,,,
VistaPrint,8095,https://www.linkedin.com/company/vistaprint,vistaprint,resolved,65000,65000,13,PR2,Barcelona,2023-02,levels.fyi,https://www.levels.fyi/companies/vistaprint/salaries/software-engineer/locations/spain,2026-10-06,,,,,,,,,
VistaPrint,8095,https://www.linkedin.com/company/vistaprint,vistaprint,resolved,64000,64000,5,PR2,Madrid,2026-09,levels.fyi,https://www.levels.fyi/companies/vistaprint/salaries/software-engineer/locations/spain,2026-10-06,,,,,,,,,
VistaPrint,8095,https://www.linkedin.com/company/vistaprint,vistaprint,resolved,60000,60000,5,PR2,Barcelona,2025-01,levels.fyi,https://www.levels.fyi/companies/vistaprint/salaries/software-engineer/locations/spain,2026-10-06,,,,,,,,,
VMware,2988,https://www.linkedin.com/company/vmware,vmware,resolved,100000,215000,15,Staff Engineer 1,Sevilla,2023-09,levels.fyi,https://www.levels.fyi/companies/vmware/salaries/software-engineer/locations/spain,2026-10-06,,,,,,,,,
VMware,2988,https://www.linkedin.com/company/vmware,vmware,resolved,89454,172769,13,Staff Engineer 1,Sevilla,2023-01,levels.fyi,https://www.levels.fyi/companies/vmware/salaries/software-engineer/locations/spain,2026-10-06,,,,,,,,,
VMware,2988,https://www.linkedin.com/company/vmware,vmware,resolved,82000,172000,14,Senior MTS,Madrid,2024-09,levels.fyi,https://www.levels.fyi/companies/vmware/salaries/software-engineer/locations/spain,2026-10-06,,,,,,,,,
VMware,2988,https://www.linkedin.com/company/vmware,vmware,resolved,62000,84000,9,MTS 3,Madrid,2023-11,levels.fyi,https://www.levels.fyi/companies/vmware/salaries/software-engineer/locations/spain,2026-10-06,,,,,,,,,
VMware,2988,https://www.linkedin.com/company/vmware,vmware,resolved,60000,81250,13,Senior MTS,Bilbao,2023-02,levels.fyi,https://www.levels.fyi/companies/vmware/salaries/software-engineer/locations/spain,2026-10-06,,,,,,,,,
VMware,2988,https://www.linkedin.com/company/vmware,vmware,resolved,59000,90000,8,Senior MTS,Sevilla,2023-09,levels.fyi,https://www.levels.fyi/companies/vmware/salaries/software-engineer/locations/spain,2026-10-06,,,,,,,,,
VMware,2988,https://www.linkedin.com/company/vmware,vmware,resolved,50000,75000,7,MTS 3,Sevilla,2022-07,levels.fyi,https://www.levels.fyi/companies/vmware/salaries/software-engineer/locations/spain,2026-10-06,,,,,,,,,
VMware,2988,https://www.linkedin.com/company/vmware,vmware,resolved,48800,48800,9,MTS 3,Sevilla,2023-10,levels.fyi,https://www.levels.fyi/companies/vmware/salaries/software-engineer/locations/spain,2026-10-06,,,,,,,,,
VMware,2988,https://www.linkedin.com/company/vmware,vmware,resolved,47400,54600,6,MTS 3,Sevilla,2026-02,levels.fyi,https://www.levels.fyi/companies/vmware/salaries/software-engineer/locations/spain,2026-10-06,,,,,,,,,
VMware,2988,https://www.linkedin.com/company/vmware,vmware,resolved,37000,42000,7,MTS 2,Sevilla,2022-05,levels.fyi,https://www.levels.fyi/companies/vmware/salaries/software-engineer/locations/spain,2026-10-06,,,,,,,,,
Wallapop,3302579,https://www.linkedin.com/company/wallapop,wallapop,resolved,79000,79000,11+,,Barcelona,2024-10,levels.fyi,https://www.levels.fyi/companies/wallapop/salaries/software-engineer/locations/spain,2026-10-06,,,,,,,,,
Wallapop,3302579,https://www.linkedin.com/company/wallapop,wallapop,resolved,75000,75000,10,Senior,Barcelona,2023-11,levels.fyi,https://www.levels.fyi/companies/wallapop/salaries/software-engineer/locations/spain,2026-10-06,,,,,,,,,
Wallapop,3302579,https://www.linkedin.com/company/wallapop,wallapop,resolved,75000,75000,5-10,,Barcelona,2023-09,levels.fyi,https://www.levels.fyi/companies/wallapop/salaries/software-engineer/locations/spain,2026-10-06,,,,,,,,,
Wallapop,3302579,https://www.linkedin.com/company/wallapop,wallapop,resolved,68000,75000,10,Senior,Barcelona,2026-01,levels.fyi,https://www.levels.fyi/companies/wallapop/salaries/software-engineer/locations/spain,2026-10-06,,,,,,,,,
Wallapop,3302579,https://www.linkedin.com/company/wallapop,wallapop,resolved,68000,68000,5-10,Advanced,Barcelona,2025-04,levels.fyi,https://www.levels.fyi/companies/wallapop/salaries/software-engineer/locations/spain,2026-10-06,,,,,,,,,
Wallapop,3302579,https://www.linkedin.com/company/wallapop,wallapop,resolved,65000,65000,12,Advanced,Barcelona,2024-10,levels.fyi,https://www.levels.fyi/companies/wallapop/salaries/software-engineer/locations/spain,2026-10-06,,,,,,,,,
Wallapop,3302579,https://www.linkedin.com/company/wallapop,wallapop,resolved,65000,65000,10,Advanced,Barcelona,2024-05,levels.fyi,https://www.levels.fyi/companies/wallapop/salaries/software-engineer/locations/spain,2026-10-06,,,,,,,,,
Wallapop,3302579,https://www.linkedin.com/company/wallapop,wallapop,resolved,63000,63000,15,L3,Barcelona,2022-06,levels.fyi,https://www.levels.fyi/companies/wallapop/salaries/software-engineer/locations/spain,2026-10-06,,,,,,,,,
Wallapop,3302579,https://www.linkedin.com/company/wallapop,wallapop,resolved,63000,63000,13,Senior,Barcelona,2023-07,levels.fyi,https://www.levels.fyi/companies/wallapop/salaries/software-engineer/locations/spain,2026-10-06,,,,,,,,,
Wallapop,3302579,https://www.linkedin.com/company/wallapop,wallapop,resolved,62000,62000,7,L3,Barcelona,2025-07,levels.fyi,https://www.levels.fyi/companies/wallapop/salaries/software-engineer/locations/spain,2026-10-06,,,,,,,,,
Wallapop,3302579,https://www.linkedin.com/company/wallapop,wallapop,resolved,62000,62000,5,L3,Barcelona,2023-11,levels.fyi,https://www.levels.fyi/companies/wallapop/salaries/software-engineer/locations/spain,2026-10-06,,,,,,,,,
Wallapop,3302579,https://www.linkedin.com/company/wallapop,wallapop,resolved,52000,52000,6,L3,Barcelona,2021-12,levels.fyi,https://www.levels.fyi/companies/wallapop/salaries/software-engineer/locations/spain,2026-10-06,,,,,,,,,
Wallapop,3302579,https://www.linkedin.com/company/wallapop,wallapop,resolved,50000,60000,6,L3,Barcelona,2024-11,levels.fyi,https://www.levels.fyi/companies/wallapop/salaries/software-engineer/locations/spain,2026-10-06,,,,,,,,,
Wallapop,3302579,https://www.linkedin.com/company/wallapop,wallapop,resolved,50000,54000,6,L2,Barcelona,2024-01,levels.fyi,https://www.levels.fyi/companies/wallapop/salaries/software-engineer/locations/spain,2026-10-06,,,,,,,,,
Wallapop,3302579,https://www.linkedin.com/company/wallapop,wallapop,resolved,50000,50000,5-10,L2,Barcelona,2024-01,levels.fyi,https://www.levels.fyi/companies/wallapop/salaries/software-engineer/locations/spain,2026-10-06,,,,,,,,,
Wallapop,3302579,https://www.linkedin.com/company/wallapop,wallapop,resolved,48000,48000,5,,Barcelona,2022-12,levels.fyi,https://www.levels.fyi/companies/wallapop/salaries/software-engineer/locations/spain,2026-10-06,,,,,,,,,
Wizeline,,https://www.linkedin.com/company/wizeline,wizeline,resolved,85000,93500,5,L5,Barcelona,2025-06,levels.fyi,https://www.levels.fyi/companies/wizeline/salaries/software-engineer/locations/spain,2026-10-06,,,,,,,,,
Wizeline,,https://www.linkedin.com/company/wizeline,wizeline,resolved,85000,85000,6,L5,Barcelona,2026-07,levels.fyi,https://www.levels.fyi/companies/wizeline/salaries/software-engineer/locations/spain,2026-10-06,,,,,,,,,
Wizeline,,https://www.linkedin.com/company/wizeline,wizeline,resolved,58000,58000,10,L3,Valencia,2025-12,levels.fyi,https://www.levels.fyi/companies/wizeline/salaries/software-engineer/locations/spain,2026-10-06,,,,,,,,,
Wizeline,,https://www.linkedin.com/company/wizeline,wizeline,resolved,58000,58000,10,L3,Valencia,2025-07,levels.fyi,https://www.levels.fyi/companies/wizeline/salaries/software-engineer/locations/spain,2026-10-06,,,,,,,,,
Workato,3675685,https://www.linkedin.com/company/workato,workato,resolved,120000,133000,29,Senior,Madrid,2025-04,levels.fyi,https://www.levels.fyi/companies/workato/salaries/software-engineer/locations/spain,2026-10-06,,,,,,,,,
Workato,3675685,https://www.linkedin.com/company/workato,workato,resolved,120000,120000,30,Senior,Madrid,2025-11,levels.fyi,https://www.levels.fyi/companies/workato/salaries/software-engineer/locations/spain,2026-10-06,,,,,,,,,
Workato,3675685,https://www.linkedin.com/company/workato,workato,resolved,120000,120000,29,Senior,Madrid,2025-02,levels.fyi,https://www.levels.fyi/companies/workato/salaries/software-engineer/locations/spain,2026-10-06,,,,,,,,,
Workato,3675685,https://www.linkedin.com/company/workato,workato,resolved,120000,120000,18,Senior,Barcelona,2025-08,levels.fyi,https://www.levels.fyi/companies/workato/salaries/software-engineer/locations/spain,2026-10-06,,,,,,,,,
Workato,3675685,https://www.linkedin.com/company/workato,workato,resolved,120000,120000,15,L4,Barcelona,2026-06,levels.fyi,https://www.levels.fyi/companies/workato/salaries/software-engineer/locations/spain,2026-10-06,,,,,,,,,
Workato,3675685,https://www.linkedin.com/company/workato,workato,resolved,120000,120000,11,Senior,Barcelona,2024-11,levels.fyi,https://www.levels.fyi/companies/workato/salaries/software-engineer/locations/spain,2026-10-06,,,,,,,,,
Workato,3675685,https://www.linkedin.com/company/workato,workato,resolved,120000,120000,10,L3,Madrid,2026-09,levels.fyi,https://www.levels.fyi/companies/workato/salaries/software-engineer/locations/spain,2026-10-06,,,,,,,,,
Workato,3675685,https://www.linkedin.com/company/workato,workato,resolved,115000,115900,18,L3,Barcelona,2026-09,levels.fyi,https://www.levels.fyi/companies/workato/salaries/software-engineer/locations/spain,2026-10-06,,,,,,,,,
Workato,3675685,https://www.linkedin.com/company/workato,workato,resolved,110000,140000,15,Senior,Barcelona,2024-10,levels.fyi,https://www.levels.fyi/companies/workato/salaries/software-engineer/locations/spain,2026-10-06,,,,,,,,,
Workato,3675685,https://www.linkedin.com/company/workato,workato,resolved,100000,100000,11,,Barcelona,2024-07,levels.fyi,https://www.levels.fyi/companies/workato/salaries/software-engineer/locations/spain,2026-10-06,,,,,,,,,
Workato,3675685,https://www.linkedin.com/company/workato,workato,resolved,90000,90000,10,Senior,Barcelona,2023-01,levels.fyi,https://www.levels.fyi/companies/workato/salaries/software-engineer/locations/spain,2026-10-06,,,,,,,,,
Workday,17719,https://www.linkedin.com/company/workday,workday,resolved,99000,199000,20,P5,Madrid,2024-07,levels.fyi,https://www.levels.fyi/companies/workday/salaries/software-engineer/locations/spain,2026-10-06,,,,,,,,,
Workday,17719,https://www.linkedin.com/company/workday,workday,resolved,91000,200000,20,P5,Madrid,2025-02,levels.fyi,https://www.levels.fyi/companies/workday/salaries/software-engineer/locations/spain,2026-10-06,,,,,,,,,
Workday,17719,https://www.linkedin.com/company/workday,workday,resolved,78000,121000,8,P4,Madrid,2021-11,levels.fyi,https://www.levels.fyi/companies/workday/salaries/software-engineer/locations/spain,2026-10-06,,,,,,,,,
Workday,17719,https://www.linkedin.com/company/workday,workday,resolved,65000,111000,6,P3,Barcelona,2023-09,levels.fyi,https://www.levels.fyi/companies/workday/salaries/software-engineer/locations/spain,2026-10-06,,,,,,,,,
Workday,17719,https://www.linkedin.com/company/workday,workday,resolved,60000,106000,5,P3,Barcelona,2023-01,levels.fyi,https://www.levels.fyi/companies/workday/salaries/software-engineer/locations/spain,2026-10-06,,,,,,,,,
Xata.io,69560619,https://www.linkedin.com/company/xataio,xata,resolved,120000,150000,5,Senior Backend Engineer,Madrid,2026-01,levels.fyi,https://www.levels.fyi/companies/xata/salaries/software-engineer/locations/spain,2026-10-06,,,,,,,,,
Xata.io,69560619,https://www.linkedin.com/company/xataio,xata,resolved,115000,115000,6,Staff,Barcelona,2023-03,levels.fyi,https://www.levels.fyi/companies/xata/salaries/software-engineer/locations/spain,2026-10-06,,,,,,,,,
XING,,https://www.linkedin.com/company/xing,xing,resolved,68000,68000,10,Senior Software Engineer,Barcelona,2026-09,levels.fyi,https://www.levels.fyi/companies/xing/salaries/software-engineer/locations/spain,2026-10-06,,,,,,,,,
XING,,https://www.linkedin.com/company/xing,xing,resolved,60000,60000,12,Senior,Valencia,2024-11,levels.fyi,https://www.levels.fyi/companies/xing/salaries/software-engineer/locations/spain,2026-10-06,,,,,,,,,
XING,,https://www.linkedin.com/company/xing,xing,resolved,55000,55000,13,L3,Valencia,2026-09,levels.fyi,https://www.levels.fyi/companies/xing/salaries/software-engineer/locations/spain,2026-10-06,,,,,,,,,
XING,,https://www.linkedin.com/company/xing,xing,resolved,47000,47000,7,Mid,Barcelona,2020-08,levels.fyi,https://www.levels.fyi/companies/xing/salaries/software-engineer/locations/spain,2026-10-06,,,,,,,,,
XING,,https://www.linkedin.com/company/xing,xing,resolved,45000,45000,10,Senior,Barcelona,2020-02,levels.fyi,https://www.levels.fyi/companies/xing/salaries/software-engineer/locations/spain,2026-10-06,,,,,,,,,
Zendesk,418095,https://www.linkedin.com/company/zendesk,zendesk,resolved,117000,159000,15,Senior Staff Software Engineer,Barcelona,2025-03,levels.fyi,https://www.levels.fyi/companies/zendesk/salaries/software-engineer/locations/spain,2026-10-06,,,,,,,,,
Zendesk,418095,https://www.linkedin.com/company/zendesk,zendesk,resolved,115000,156000,10,Senior Staff Software Engineer,Madrid,2026-04,levels.fyi,https://www.levels.fyi/companies/zendesk/salaries/software-engineer/locations/spain,2026-10-06,,,,,,,,,
Zendesk,418095,https://www.linkedin.com/company/zendesk,zendesk,resolved,100000,150000,10,Staff Software Engineer,Madrid,2025-02,levels.fyi,https://www.levels.fyi/companies/zendesk/salaries/software-engineer/locations/spain,2026-10-06,,,,,,,,,
Zendesk,418095,https://www.linkedin.com/company/zendesk,zendesk,resolved,86000,96001,7,Senior Software Engineer,Madrid,2025-03,levels.fyi,https://www.levels.fyi/companies/zendesk/salaries/software-engineer/locations/spain,2026-10-06,,,,,,,,,
Zendesk,418095,https://www.linkedin.com/company/zendesk,zendesk,resolved,85000,117250,14,L5,Madrid,2022-04,levels.fyi,https://www.levels.fyi/companies/zendesk/salaries/software-engineer/locations/spain,2026-10-06,,,,,,,,,
Zendesk,418095,https://www.linkedin.com/company/zendesk,zendesk,resolved,72000,76000,7,Senior Software Engineer,Madrid,2025-03,levels.fyi,https://www.levels.fyi/companies/zendesk/salaries/software-engineer/locations/spain,2026-10-06,,,,,,,,,
Zendesk,418095,https://www.linkedin.com/company/zendesk,zendesk,resolved,72000,75000,7,Senior Software Engineer,Madrid,2025-06,levels.fyi,https://www.levels.fyi/companies/zendesk/salaries/software-engineer/locations/spain,2026-10-06,,,,,,,,,
Zendesk,418095,https://www.linkedin.com/company/zendesk,zendesk,resolved,68000,83000,7,Senior Software Engineer,Madrid,2024-08,levels.fyi,https://www.levels.fyi/companies/zendesk/salaries/software-engineer/locations/spain,2026-10-06,,,,,,,,,
Zscaler,,https://www.linkedin.com/company/zscaler,zscaler,resolved,86000,167000,11,Staff Software Engineer II,Madrid,2026-08,levels.fyi,https://www.levels.fyi/companies/zscaler/salaries/software-engineer/locations/spain,2026-10-06,,,,,,,,,
Zscaler,,https://www.linkedin.com/company/zscaler,zscaler,resolved,85000,94000,18,Staff Software Engineer I,Valencia,2026-08,levels.fyi,https://www.levels.fyi/companies/zscaler/salaries/software-engineer/locations/spain,2026-10-06,,,,,,,,,
Zscaler,,https://www.linkedin.com/company/zscaler,zscaler,resolved,50000,68000,5,Senior,Valencia,2022-08,levels.fyi,https://www.levels.fyi/companies/zscaler/salaries/software-engineer/locations/spain,2026-10-06,,,,,,,,,
